trade_date,strategy_v1,strategy_v2,benchmark,excess_nav
2021-01-04,1.0086420153382756,1.0086420153382756,1.0,1.0086420153382756
2021-01-05,1.0166738302742877,1.0166738302742877,1.0087839880903293,1.0078211413713
2021-01-06,1.0133150705137386,1.0133150705137386,1.006996341646337,1.0062748280267544
2021-01-07,1.011180668529574,1.011180668529574,1.0085348192933028,1.0026234584921174
2021-01-08,1.0166942750656904,1.0166942750656904,1.0115397389802971,1.005095732660577
2021-01-11,1.0019092743257103,1.0019092743257103,0.9957752638410636,1.0061600350072823
2021-01-12,1.0099745108539497,1.0099745108539497,1.0093234231818238,1.0006450733800207
2021-01-13,1.004873732335834,1.004873732335834,1.0021790466722553,1.0026888265849565
2021-01-14,1.0043234889541095,1.0043234889541095,0.9933822612703461,1.0110141162272936
2021-01-15,1.0038217069862139,1.0038217069862139,0.9899293815668065,1.0140336529838314
2021-01-18,1.0171447767016184,1.0171447767016184,1.004886422101114,1.0121987463766038
2021-01-19,1.0161305786919486,1.0161305786919486,0.9990107380536961,1.0171367934158604
2021-01-20,1.0256849319702162,1.0256849319702162,1.0082278055657103,1.017314664709838
2021-01-21,1.0381195588669214,1.0381195588669214,1.021661370798234,1.0161092398509972
2021-01-22,1.037251013120591,1.037251013120591,1.0240231511753721,1.0129175418837317
2021-01-25,1.0340265878543011,1.0340265878543011,1.0251814972627278,1.0086278289407193
2021-01-26,1.024190917865306,1.024190917865306,1.0078486885921139,1.0162149630774644
2021-01-27,1.0291620414810905,1.0291620414810905,1.0115820269253268,1.0173787335953344
2021-01-28,1.0102388842735293,1.0102388842735293,0.9895552022451407,1.0209019991825223
2021-01-29,1.0013873433309348,1.0013873433309348,0.9790271137425051,1.0228392342505754
2021-02-01,1.0082564192085133,1.0082564192085133,0.9862996121738198,1.0222618023607455
2021-02-02,1.0194600718038502,1.0194600718038502,0.9957884264036079,1.0237717619251059
2021-02-03,1.0132265779646559,1.0132265779646559,0.9872334777238034,1.0263292329802094
2021-02-04,1.0014951775020724,1.0014951775020724,0.9763506628953286,1.0257535694523716
2021-02-05,0.9919844721214218,0.9919844721214218,0.9626332841353811,1.0304905185284585
2021-02-08,1.0032005795488979,1.0032005795488979,0.9754827454362026,1.0284144791308438
2021-02-09,1.019914593099343,1.019914593099343,0.9962660664429922,1.0237371596332534
2021-02-10,1.0290789658642883,1.0290789658642883,1.0066461065545826,1.0222847524702459
2021-02-18,1.0387986665993698,1.0387986665993698,1.0204346551414023,1.0179962640091078
2021-02-19,1.0524127041445759,1.0524127041445759,1.0341552129375242,1.0176544980662923
2021-02-22,1.04958829395632,1.04958829395632,1.026992993241937,1.0220014166241345
2021-02-23,1.0470789617489413,1.0470789617489413,1.0230085651621788,1.023529027426028
2021-02-24,1.034265741662712,1.034265741662712,1.0083462415729836,1.0257049602815942
2021-02-25,1.0306358376958253,1.0306358376958253,1.002633053621439,1.0279292448750241
2021-02-26,1.0119609548331228,1.0119609548331228,0.9818372870262208,1.0306809164868247
2021-03-01,1.0291873908513338,1.0291873908513338,1.0009801847834392,1.0281795848676039
2021-03-02,1.027194097125008,1.027194097125008,0.9924782110213368,1.0349789906903304
2021-03-03,1.0423500623695168,1.0423500623695168,1.006582174107938,1.0355339973045692
2021-03-04,1.0271832776152285,1.0271832776152285,0.9877328704873106,1.0399403607054756
2021-03-05,1.029015524830605,1.029015524830605,0.9879650212949429,1.0415505636847917
2021-03-08,1.0100973434978793,1.0100973434978793,0.9652948949711381,1.0464132243526272
2021-03-09,0.991812052471824,0.991812052471824,0.9423974202134969,1.0524350249676324
2021-03-10,0.9869275121585281,0.9869275121585281,0.9353390805978471,1.055154791060058
2021-03-11,1.0073655970473827,1.0073655970473827,0.9587256940363553,1.0507339099323054
2021-03-12,1.009424045532673,1.009424045532673,0.9600446017422525,1.0514345309590916
2021-03-15,1.0024051535140244,1.0024051535140244,0.9525603524460774,1.0523271842460697
2021-03-16,1.0065654170998135,1.0065654170998135,0.9558577705167689,1.0530493637726357
2021-03-17,1.0118135844272795,1.0118135844272795,0.960504182150602,1.0534192388020571
2021-03-18,1.01916770529824,1.01916770529824,0.9679866863588342,1.0528736806617947
2021-03-19,1.0108057221928253,1.0108057221928253,0.9576102446456374,1.0555502385700488
2021-03-22,1.0292110580223743,1.0292110580223743,0.9728986895552942,1.057881019957813
2021-03-23,1.0152389712306553,1.0152389712306553,0.9595487803215117,1.0580378945304727
2021-03-24,1.0058360537902995,1.0058360537902995,0.9477267429289036,1.0613144150409979
2021-03-25,1.00854796767001,1.00854796767001,0.950019991402804,1.0616070996366964
2021-03-26,1.0242159168935465,1.0242159168935465,0.9645828449792656,1.0618226544507567
2021-03-29,1.025003331426537,1.025003331426537,0.9650686287623825,1.0621040834588267
2021-03-30,1.0295178885191678,1.0295178885191678,0.9689900983980686,1.0624648179802494
2021-03-31,1.0324792574167054,1.0324792574167054,0.964956253215561,1.0699751972963902
2021-04-01,1.0370988959321645,1.0370988959321645,0.9738427280210366,1.0649552192474363
2021-04-02,1.0369351093858399,1.0369351093858399,0.9761480703602142,1.0622723548520607
2021-04-06,1.04138826054949,1.04138826054949,0.9786924085806596,1.064060834046679
2021-04-07,1.042474772393907,1.042474772393907,0.979460774860171,1.0643353967316678
2021-04-08,1.0429698061208752,1.0429698061208752,0.980895845900672,1.063282927009652
2021-04-09,1.041103347486044,1.041103347486044,0.9775761610489444,1.0649843858394978
2021-04-12,1.0308568494918884,1.0308568494918884,0.9607842349458702,1.0729327272423095
2021-04-13,1.0282507041057973,1.0282507041057973,0.9582168453312052,1.0730876931623814
2021-04-14,1.038787090902593,1.038787090902593,0.9686396874447388,1.072418469289548
2021-04-15,1.0403729537945314,1.0403729537945314,0.9685239299445403,1.0741840460814482
2021-04-16,1.0506382893779744,1.0506382893779744,0.9782790391832578,1.073965859735815
2021-04-19,1.0602898219115942,1.0602898219115942,0.9914990002404703,1.0693806263591188
2021-04-20,1.0608685540270384,1.0608685540270384,0.9920214579260108,1.0694008134107946
2021-04-21,1.0595956621006293,1.0595956621006293,0.9907980701113025,1.069436542182201
2021-04-22,1.0650608733017222,1.0650608733017222,0.9946900896969791,1.0707464408599674
2021-04-23,1.0692511060081407,1.0692511060081407,0.9973693137459251,1.0720713894758218
2021-04-26,1.066272836230051,1.066272836230051,0.9942657086593806,1.0724224188197755
2021-04-27,1.0713582658063583,1.0713582658063583,0.9948386250893104,1.0769166363139333
2021-04-28,1.0782443667635946,1.0782443667635946,1.0016102562254454,1.0765109083716293
2021-04-29,1.0792390852543574,1.0792390852543574,1.0019719358474284,1.0771150834095762
2021-04-30,1.0774322633551097,1.0774322633551097,1.0012617121103797,1.076074567042201
2021-05-06,1.0779213713175595,1.0779213713175595,1.0018237927616889,1.0759590449994159
2021-05-07,1.073743457961887,1.073743457961887,0.9949068729084645,1.0792401652859782
2021-05-10,1.080764846316149,1.080764846316149,0.9998908170171668,1.0808828603309333
2021-05-11,1.0810312882231996,1.0810312882231996,0.9969186346388645,1.0843726365038857
2021-05-12,1.0926469588798748,1.0926469588798748,1.0057710193542968,1.086377453569255
2021-05-13,1.0829354116754777,1.0829354116754777,0.9946922812027675,1.0887139994350894
2021-05-14,1.093315352905583,1.093315352905583,1.0081800253283957,1.084444568865026
2021-05-17,1.0937488458017064,1.0937488458017064,1.0162720792855409,1.0762362443044122
2021-05-18,1.0958492519005698,1.0958492519005698,1.0197215229244492,1.0746554105848376
2021-05-19,1.091123934623506,1.091123934623506,1.0175154747364294,1.0723413665095791
2021-05-20,1.0822610186604416,1.0822610186604416,1.0123123259376234,1.0690979364081439
2021-05-21,1.081372294409324,1.081372294409324,1.0093932672829722,1.0713092007440281
2021-05-24,1.0845167572621504,1.0845167572621504,1.0120531195029727,1.0716006268472993
2021-05-25,1.0945953884319997,1.0945953884319997,1.0237448164124194,1.0692072583750576
2021-05-26,1.0938225056196182,1.0938225056196182,1.0252852691201575,1.0668469923090533
2021-05-27,1.104072754533351,1.104072754533351,1.0342887189290475,1.0674705566513008
2021-05-28,1.0995827505292668,1.0995827505292668,1.0318643588866157,1.0656272222792145
2021-05-31,1.110536207954125,1.110536207954125,1.0414625184329989,1.0663237402197205
2021-06-01,1.1135811352465317,1.1135811352465317,1.0434366593140296,1.0672244695510469
2021-06-02,1.1054624280137704,1.1054624280137704,1.0346620459984621,1.0684285098589703
2021-06-03,1.10585717962969,1.10585717962969,1.0328254829808203,1.070710587463522
2021-06-04,1.109967913484944,1.109967913484944,1.0370260719926427,1.0703375194339557
2021-06-07,1.117165330480602,1.117165330480602,1.0414692688119398,1.0726819925805517
2021-06-08,1.1141030095935376,1.1141030095935376,1.0359746362154503,1.075415334166385
2021-06-09,1.116126698912386,1.116126698912386,1.037505944121256,1.0757786066061723
2021-06-10,1.1278631039058045,1.1278631039058045,1.0489750814428485,1.0752048583980154
2021-06-11,1.1221505385258768,1.1221505385258768,1.043046233088339,1.0758396923627431
2021-06-15,1.1152782757673143,1.1152782757673143,1.0334417019417932,1.079188379636465
2021-06-16,1.0966000583501567,1.0966000583501567,1.0183861653973247,1.0768018023126982
2021-06-17,1.107673932948926,1.107673932948926,1.0266806225001952,1.0788885157406538
2021-06-18,1.1180182873064308,1.1180182873064308,1.0341321615433048,1.0811174131147194
2021-06-21,1.128325612301849,1.128325612301849,1.0419104784495437,1.0829391158258614
2021-06-22,1.1305638410971544,1.1305638410971544,1.0473083060125612,1.0794947720806052
2021-06-23,1.1357272584327212,1.1357272584327212,1.0553642136520096,1.0761472141476365
2021-06-24,1.1340872898076713,1.1340872898076713,1.0500947109279408,1.0799857174840053
2021-06-25,1.1469802736273154,1.1469802736273154,1.059657089407592,1.082407021188847
2021-06-28,1.1516762498693949,1.1516762498693949,1.0622718534251665,1.0841633863835842
2021-06-29,1.148557214358995,1.148557214358995,1.0525345603168408,1.0912299297927557
2021-06-30,1.1560503939911309,1.1560503939911309,1.059380026259109,1.0912518315767996
2021-07-01,1.1450776048977755,1.1450776048977755,1.0451756326850152,1.095583908664342
2021-07-02,1.1345804369149661,1.1345804369149661,1.0360912730235265,1.095058385738573
2021-07-05,1.140501041487756,1.140501041487756,1.0447700688360082,1.0916287473265798
2021-07-06,1.1381256678476426,1.1381256678476426,1.044728998394194,1.0893979870349193
2021-07-07,1.1457264280195547,1.1457264280195547,1.0538273458148513,1.0872050650134195
2021-07-08,1.1359548554755527,1.1359548554755527,1.0518764051339886,1.0799318721583588
2021-07-09,1.1419060074365468,1.1419060074365468,1.0608978875182864,1.076358074487036
2021-07-12,1.1568129277199535,1.1568129277199535,1.0765746888981667,1.0745310470784963
2021-07-13,1.170886317964762,1.170886317964762,1.0857321393360457,1.0784301906000409
2021-07-14,1.167099593021483,1.167099593021483,1.0762577322276452,1.0844053037424526
2021-07-15,1.1749860508898609,1.1749860508898609,1.0816545587324629,1.0862858584599953
2021-07-16,1.1769583392794816,1.1769583392794816,1.0810790990735932,1.0886884597880488
2021-07-19,1.1757931560076333,1.1757931560076333,1.075604582335792,1.0931462875086224
2021-07-20,1.1719023776356612,1.1719023776356612,1.0776024510017181,1.0875090127590965
2021-07-21,1.1834581323139393,1.1834581323139393,1.090657021010967,1.085087345989807
2021-07-22,1.1922639075119899,1.1922639075119899,1.0972505449544394,1.0865922217988013
2021-07-23,1.184613645059282,1.184613645059282,1.0913922306195674,1.085415134746556
2021-07-26,1.1624290144021334,1.1624290144021334,1.0730284131701597,1.0833161546653254
2021-07-27,1.1415267728238314,1.1415267728238314,1.0497690694011466,1.0874075128494967
2021-07-28,1.1275495465589196,1.1275495465589196,1.034664115753929,1.0897735114137093
2021-07-29,1.1453702315241758,1.1453702315241758,1.0561289138940602,1.0844985081424137
2021-07-30,1.1497074925226087,1.1497074925226087,1.0575490367006337,1.0871434350784273
2021-08-02,1.1637164203903263,1.1637164203903263,1.0739596949077634,1.0835755065186796
2021-08-03,1.1698114351998865,1.1698114351998865,1.0652095939902744,1.098198365654757
2021-08-04,1.1811257829288035,1.1811257829288035,1.0832750419849222,1.090328621219396
2021-08-05,1.175527089418379,1.175527089418379,1.080241037498883,1.088208139305756
2021-08-06,1.1750399473097577,1.1750399473097577,1.0844903266393386,1.083495092990841
2021-08-09,1.188591101546923,1.188591101546923,1.090844800590289,1.0896060566120318
2021-08-10,1.1923104879752746,1.1923104879752746,1.0970915525622655,1.0867921507467855
2021-08-11,1.200799004722982,1.200799004722982,1.105577509393173,1.086128285462386
2021-08-12,1.2006344515516911,1.2006344515516911,1.1090254785004088,1.0826031275450527
2021-08-13,1.2031846578602101,1.2031846578602101,1.1081294231891834,1.0857799032151487
2021-08-16,1.2099185340008136,1.2099185340008136,1.1024394083821798,1.0974920932628474
2021-08-17,1.1836207498496167,1.1836207498496167,1.0777389601678404,1.0982443741899124
2021-08-18,1.1891754472192648,1.1891754472192648,1.0850241071047864,1.0959898857845563
2021-08-19,1.188469290524993,1.188469290524993,1.0860012346023724,1.0943535353899834
2021-08-20,1.183445473959068,1.183445473959068,1.0817755109130498,1.0939843451995006
2021-08-23,1.2041109081004808,1.2041109081004808,1.0981504151090746,1.0964899630629212
2021-08-24,1.2144007117746802,1.2144007117746802,1.1085324843926911,1.0955030446762135
2021-08-25,1.2297869248957145,1.2297869248957145,1.1182600104196634,1.099732542912088
2021-08-26,1.2305364055664403,1.2305364055664403,1.1129644937102163,1.1056385109504099
2021-08-27,1.2406665948097622,1.2406665948097622,1.1225817139458338,1.1051904546430427
2021-08-30,1.2503425252129508,1.2503425252129508,1.1298945658448467,1.106601060850348
2021-08-31,1.248864654944622,1.248864654944622,1.1343440936808662,1.1009575153621551
2021-09-01,1.2451197209528944,1.2451197209528944,1.124612847505179,1.1071540963764068
2021-09-02,1.2583689885947045,1.2583689885947045,1.1424219704894536,1.1014922866509431
2021-09-03,1.254937133547678,1.254937133547678,1.137993072569036,1.1027634207953825
2021-09-06,1.269828050340405,1.269828050340405,1.149988022473919,1.1042098052540403
2021-09-07,1.2922533577853565,1.2922533577853565,1.1724274589939505,1.1022032517851703
2021-09-08,1.3005573830165607,1.3005573830165607,1.1794810909304994,1.102652168836843
2021-09-09,1.3123456712113906,1.3123456712113906,1.1909583855236379,1.101924036274686
2021-09-10,1.3099007813676598,1.3099007813676598,1.1894299996255502,1.1012844654834968
2021-09-13,1.3177088375074384,1.3177088375074384,1.195851639170574,1.1018999300125414
2021-09-14,1.3048962799641346,1.3048962799641346,1.1814470880677976,1.1044898185819159
2021-09-15,1.316224406975018,1.316224406975018,1.187027121750971,1.1088410558247983
2021-09-16,1.3034996439492057,1.3034996439492057,1.1642989881628387,1.1195574824006447
2021-09-17,1.2981244803588137,1.2981244803588137,1.1562673764764528,1.1226853812261386
2021-09-22,1.3058502469459317,1.3058502469459317,1.1653448640086785,1.1205697877741767
2021-09-23,1.314673516874962,1.314673516874962,1.1730393355267872,1.1207412036908122
2021-09-24,1.2966432720271153,1.2966432720271153,1.1538940027631372,1.123710903187076
2021-09-27,1.268866509625897,1.268866509625897,1.1211881327093658,1.1317159650625845
2021-09-28,1.2669304592121877,1.2669304592121877,1.1256752813947544,1.125484835771123
2021-09-29,1.2315768469782609,1.2315768469782609,1.0961971882277286,1.1234993669062467
2021-09-30,1.2517273118077077,1.2517273118077077,1.1108004493831427,1.1268696483718794
2021-10-08,1.2558517372681963,1.2558517372681963,1.1088814749256026,1.1325391988827789
2021-10-11,1.2512239559001037,1.2512239559001037,1.1087456827335969,1.1285040161917281
2021-10-12,1.2276925804832484,1.2276925804832484,1.0871231367601342,1.1293040677452988
2021-10-13,1.2313208302476235,1.2313208302476235,1.0917211458772311,1.1278711921057643
2021-10-14,1.2354548912930348,1.2354548912930348,1.0959021871985326,1.1273404741085902
2021-10-15,1.235691923562859,1.235691923562859,1.0983770736244214,1.1250161290105287
2021-10-18,1.2410393617895494,1.2410393617895494,1.1052766643485403,1.1228314157171035
2021-10-19,1.251910243722738,1.251910243722738,1.113451129745584,1.1243513166211354
2021-10-20,1.2484845857672962,1.2484845857672962,1.1132035031192973,1.1215241258843769
2021-10-21,1.2462292556580725,1.2462292556580725,1.1099912967459007,1.1227378622801576
2021-10-22,1.2297945390179224,1.2297945390179224,1.0987030939299944,1.1193147136948725
2021-10-25,1.2330922789745882,1.2330922789745882,1.1108875414465151,1.110006398459512
2021-10-26,1.2299326716954533,1.2299326716954533,1.1106448254165322,1.1074041345613652
2021-10-27,1.2144240953841667,1.2144240953841667,1.1022300789959374,1.1017882006000337
2021-10-28,1.1963560127947437,1.1963560127947437,1.086854095605062,1.1007512578114
2021-10-29,1.2061490199838016,1.2061490199838016,1.0981479259913884,1.0983484022837011
2021-11-01,1.2165288176667282,1.2165288176667282,1.104130358015208,1.1017981788432738
2021-11-02,1.1970854854443482,1.1970854854443482,1.0922995681272591,1.0959314828776723
2021-11-03,1.2059450383087442,1.2059450383087442,1.0974215500450095,1.0988895181248115
2021-11-04,1.2131793736780077,1.2131793736780077,1.1061782931189312,1.096730410662264
2021-11-05,1.1986655823375694,1.1986655823375694,1.0933641529391824,1.096309568148284
2021-11-08,1.20029699497943,1.20029699497943,1.0988472868941892,1.0923237553527396
2021-11-09,1.2099975868872055,1.2099975868872055,1.1074139236048655,1.092633532138018
2021-11-10,1.2092339449094394,1.2092339449094394,1.104376699499211,1.0949469917807726
2021-11-11,1.2227287573426349,1.2227287573426349,1.1133726143159761,1.0982206151117198
2021-11-12,1.2267473170462624,1.2267473170462624,1.1191200141078859,1.0961713682014456
2021-11-15,1.222975106657121,1.222975106657121,1.1099877118753205,1.1017915726210237
2021-11-16,1.2167910429198676,1.2167910429198676,1.101813300589531,1.1043531987395843
2021-11-17,1.223575947120052,1.223575947120052,1.1109762433196948,1.1013520356330027
2021-11-18,1.2222307735235884,1.2222307735235884,1.1078719077312207,1.1032239061161502
2021-11-19,1.2362517556456785,1.2362517556456785,1.1211940443638688,1.1026206943037142
2021-11-22,1.246305716923545,1.246305716923545,1.1345168979706328,1.0985342916909167
2021-11-23,1.2513665701782117,1.2513665701782117,1.135780287529888,1.1017681711131848
2021-11-24,1.2520210613798919,1.2520210613798919,1.1349563760481074,1.1031446563077614
2021-11-25,1.248094962700884,1.248094962700884,1.1316805754234038,1.102868591902733
2021-11-26,1.2477233975419202,1.2477233975419202,1.129617042750704,1.1045543315313464
2021-11-29,1.2476039477855079,1.2476039477855079,1.129935528064152,1.1041372864192966
2021-11-30,1.252418744256827,1.252418744256827,1.1347634694274655,1.1036826422414914
2021-12-01,1.2554764866454815,1.2554764866454815,1.1379054529209358,1.1033223220986839
2021-12-02,1.2472096353930104,1.2472096353930104,1.1312013255742117,1.1025531947285436
2021-12-03,1.2585507503167457,1.2585507503167457,1.142455357133194,1.1016191945345455
2021-12-06,1.2473584646798586,1.2473584646798586,1.1328391109001488,1.1010905720660662
2021-12-07,1.2445477478887386,1.2445477478887386,1.1275773596132208,1.1037360206626006
2021-12-08,1.25680982632013,1.25680982632013,1.1426461128314878,1.0999116981247532
2021-12-09,1.2640158621196664,1.2640158621196664,1.1453571813534345,1.1035997177980903
2021-12-10,1.26232125554042,1.26232125554042,1.1432180687866584,1.1041823865504246
2021-12-13,1.2666387133149506,1.2666387133149506,1.150475524289351,1.1009697178019964
2021-12-14,1.2607052079790648,1.2607052079790648,1.1459541367079704,1.1001358323124035
2021-12-15,1.2630603878221378,1.2630603878221378,1.144409152182707,1.1036790342100375
2021-12-16,1.2786928844396561,1.2786928844396561,1.1548512849583048,1.1072359715007136
2021-12-17,1.2724897713415197,1.2724897713415197,1.1444563236684138,1.1118727250881104
2021-12-20,1.2622793359478066,1.2622793359478066,1.1259018857988474,1.1211272952546811
2021-12-21,1.2785669216422202,1.2785669216422202,1.138339776901464,1.1231856670443787
2021-12-22,1.2844792614998048,1.2844792614998048,1.1426095336237592,1.1241629127897341
2021-12-23,1.283057533133142,1.283057533133142,1.148043236948203,1.1176038426425838
2021-12-24,1.2743608640020732,1.2743608640020732,1.1389000583535758,1.1189400287188702
2021-12-27,1.270567495053663,1.270567495053663,1.137960254093462,1.116530643740137
2021-12-28,1.2710010273910632,1.2710010273910632,1.1400434291513772,1.1148707100896742
2021-12-29,1.2667906185820603,1.2667906185820603,1.1340569793669457,1.1170431835702024
2021-12-30,1.2775011432439682,1.2775011432439682,1.143943660119854,1.116751801491798
2021-12-31,1.290081210931196,1.290081210931196,1.1515234293072176,1.1203256295943
2022-01-04,1.2889520929994804,1.2889520929994804,1.1507494895685402,1.1200979054813727
2022-01-05,1.2666416199794097,1.2666416199794097,1.1301296927714504,1.1207931515127145
2022-01-06,1.2685858572194384,1.2685858572194384,1.1312696275046203,1.1213824064363094
2022-01-07,1.2624793721013003,1.2624793721013003,1.1227758110140642,1.1244269423305968
2022-01-10,1.266320698486292,1.266320698486292,1.125244136450401,1.125374181002995
2022-01-11,1.2589822665109087,1.2589822665109087,1.1164461741287166,1.1276694709383803
2022-01-12,1.2665304862826783,1.2665304862826783,1.1261018404103278,1.1247033268511322
2022-01-13,1.2526125740871374,1.2526125740871374,1.1105842208120107,1.1278861617278173
2022-01-14,1.2500177096903777,1.2500177096903777,1.1079839180270776,1.1281912032768593
2022-01-17,1.2635840869131054,1.2635840869131054,1.1199880397895199,1.1282121255067792
2022-01-18,1.2669005388158443,1.2669005388158443,1.120817227118569,1.1303364261029702
2022-01-19,1.261622468136415,1.261622468136415,1.1138705054921836,1.132647342680956
2022-01-20,1.252134970954925,1.252134970954925,1.104173038266829,1.1340024865308658
2022-01-21,1.2396985619750716,1.2396985619750716,1.0916288726612842,1.1356410525793514
2022-01-24,1.2399675146385334,1.2399675146385334,1.0920404158038624,1.13545936276157
2022-01-25,1.200416019529411,1.200416019529411,1.0552248095337966,1.137592680425852
2022-01-26,1.2051447604983372,1.2051447604983372,1.061267629717121,1.1355710159741388
2022-01-27,1.1758516751366992,1.1758516751366992,1.0336256260942644,1.1375991901244369
2022-01-28,1.1717783077657664,1.1717783077657664,1.0296535083247997,1.1380316759879714
2022-02-07,1.1921971359925323,1.1921971359925323,1.044687454478907,1.1411998209428134
2022-02-08,1.20194792434238,1.20194792434238,1.0549487339157,1.1393424966548438
2022-02-09,1.218935700459728,1.218935700459728,1.0707263310340376,1.138419468289866
2022-02-10,1.218344279101175,1.218344279101175,1.0703285862612388,1.1382899557573896
2022-02-11,1.2019749070333465,1.2019749070333465,1.0553917427525008,1.1388898153576144
2022-02-14,1.1953305449394753,1.1953305449394753,1.047673462282616,1.140938076578891
2022-02-15,1.203992147845619,1.203992147845619,1.0577785631124446,1.1382270257991904
2022-02-16,1.2070621969980997,1.2070621969980997,1.0596180210821775,1.1391484223393435
2022-02-17,1.2048487416532423,1.2048487416532423,1.0591102951855484,1.1376045980576193
2022-02-18,1.2168731565204707,1.2168731565204707,1.0694737501977765,1.1378242395341034
2022-02-21,1.2231268532220885,1.2231268532220885,1.0744950445995776,1.1383271233958088
2022-02-22,1.2083899915259693,1.2083899915259693,1.0616096534260757,1.1382620604722247
2022-02-23,1.2257884950458648,1.2257884950458648,1.0776730526604228,1.1374400538454528
2022-02-24,1.2065388873663259,1.2065388873663259,1.058497999290493,1.1398593933810588
2022-02-25,1.2149820442085961,1.2149820442085961,1.0670342795876548,1.138653244278257
2022-02-28,1.2222880154820603,1.2222880154820603,1.0723350045053028,1.1398378401775058
2022-03-01,1.2248170693311673,1.2248170693311673,1.0755796641033082,1.1387506757598245
2022-03-02,1.2262963949544459,1.2262963949544459,1.075766753764141,1.1399277684159665
2022-03-03,1.2300308069217178,1.2300308069217178,1.0733120237803808,1.146014187551303
2022-03-04,1.2221571390921873,1.2221571390921873,1.0645937538080796,1.1480032967697766
2022-03-07,1.199508684401311,1.199508684401311,1.04199272755568,1.1511680001981721
2022-03-08,1.1545630819978372,1.1545630819978372,1.006082727233177,1.1475826497618098
2022-03-09,1.1286675222268419,1.1286675222268419,0.9866367523420976,1.1439544691068815
2022-03-10,1.1494053669072637,1.1494053669072637,1.003743714166175,1.1451183710396553
2022-03-11,1.1605258520420039,1.1605258520420039,1.0130046523773997,1.145627366388091
2022-03-14,1.1341542906177262,1.1341542906177262,0.989448278407164,1.1462491929780434
2022-03-15,1.068279205592617,1.068279205592617,0.9333387904533031,1.1445781708845253
2022-03-16,1.1018337001606917,1.1018337001606917,0.9632699030391262,1.1438473232521802
2022-03-17,1.1237563990624857,1.1237563990624857,0.9806776152131411,1.145897878803166
2022-03-18,1.1395153686449537,1.1395153686449537,0.9907999775330074,1.150096280262574
2022-03-21,1.1451317274387653,1.1451317274387653,0.9949818575787465,1.1509071433979745
2022-03-22,1.1466370933151022,1.1466370933151022,0.9948513953452632,1.1525712268988293
2022-03-23,1.1553970355252046,1.1553970355252046,1.0011088748733525,1.154117263890374
2022-03-24,1.1489285393047022,1.1489285393047022,0.9926617158115897,1.157422031094803
2022-03-25,1.1411137611783642,1.1411137611783642,0.9807892061467784,1.1634648444607705
2022-03-28,1.14648337773409,1.14648337773409,0.9831430998086408,1.1661408984686377
2022-03-29,1.1428104075830547,1.1428104075830547,0.9784158189056494,1.1680211884363025
2022-03-30,1.1653137910823599,1.1653137910823599,0.9979440429028653,1.1677145621237859
2022-03-31,1.1618637429037528,1.1618637429037528,0.9896646963676848,1.1739973621046413
2022-04-01,1.1724101851264974,1.1724101851264974,0.9958545774116685,1.1772905519736783
2022-04-06,1.174666722218325,1.174666722218325,0.9946664295511516,1.1809654848293205
2022-04-07,1.1482866679190724,1.1482866679190724,0.9734903961181887,1.179556236505144
2022-04-08,1.1498811878051383,1.1498811878051383,0.9738856247176747,1.1807148176547775
2022-04-11,1.115983047495302,1.115983047495302,0.9434955810585504,1.1828174608334998
2022-04-12,1.135743098314848,1.135743098314848,0.9586751676528986,1.1847006542325076
2022-04-13,1.1220504332010621,1.1220504332010621,0.9458501105276477,1.1862877856779233
2022-04-14,1.135409037062943,1.135409037062943,0.9587204587725275,1.1842962426363928
2022-04-15,1.1255183682531222,1.1255183682531222,0.9499976299270734,1.1847591328617553
2022-04-18,1.1230498591933242,1.1230498591933242,0.950536564489468,1.1814904351380875
2022-04-19,1.1283161572144962,1.1283161572144962,0.9534143768407296,1.1834478109647641
2022-04-20,1.1068703420109438,1.1068703420109438,0.9322444850350997,1.187317661599542
2022-04-21,1.0678243743449811,1.0678243743449811,0.9014310072853228,1.184588022505189
2022-04-22,1.0662426250105244,1.0662426250105244,0.8985235554946623,1.186660737484537
2022-04-25,1.000565135397733,1.000565135397733,0.8404163882642646,1.1905588103347533
2022-04-26,0.9786330741489164,0.9786330741489164,0.8192248654848334,1.194584192179936
2022-04-27,1.012771278783865,1.012771278783865,0.8510329216116235,1.1900494717242587
2022-04-28,1.0150994013680117,1.0150994013680117,0.8482161602827291,1.1967461230986884
2022-04-29,1.0517659689593781,1.0517659689593781,0.8811916937709937,1.1935722685474084
2022-05-05,1.0681252022625671,1.0681252022625671,0.8904016050696617,1.199599367500018
2022-05-06,1.0483715643618747,1.0483715643618747,0.8711596566619286,1.203420700608404
2022-05-09,1.0569820894129662,1.0569820894129662,0.8783499871539884,1.203372351421986
2022-05-10,1.0725678853077816,1.0725678853077816,0.8913295995485822,1.20333475501205
2022-05-11,1.077663284973103,1.077663284973103,0.8989646704375716,1.1987826890333184
2022-05-12,1.0787120521867892,1.0787120521867892,0.8998794617705071,1.1987294943529772
2022-05-13,1.0906940886123817,1.0906940886123817,0.9086020471153182,1.2004090152285918
2022-05-16,1.0937932701259145,1.0937932701259145,0.9077643237359448,1.2049308851711193
2022-05-17,1.0932602231183637,1.0932602231183637,0.9118892381589966,1.1988958498134434
2022-05-18,1.0894988924960547,1.0894988924960547,0.9090572715677178,1.198493127520069
2022-05-19,1.0957802593238932,1.0957802593238932,0.9157718694420978,1.1965646640701677
2022-05-20,1.1102799458055532,1.1102799458055532,0.9303683666907571,1.193376715670941
2022-05-23,1.1156746504910182,1.1156746504910182,0.9362134508240171,1.1916883372152436
2022-05-24,1.078740745232413,1.078740745232413,0.9017721381585855,1.1962453701832
2022-05-25,1.101212146525154,1.101212146525154,0.9174994388662958,1.2002319564204444
2022-05-26,1.1121321672883873,1.1121321672883873,0.9281593018003249,1.1982125968367878
2022-05-27,1.1099213333696218,1.1099213333696218,0.9269783101531546,1.197354157279302
2022-05-30,1.1182447980002537,1.1182447980002537,0.9340380837170366,1.1972154213992647
2022-05-31,1.1322032455541071,1.1322032455541071,0.9473554315037022,1.1951198123781301
2022-06-01,1.132672385792186,1.132672385792186,0.9470917338349667,1.1959479164766498
2022-06-02,1.1369968605750551,1.1369968605750551,0.9565495964274454,1.1886439185396662
2022-06-06,1.151921841337225,1.151921841337225,0.973724833126304,1.1830055084851745
2022-06-07,1.1554278951104133,1.1554278951104133,0.9737582738812988,1.1865654198808482
2022-06-08,1.1575719412351095,1.1575719412351095,0.9791793151722982,1.182185860443162
2022-06-09,1.1452729898708156,1.1452729898708156,0.9657522703458861,1.1858869246671653
2022-06-10,1.1649203909444976,1.1649203909444976,0.9835567397623136,1.1843957179593039
2022-06-13,1.1590784529816311,1.1590784529816311,0.9826798263072041,1.179507731767846
2022-06-14,1.1655536640748354,1.1655536640748354,0.9895081525097562,1.1779121385898268
2022-06-15,1.164016139432339,1.164016139432339,0.9877836674270385,1.1784120124848265
2022-06-16,1.16451498665528,1.16451498665528,0.9886485411281251,1.1778857078234066
2022-06-17,1.1683426087514546,1.1683426087514546,0.9970641262731572,1.1717828151319665
2022-06-20,1.1743970196194713,1.1743970196194713,0.9995821528963273,1.1748879431436539
2022-06-21,1.167048864196457,1.167048864196457,0.9915852400515925,1.1769526381168551
2022-06-22,1.1527553748246564,1.1527553748246564,0.9762384902657107,1.1808132810978407
2022-06-23,1.1744403436252593,1.1744403436252593,0.9957822441928351,1.1794148273624234
2022-06-24,1.1849682227822458,1.1849682227822458,1.0068063435056005,1.1769574461125296
2022-06-27,1.1914890385372507,1.1914890385372507,1.013405819687017,1.1757274483634141
2022-06-28,1.206726796276019,1.206726796276019,1.0283579225693935,1.1734501867413671
2022-06-29,1.188841445146058,1.188841445146058,1.0090798413717772,1.1781440837524877
2022-06-30,1.2029090624913188,1.2029090624913188,1.0218914112669597,1.1771398107749336
2022-07-01,1.2009059279824488,1.2009059279824488,1.019436884200402,1.1780091014897724
2022-07-04,1.2199076379068496,1.2199076379068496,1.03285616406186,1.1811011836434049
2022-07-05,1.2181992190130317,1.2181992190130317,1.0310893775062988,1.1814681109015595
2022-07-06,1.2009457630090763,1.2009457630090763,1.0166725431488561,1.1812512997444446
2022-07-07,1.206114875304752,1.206114875304752,1.0226364285403544,1.179417084746612
2022-07-08,1.200278822060122,1.200278822060122,1.0153572067857255,1.1821246887681973
2022-07-11,1.191895283207647,1.191895283207647,1.0019542685229867,1.1895705429397077
2022-07-12,1.1798411359373555,1.1798411359373555,0.9896916167165692,1.1921300696186878
2022-07-13,1.1841106544235713,1.1841106544235713,0.9944937740673343,1.1906667344740949
2022-07-14,1.1888415826729595,1.1888415826729595,0.9999640430716936,1.1888843313016246
2022-07-15,1.1701777166591074,1.1701777166591074,0.9838597086736673,1.1893745686939592
2022-07-18,1.190310252456943,1.190310252456943,1.002364526523282,1.1875023716028281
2022-07-19,1.199649454550191,1.199649454550191,1.0062298151494644,1.192222131056608
2022-07-20,1.215186588168599,1.215186588168599,1.0182646044651322,1.1933897955796124
2022-07-21,1.2072028646759378,1.2072028646759378,1.0085244705159693,1.1969990812997557
2022-07-22,1.1965159781515302,1.1965159781515302,0.9993815489497991,1.1972564226434739
2022-07-25,1.1889406862122662,1.1889406862122662,0.9901623440432504,1.2007532839082933
2022-07-26,1.2032071158147346,1.2032071158147346,1.0023534742996445,1.2003820475161506
2022-07-27,1.2079916633651067,1.2079916633651067,1.0062557073845206,1.2004818005007316
2022-07-28,1.2141101106432313,1.2141101106432313,1.00934275442733,1.2028719731901976
2022-07-29,1.206206391105396,1.206206391105396,1.0007778222211556,1.2052689061677109
2022-08-01,1.2158628551627217,1.2158628551627217,1.0093393454183257,1.2046125623477022
2022-08-02,1.1814282373646234,1.1814282373646234,0.9812634371771601,1.2039868119037282
2022-08-03,1.1725483882650352,1.1725483882650352,0.9740326585227078,1.2038080838515326
2022-08-04,1.1803008806355326,1.1803008806355326,0.9795497472896229,1.2049422542360717
2022-08-05,1.2019405225604334,1.2019405225604334,0.9974073539575146,1.2050648291205912
2022-08-08,1.2092842498254566,1.2092842498254566,1.0058639419052933,1.202234417047347
2022-08-09,1.2139452828775716,1.2139452828775716,1.0087919289168605,1.2033653799956392
2022-08-10,1.2101785006550025,1.2101785006550025,1.005701865171639,1.2033173473815388
2022-08-11,1.2282515788630064,1.2282515788630064,1.0243813541492846,1.199017898840056
2022-08-12,1.225924621467813,1.225924621467813,1.0214996728433592,1.2001223828642391
2022-08-15,1.2295080970573562,1.2295080970573562,1.0249927301530215,1.1995286023870653
2022-08-16,1.2308897325460617,1.2308897325460617,1.0286085929537205,1.196655113498009
2022-08-17,1.2352272241782152,1.2352272241782152,1.033118793033329,1.1956294208447005
2022-08-18,1.227577594214045,1.227577594214045,1.02934194925187,1.1925848306350026
2022-08-19,1.2174385224532875,1.2174385224532875,1.0170906472809866,1.1969813366270703
2022-08-22,1.2342076898300378,1.2342076898300378,1.0299772830133316,1.1982863216353703
2022-08-23,1.232508888955689,1.232508888955689,1.0289872635094712,1.1977882843292786
2022-08-24,1.2017186468064593,1.2017186468064593,1.0000533672242953,1.2016545178402804
2022-08-25,1.2108426418783733,1.2108426418783733,1.0061788964594154,1.2034069151511102
2022-08-26,1.2094141662265343,1.2094141662265343,1.0023458987240796,1.206583643197462
2022-08-29,1.2114302002209263,1.2114302002209263,1.0042600978634513,1.2062912813107147
2022-08-30,1.2088790942311507,1.2088790942311507,1.0003651021588027,1.2084378909483864
2022-08-31,1.1868726068346083,1.1868726068346083,0.9796593090512344,1.211515672712846
2022-09-01,1.1820591086870629,1.1820591086870629,0.9750477450650011,1.2123089506845242
2022-09-02,1.189124396624834,1.189124396624834,0.978653800200906,1.2150613387295086
2022-09-05,1.194023997174015,1.194023997174015,0.9839404832481314,1.2135124202150593
2022-09-06,1.211486513615815,1.211486513615815,1.0012752805073315,1.2099434962600621
2022-09-07,1.2101259792068197,1.2101259792068197,1.0028657320137997,1.2066679921117975
2022-09-08,1.2059683523944875,1.2059683523944875,0.9982522200224212,1.2080798100978938
2022-09-09,1.2131546600948,1.2131546600948,1.005317837601739,1.2067374264330883
2022-09-13,1.212607962633276,1.212607962633276,1.0027448204166542,1.2092886823682827
2022-09-14,1.2056199317266416,1.2056199317266416,0.9947139933434517,1.2120267129994713
2022-09-15,1.1798845261597963,1.1798845261597963,0.9720874671625872,1.2137637465934472
2022-09-16,1.154044920937774,1.154044920937774,0.9476901231377358,1.2177450125963243
2022-09-19,1.1456916946890985,1.1456916946890985,0.9411083683920164,1.217385513898505
2022-09-20,1.153664111372326,1.153664111372326,0.9482930848414698,1.2165691491520145
2022-09-21,1.1555377497712844,1.1555377497712844,0.9515221468704991,1.214409726112819
2022-09-22,1.1529666613887206,1.1529666613887206,0.9495015785335044,1.2142861975748014
2022-09-23,1.1405183721265095,1.1405183721265095,0.93736067704867,1.2167337504678482
2022-09-26,1.126893244575127,1.126893244575127,0.9241056248432143,1.2194420359321132
2022-09-27,1.148664306833171,1.148664306833171,0.9423443641289154,1.2189432553087678
2022-09-28,1.1239252506332853,1.1239252506332853,0.9184010946923153,1.2237847462603746
2022-09-29,1.1244608172046113,1.1244608172046113,0.9188006116086836,1.223835512294498
2022-09-30,1.111453202503624,1.111453202503624,0.9095967472426545,1.2219186203918118
2022-10-10,1.0984289236242664,1.0984289236242664,0.8971242519930814,1.2243888415500526
2022-10-11,1.1081455910042726,1.1081455910042726,0.9048917872319534,1.2246166963168807
2022-10-12,1.135660392716496,1.135660392716496,0.9265326498649076,1.2257100630852893
2022-10-13,1.1427993233194458,1.1427993233194458,0.9281056910753892,1.2313245509735995
2022-10-14,1.168107484836281,1.168107484836281,0.9508857038283296,1.2284415257621415
2022-10-17,1.1766630774831766,1.1766630774831766,0.957596540970554,1.2287670507775559
2022-10-18,1.1806296196297525,1.1806296196297525,0.9607925816068072,1.228808009378356
2022-10-19,1.1715613058915209,1.1715613058915209,0.9507716778882602,1.2322215029518464
2022-10-20,1.1657567264598432,1.1657567264598432,0.9469734195780162,1.2310342638543326
2022-10-21,1.1646146951481184,1.1646146951481184,0.9482499311163752,1.2281727179004556
2022-10-24,1.150450894039629,1.150450894039629,0.9387022844256355,1.2255758967749357
2022-10-25,1.1495405493716544,1.1495405493716544,0.9343848421607202,1.2302645521446998
2022-10-26,1.1725103866820494,1.1725103866820494,0.9505931107499381,1.233451382534255
2022-10-27,1.1713901211334523,1.1713901211334523,0.9492245694962756,1.2340495166018228
2022-10-28,1.1354141536957685,1.1354141536957685,0.9204322553072876,1.2335662371118328
2022-10-31,1.1367696069866906,1.1367696069866906,0.9244613251716265,1.2296562073872035
2022-11-01,1.1557290427043643,1.1557290427043643,0.9457996111998194,1.2219597354647178
2022-11-02,1.1675279543988517,1.1675279543988517,0.9548193755518014,1.22277363058759
2022-11-03,1.169094496355528,1.169094496355528,0.9546466389011017,1.2246358481932942
2022-11-04,1.1908313874097012,1.1908313874097012,0.976415596400175,1.2195948034833006
2022-11-07,1.1917350874707275,1.1917350874707275,0.9776805416579836,1.2189411946869098
2022-11-08,1.1883962555073697,1.1883962555073697,0.9765419191227243,1.2169434125008833
2022-11-09,1.1858644275154648,1.1858644275154648,0.9744042946154343,1.21701477925391
2022-11-10,1.1776262562910054,1.1776262562910054,0.9694479878297314,1.2147389762779488
2022-11-11,1.1878626777520886,1.1878626777520886,0.9772486932673279,1.2155172843266693
2022-11-14,1.1875206286145095,1.1875206286145095,0.9757986875207127,1.2169729717834885
2022-11-15,1.2010661419176807,1.2010661419176807,0.9928121856812546,1.209761684274176
2022-11-16,1.1964476729665556,1.1964476729665556,0.9876436410294054,1.211416368478328
2022-11-17,1.199141179822388,1.199141179822388,0.9897590258112862,1.2115486179471568
2022-11-18,1.196284653334299,1.196284653334299,0.9857524797564401,1.213575088981645
2022-11-21,1.1970666728782873,1.1970666728782873,0.9854438426912269,1.2147487467262699
2022-11-22,1.1881611024387326,1.1881611024387326,0.9752053576201971,1.2183701547110175
2022-11-23,1.1892837281893858,1.1892837281893858,0.9736459389179192,1.2214745429032652
2022-11-24,1.1915885999942033,1.1915885999942033,0.9743561626549679,1.2229497237922846
2022-11-25,1.189478071516948,1.189478071516948,0.9692286072780516,1.2272420176055652
2022-11-28,1.1819853916697005,1.1819853916697005,0.9640424899964538,1.2260718836926456
2022-11-29,1.198230040484639,1.198230040484639,0.981361987298575,1.2209868081227024
2022-11-30,1.1946505596357635,1.1946505596357635,0.9801400604877256,1.218856985644782
2022-12-01,1.1983973273039048,1.1983973273039048,0.9849093858351037,1.2167589674128092
2022-12-02,1.1943796576303187,1.1943796576303187,0.9820293008111726,1.2162362738502215
2022-12-05,1.201176877422663,1.201176877422663,0.9895301216788963,1.2138861173671742
2022-12-06,1.197945299599889,1.197945299599889,0.9889134968835179,1.2113752146928098
2022-12-07,1.1965449737702767,1.1965449737702767,0.9877597773083823,1.211372442225607
2022-12-08,1.1912584976815164,1.1912584976815164,0.9849382541891325,1.2094753073249658
2022-12-09,1.1899177637334404,1.1899177637334404,0.9858963074696706,1.2069400754602646
2022-12-12,1.1871917444249498,1.1871917444249498,0.9799271462309039,1.2115102117450753
2022-12-13,1.1830382911694846,1.1830382911694846,0.9746495809299837,1.213808854296805
2022-12-14,1.1747210146597264,1.1747210146597264,0.9706253404950678,1.2102723529354382
2022-12-15,1.1734703817244876,1.1734703817244876,0.9714999001106267,1.2078955248383063
2022-12-16,1.1693346495147547,1.1693346495147547,0.9668801788528475,1.2093894104873562
2022-12-19,1.14248851680469,1.14248851680469,0.9451654543581328,1.208770921045311
2022-12-20,1.1328171959280127,1.1328171959280127,0.9358604425304948,1.2104552606849819
2022-12-21,1.1250917017603888,1.1250917017603888,0.9307343481574375,1.208821511731804
2022-12-22,1.114535730138818,1.114535730138818,0.9201021631298485,1.2113173675709858
2022-12-23,1.1137310125561315,1.1137310125561315,0.9176296575991372,1.2137042469508548
2022-12-26,1.1279712096055088,1.1279712096055088,0.9303527420661554,1.2124124094055728
2022-12-27,1.1375268444038402,1.1375268444038402,0.9371046631780074,1.2138738489958423
2022-12-28,1.136004419103185,1.136004419103185,0.933352615878711,1.2171224463046972
2022-12-29,1.1369545037320976,1.1369545037320976,0.9326936490270487,1.2190010138035423
2022-12-30,1.1408836294222693,1.1408836294222693,0.9338185949428504,1.2217401062698814
2023-01-03,1.1594561984524336,1.1594561984524336,0.9338185949428504,1.2416289467049992
2023-01-04,1.1587506693393033,1.1587506693393033,0.9332787427633611,1.241591194832466
2023-01-05,1.1691435664205432,1.1691435664205432,0.9423741244374315,1.2406363206528894
2023-01-06,1.1691904874023402,1.1691904874023402,0.942742746145719,1.24020099033636
2023-01-09,1.1738347199962793,1.1738347199962793,0.9470080432367635,1.239519271646573
2023-01-10,1.1744042794701153,1.1744042794701153,0.9483058649793221,1.238423511696538
2023-01-11,1.1690431729646307,1.1690431729646307,0.9429530579240001,1.239768155096065
2023-01-12,1.167708303363178,1.167708303363178,0.9431303224211413,1.238119775817954
2023-01-13,1.1758110385409004,1.1758110385409004,0.94977864683384,1.2379842845072973
2023-01-16,1.183362560700227,1.183362560700227,0.9605166555384913,1.2320062894034902
2023-01-17,1.1828015490420225,1.1828015490420225,0.961529812450241,1.2301246760388225
2023-01-18,1.1859988801325734,1.1859988801325734,0.9644800382102237,1.2296769587200789
2023-01-19,1.193112958168704,1.193112958168704,0.9727695377576373,1.2265114313910237
2023-01-20,1.202334193271687,1.202334193271687,0.9801554918711323,1.2266769948678367
2023-01-30,1.2094803231281661,1.2094803231281661,0.9851560343569171,1.2277043239324843
2023-01-31,1.2136057056155969,1.2136057056155969,0.9860689838136028,1.2307513222066881
2023-02-01,1.223934108955264,1.223934108955264,0.9981033357246554,1.2262599123232547
2023-02-02,1.2270178717056464,1.2270178717056464,0.9987674781823852,1.228532064278509
2023-02-03,1.2232726645717296,1.2232726645717296,0.994619638134908,1.2298899173814701
2023-02-06,1.2189927870527866,1.2189927870527866,0.9881362304444142,1.2336282685480975
2023-02-07,1.223330666077492,1.223330666077492,0.9904728237386389,1.2350976591764609
2023-02-08,1.2141138108511873,1.2141138108511873,0.9827961441281041,1.2353668846842074
2023-02-09,1.2286342822523293,1.2286342822523293,0.9963248698496313,1.2331663290084878
2023-02-10,1.2271955930482765,1.2271955930482765,0.9931404759306656,1.2356717129047423
2023-02-13,1.2340809795118863,1.2340809795118863,1.0009134202331784,1.2329547736750177
2023-02-14,1.239168515919199,1.239168515919199,1.0030123022097004,1.2354469762626354
2023-02-15,1.2386358912996218,1.2386358912996218,1.0009949528441644,1.2374047319421935
2023-02-16,1.2195306953600031,1.2195306953600031,0.986120506136637,1.2366954015973224
2023-02-17,1.2124020165542109,1.2124020165542109,0.9779559761948877,1.2397306689320773
2023-02-20,1.228417188620616,1.228417188620616,0.9949930684157433,1.234598740046036
2023-02-21,1.2350460239858347,1.2350460239858347,1.0008502161424857,1.2339968599357407
2023-02-22,1.2350626505541993,1.2350626505541993,0.9995400333048453,1.2356309996615442
2023-02-23,1.2324690201159387,1.2324690201159387,0.997227682675544,1.2358953141064501
2023-02-24,1.2313522842656897,1.2313522842656897,0.9941739593845432,1.2385682330967258
2023-02-27,1.228309965064731,1.228309965064731,0.9888999143499302,1.242097352058303
2023-02-28,1.2392636885200805,1.2392636885200805,0.9967910349838703,1.2432532446884754
2023-03-01,1.2432852092674953,1.2432852092674953,1.0037847241307052,1.2385974595740155
2023-03-02,1.2412712943146949,1.2412712943146949,1.0006632412592296,1.2404485776380527
2023-03-03,1.2422643573688612,1.2422643573688612,1.0019309594728179,1.2398702182259131
2023-03-06,1.2501500072055294,1.2501500072055294,1.0026994519508816,1.24678437269832
2023-03-07,1.228079248108809,1.228079248108809,0.9853083369012747,1.2463908018590726
2023-03-08,1.2313795812465698,1.2313795812465698,0.9880077842807583,1.2463257889642836
2023-03-09,1.2303871238475874,1.2303871238475874,0.9855675868943512,1.248404614973889
2023-03-10,1.2139820456599557,1.2139820456599557,0.9728593421790173,1.2478495020059839
2023-03-13,1.2255270180663858,1.2255270180663858,0.9791471968125125,1.251626948487348
2023-03-14,1.2134975574792817,1.2134975574792817,0.9704288018981426,1.2504756197525264
2023-03-15,1.2224922341482152,1.2224922341482152,0.9759545310831529,1.2526118740300791
2023-03-16,1.2075494820728487,1.2075494820728487,0.9628143273673833,1.254187279674829
2023-03-17,1.2145056897249653,1.2145056897249653,0.9694547396136179,1.252771934674345
2023-03-20,1.2075444425996122,1.2075444425996122,0.9658752168966962,1.2502075024550128
2023-03-21,1.2231455251229881,1.2231455251229881,0.9775285860043802,1.2512631780136068
2023-03-22,1.2248684207935465,1.2248684207935465,0.9830254504339571,1.2460190326230391
2023-03-23,1.230088823191825,1.230088823191825,0.9886730056702789,1.2441816618204078
2023-03-24,1.227529467872896,1.227529467872896,0.9893533720653034,1.2407391560311694
2023-03-27,1.2256536128433295,1.2256536128433295,0.9895888589186971,1.2385483140771971
2023-03-28,1.2212174728108762,1.2212174728108762,0.9846220830019121,1.2402905580663324
2023-03-29,1.216507586854837,1.216507586854837,0.9816082002662883,1.2393005544623872
2023-03-30,1.221648480326359,1.221648480326359,0.9856938885145723,1.2393791770053146
2023-03-31,1.2297178597117555,1.2297178597117555,0.9941049743506774,1.237010065777987
2023-04-03,1.2408579342098165,1.2408579342098165,1.0057067012540166,1.233816909703982
2023-04-04,1.2400879498918578,1.2400879498918578,1.0049371298441623,1.2339955536165341
2023-04-06,1.2414029645277027,1.2414029645277027,1.006183122900339,1.2337743858685868
2023-04-07,1.2481231231274874,1.2481231231274874,1.0136502233405986,1.2313153930101814
2023-04-10,1.2433200942179206,1.2433200942179206,1.0051915313042543,1.2368986959178716
2023-04-11,1.2429337994332816,1.2429337994332816,1.0068258732042954,1.2345072097497414
2023-04-12,1.2462698783033876,1.2462698783033876,1.0103637171857534,1.2334863743669682
2023-04-13,1.244319270854486,1.244319270854486,1.004280819632023,1.2390152699624544
2023-04-14,1.2499906188158365,1.2499906188158365,1.0084239976285532,1.2395486638114128
2023-04-17,1.2533640778216613,1.2533640778216613,1.012841317540899,1.2374732903518717
2023-04-18,1.2517366830005883,1.2517366830005883,1.0113694680965704,1.2376650892540753
2023-04-19,1.2476933938256212,1.2476933938256212,1.0062800669197403,1.2399066967955112
2023-04-20,1.2483475837696707,1.2483475837696707,1.0054625563060076,1.2415654625230443
2023-04-21,1.2227529566540927,1.2227529566540927,0.9802078267230462,1.2474425558729767
2023-04-24,1.2130654518076989,1.2130654518076989,0.9736734161951952,1.2458648163035726
2023-04-25,1.198143895779891,1.198143895779891,0.9595264492375456,1.2486825107655497
2023-04-26,1.2008365549057762,1.2008365549057762,0.9632906690928325,1.2465983461011305
2023-04-27,1.2081740876917464,1.2081740876917464,0.9658098815827144,1.2509440115810984
2023-04-28,1.2170755454907183,1.2170755454907183,0.9789824532522003,1.2432046574967381
2023-05-04,1.22251900816242,1.22251900816242,0.9822991961374715,1.2445485173657111
2023-05-05,1.2146619853933596,1.2146619853933596,0.9729676616027296,1.2484094110512336
2023-05-08,1.2236217014772544,1.2236217014772544,0.9806888971001698,1.2477164828677272
2023-05-09,1.2095217772622704,1.2095217772622704,0.9703454044667787,1.246485809789477
2023-05-10,1.2055019662664965,1.2055019662664965,0.9692039612331196,1.2438062724513987
2023-05-11,1.2033932025650425,1.2033932025650425,0.9662925503773052,1.2453714996510707
2023-05-12,1.1909841152608351,1.1909841152608351,0.9565540587553479,1.245077687308675
2023-05-15,1.202139041941459,1.202139041941459,0.9673097965737426,1.2427652921530339
2023-05-16,1.1969091759308037,1.1969091759308037,0.9599092036202748,1.2468983226920725
2023-05-17,1.2014753709130672,1.2014753709130672,0.9616724179286305,1.2493603315575528
2023-05-18,1.201686126758213,1.201686126758213,0.9631205575138582,1.247700630396857
2023-05-19,1.2026896560297236,1.2026896560297236,0.9619864403602584,1.250214769741789
2023-05-22,1.2040613475614108,1.2040613475614108,0.9619218376542819,1.251724724846256
2023-05-23,1.1921748940911283,1.1921748940911283,0.952086282131613,1.2521710652336933
2023-05-24,1.1834633791369786,1.1834633791369786,0.9448422941295196,1.2525512315547855
2023-05-25,1.180727659699896,1.180727659699896,0.9421950350803486,1.2531669301348056
2023-05-26,1.1903416640623499,1.1903416640623499,0.9496025411893634,1.2535156683252597
2023-05-29,1.1905091125395157,1.1905091125395157,0.9484415972626011,1.255226590625687
2023-05-30,1.1970931353428087,1.1970931353428087,0.9544345571934958,1.2542432860591801
2023-05-31,1.1924370609624908,1.1924370609624908,0.95288114849789,1.2514016704415172
2023-06-01,1.1941036622921104,1.1941036622921104,0.9535388972857498,1.252286262984267
2023-06-02,1.199476640316767,1.199476640316767,0.9621356126704095,1.246681470388168
2023-06-05,1.198134530392797,1.198134530392797,0.9610885293479128,1.2466432527352265
2023-06-06,1.1752883854378908,1.1752883854378908,0.9434037716893878,1.2457957247014804
2023-06-07,1.178388149143453,1.178388149143453,0.9441125632750421,1.2481437012719434
2023-06-08,1.1762692402916943,1.1762692402916943,0.9417074245117547,1.2490814128406733
2023-06-09,1.1837118905353325,1.1837118905353325,0.9490284828760704,1.2472880549886598
2023-06-12,1.1868634660544033,1.1868634660544033,0.9519505365281893,1.2467701004539091
2023-06-13,1.1879406833535977,1.1879406833535977,0.9549745558945862,1.243950088534848
2023-06-14,1.1880245156822271,1.1880245156822271,0.9552740726876972,1.2436478175731058
2023-06-15,1.195697099749093,1.195697099749093,0.9641498850823207,1.240156865907838
2023-06-16,1.2014000102366134,1.2014000102366134,0.9727368634405743,1.235071945343221
2023-06-19,1.1974017913727073,1.1974017913727073,0.9702324895928486,1.234139038031172
2023-06-20,1.1924748723034522,1.1924748723034522,0.9697379658687075,1.2296877241835253
2023-06-21,1.171527172733353,1.171527172733353,0.9484903623155045,1.2351492637978516
2023-06-26,1.1548123525145915,1.1548123525145915,0.9322586194154832,1.2387253155552986
2023-06-27,1.169045023839355,1.169045023839355,0.9419442433797045,1.2410979015539294
2023-06-28,1.1708199247345144,1.1708199247345144,0.9414200690115417,1.2436742781188364
2023-06-29,1.1738663442109714,1.1738663442109714,0.9417531925319059,1.246469195453459
2023-06-30,1.1839683085862074,1.1839683085862074,0.9515665566920684,1.2442306849265883
2023-07-03,1.1887547402667433,1.1887547402667433,0.9586309624916923,1.2400546057649846
2023-07-04,1.1912587135949908,1.1912587135949908,0.960851523997925,1.2397947901860886
2023-07-05,1.1832033976299308,1.1832033976299308,0.9554763390980584,1.2383387732519258
2023-07-06,1.178788230696702,1.178788230696702,0.9507612340115251,1.2398362370361564
2023-07-07,1.1747215249779754,1.1747215249779754,0.9469949495336765,1.240472851049984
2023-07-10,1.180200892247836,1.180200892247836,0.9506582692863296,1.2414565048004336
2023-07-11,1.1890837086672226,1.1890837086672226,0.9579051610801557,1.2413376156428522
2023-07-12,1.177285108495321,1.177285108495321,0.9474216603967606,1.2426200051224272
2023-07-13,1.1926346621578092,1.1926346621578092,0.9605130857394816,1.241664147906555
2023-07-14,1.1898302982431503,1.1898302982431503,0.9586324809882867,1.2411746126278904
2023-07-17,1.1887310575098156,1.1887310575098156,0.9558710682916478,1.2436102492717347
2023-07-18,1.1838322750902868,1.1838322750902868,0.9541647310048428,1.240700097816001
2023-07-19,1.183458692348121,1.183458692348121,0.9530034141140051,1.2418199922697728
2023-07-20,1.1705718173601278,1.1705718173601278,0.942516570074074,1.2419641781662583
2023-07-21,1.1719918673105354,1.1719918673105354,0.9426717098094364,1.243266192370891
2023-07-24,1.171293742301476,1.171293742301476,0.9412902641930384,1.2443491522836667
2023-07-25,1.186808301316872,1.186808301316872,0.9572012313476315,1.2398733541597933
2023-07-26,1.1839143903061538,1.1839143903061538,0.9548784510443548,1.239858737006057
2023-07-27,1.1782794142346442,1.1782794142346442,0.9485376355121045,1.2422062869424308
2023-07-28,1.189818332062099,1.189818332062099,0.9616599502723842,1.2372547403321625
2023-07-31,1.19621753101268,1.19621753101268,0.9689125031280742,1.2345980954428448
2023-08-01,1.195171715748883,1.195171715748883,0.9706317875963655,1.2313337879738715
2023-08-02,1.189395633561502,1.189395633561502,0.9672237084729745,1.2297006609146153
2023-08-03,1.19030939545993,1.19030939545993,0.9706235424262624,1.226334766705246
2023-08-04,1.1924610824541917,1.1924610824541917,0.9755109169553512,1.2223964506475844
2023-08-07,1.1824742132075767,1.1824742132075767,0.9694900912799409,1.2196867444477435
2023-08-08,1.1810470346369568,1.1810470346369568,0.9655698125992476,1.223160686287053
2023-08-09,1.173932585867892,1.173932585867892,0.9585269587951429,1.224725684652116
2023-08-10,1.1769301261312204,1.1769301261312204,0.9602450577704795,1.2256560100021192
2023-08-11,1.1563562123711977,1.1563562123711977,0.9414803959507926,1.2282318541570947
2023-08-14,1.1585056211733331,1.1585056211733331,0.9420508977852203,1.229769669448861
2023-08-15,1.1501876404536493,1.1501876404536493,0.9361584117123015,1.2286250126726659
2023-08-16,1.139258073290415,1.139258073290415,0.9287613619175532,1.2266424078390414
2023-08-17,1.147675210383878,1.147675210383878,0.9353259825355392,1.2270323200823412
2023-08-18,1.1333562105324908,1.1333562105324908,0.9200394638049006,1.2318560834829855
2023-08-21,1.120867057947806,1.120867057947806,0.9093675629826743,1.2325786662891574
2023-08-22,1.1243753326351578,1.1243753326351578,0.9141975543246812,1.2299041135214315
2023-08-23,1.1072242060403663,1.1072242060403663,0.8964604085336602,1.2351066433055893
2023-08-24,1.110818330180092,1.110818330180092,0.9001606517298117,1.2340223137341826
2023-08-25,1.0993198955358257,1.0993198955358257,0.8888760375318713,1.2367527631730186
2023-08-28,1.1093884978506954,1.1093884978506954,0.8988982216140118,1.2341647487729355
2023-08-29,1.1363724987072472,1.1363724987072472,0.918993139730701,1.2365407853210377
2023-08-30,1.138100771126799,1.138100771126799,0.919763630230599,1.2373839687936556
2023-08-31,1.1310056991535529,1.1310056991535529,0.9140692147221895,1.2373304788492372
2023-09-01,1.1326575390085498,1.1326575390085498,0.9158854964904647,1.2366802873816902
2023-09-04,1.147606445163181,1.147606445163181,0.9284642161103523,1.2360265751230446
2023-09-05,1.1413975445990994,1.1413975445990994,0.9219234785133592,1.2380610443283768
2023-09-06,1.1399410098656142,1.1399410098656142,0.9221887492122297,1.2361254795608785
2023-09-07,1.1249530033924287,1.1249530033924287,0.9082246678531488,1.2386285499727505
2023-09-08,1.1283569409593013,1.1283569409593013,0.9091678140798237,1.241087644640523
2023-09-11,1.1446337549489285,1.1446337549489285,0.9196962968947823,1.2445779751572492
2023-09-12,1.1451349753653681,1.1451349753653681,0.9190903634731593,1.2459438384687298
2023-09-13,1.133405328205048,1.133405328205048,0.9102467458703595,1.24516273565066
2023-09-14,1.131780685758947,1.131780685758947,0.9081293089310694,1.2462770165309724
2023-09-15,1.1340602682711745,1.1340602682711745,0.9085372117486197,1.248226548793198
2023-09-18,1.1367661988571653,1.1367661988571653,0.9109302158593,1.2479179843483723
2023-09-19,1.130885245929183,1.130885245929183,0.9058675748549042,1.2484001826760611
2023-09-20,1.123907372818508,1.123907372818508,0.8999916723632102,1.248797524834132
2023-09-21,1.117155290522866,1.117155290522866,0.8937664890145849,1.2499409009556588
2023-09-22,1.1295567809052869,1.1295567809052869,0.9076190407948738,1.244527417490101
2023-09-25,1.1258051246065282,1.1258051246065282,0.9024982706752448,1.2474318912148232
2023-09-26,1.1220270870043425,1.1220270870043425,0.8994279371627283,1.2474896994458609
2023-09-27,1.1279362362715848,1.1279362362715848,0.9039143486701046,1.2478353042310648
2023-09-28,1.1307973529570712,1.1307973529570712,0.9065307582621537,1.24738994529523
2023-10-09,1.1276882471306775,1.1276882471306775,0.9013307599167207,1.2511369824268188
2023-10-10,1.1201687316153401,1.1201687316153401,0.89691627719538,1.248911141537158
2023-10-11,1.1188312801515712,1.1188312801515712,0.896896896383587,1.247446930257931
2023-10-12,1.1252525131503344,1.1252525131503344,0.903564654888661,1.245348085565598
2023-10-13,1.1198376550150448,1.1198376550150448,0.897469556081596,1.2477723031679435
2023-10-16,1.1099540671068278,1.1099540671068278,0.8890711377039204,1.248442357462363
2023-10-17,1.1117342987835894,1.1117342987835894,0.8914091695738657,1.2471649795963498
2023-10-18,1.0956581310847227,1.0956581310847227,0.8801388345719678,1.2448696592482105
2023-10-19,1.0819637096943884,1.0819637096943884,0.8705314797830701,1.2428771788517121
2023-10-20,1.0716032430386238,1.0716032430386238,0.864125275656255,1.2401017227794904
2023-10-23,1.049909645723878,1.049909645723878,0.8428808556178415,1.2456204678587484
2023-10-24,1.065586648639816,1.065586648639816,0.8527266942928846,1.2496227170693226
2023-10-25,1.0731455357965578,1.0731455357965578,0.8565483506158353,1.2528721058478425
2023-10-26,1.0797281346675331,1.0797281346675331,0.8602026526299431,1.2552020519425546
2023-10-27,1.0976750271791478,1.0976750271791478,0.8750687076457664,1.2543872470680255
2023-10-30,1.104783403020015,1.104783403020015,0.8837302388587313,1.2501364720152122
2023-10-31,1.1011913080699698,1.1011913080699698,0.880838381976602,1.2501627206558548
2023-11-01,1.0971106682834777,1.0971106682834777,0.8779269711207877,1.2496605120615825
2023-11-02,1.0868053042381762,1.0868053042381762,0.869878273164847,1.2493763067378283
2023-11-03,1.0966487862891063,1.0966487862891063,0.8780400991170473,1.2489734664645622
2023-11-06,1.113203569641672,1.113203569641672,0.8931307451071945,1.246406056157057
2023-11-07,1.1128406593601858,1.1128406593601858,0.8940925794980932,1.2446593170305573
2023-11-08,1.112886168521252,1.112886168521252,0.8936016388931084,1.2453940548942686
2023-11-09,1.1083136891927146,1.1083136891927146,0.8910584501412145,1.2438170459155282
2023-11-10,1.1043470858014641,1.1043470858014641,0.8880377741313538,1.2435812056324926
2023-11-13,1.1105034418178987,1.1105034418178987,0.8932149683875843,1.2432655980033112
2023-11-14,1.1146804034110498,1.1146804034110498,0.897196133453642,1.242404377201482
2023-11-15,1.1201162677463286,1.1201162677463286,0.9026239728889159,1.2409555932370289
2023-11-16,1.1123501232972648,1.1123501232972648,0.8938191835104297,1.2444912168125166
2023-11-17,1.1178029171040313,1.1178029171040313,0.897334742888362,1.245692230199425
2023-11-20,1.1268926223192097,1.1268926223192097,0.90186230032538,1.24951738409804
2023-11-21,1.1226684058758942,1.1226684058758942,0.8988843953029193,1.2489574985864127
2023-11-22,1.1115784472795776,1.1115784472795776,0.8880422896606994,1.2517179195421946
2023-11-23,1.122395424683574,1.122395424683574,0.8960242270470826,1.252639594782515
2023-11-24,1.1142556155750114,1.1142556155750114,0.8876474139455091,1.2552907810796747
2023-11-27,1.1135317437582288,1.1135317437582288,0.887044277754454,1.2553282532605092
2023-11-28,1.118615022501074,1.118615022501074,0.8910263086299733,1.2554231133994653
2023-11-29,1.1128586847093307,1.1128586847093307,0.8849452758966218,1.2575452008394399
2023-11-30,1.1097201882101055,1.1097201882101055,0.8836560722882416,1.255828170044107
2023-12-01,1.1131334209503232,1.1131334209503232,0.8871330432044802,1.2547536465663482
2023-12-04,1.1141902804763202,1.1141902804763202,0.8858899272997451,1.257707358602045
2023-12-05,1.09494819974961,1.09494819974961,0.8701676266868946,1.2583187033957497
2023-12-06,1.0973288406080137,1.0973288406080137,0.8735830718507817,1.2561242038300973
2023-12-07,1.0953665614005959,1.0953665614005959,0.87349063004058,1.2540106599079466
2023-12-08,1.0974369258385344,1.0974369258385344,0.8761794346237596,1.2525253189830745
2023-12-11,1.112491889213089,1.112491889213089,0.8868351381489823,1.2544517479709942
2023-12-12,1.1127661871521566,1.1127661871521566,0.8870461425748325,1.254462573865803
2023-12-13,1.1038277948233808,1.1038277948233808,0.8776970787285306,1.2576409578831373
2023-12-14,1.10215047076959,1.10215047076959,0.8747988814571139,1.2598901234690498
2023-12-15,1.0937894446935041,1.0937894446935041,0.8684976001168918,1.2594041072149078
2023-12-18,1.0840703588824165,1.0840703588824165,0.858216046160365,1.2631671986704485
2023-12-19,1.083898370338405,1.083898370338405,0.8573560176419979,1.2642336999272143
2023-12-20,1.074102122540601,1.074102122540601,0.846107008193145,1.2694636873819751
2023-12-21,1.0778226873930348,1.0778226873930348,0.8508043442054982,1.2668279078893654
2023-12-22,1.070793927885066,1.070793927885066,0.8464900955795127,1.2649810475951209
2023-12-25,1.0729424514748385,1.0729424514748385,0.8470772475958933,1.2666406216433952
2023-12-26,1.0635891173006353,1.0635891173006353,0.837979095331546,1.2692310861046323
2023-12-27,1.0702861430814319,1.0702861430814319,0.8423211164610284,1.2706390973292794
2023-12-28,1.0819984288022282,1.0819984288022282,0.8578218630927434,1.2613323061051989
2023-12-29,1.0936732740672752,1.0936732740672752,0.8652214570352942,1.264038547789577
2024-01-02,1.0942877006365777,1.0942877006365777,0.8620702968795062,1.2693717723457638
2024-01-03,1.0947903033250692,1.0947903033250692,0.8607857553220729,1.2718499307826496
2024-01-04,1.0894165281784163,1.0894165281784163,0.8534433447644206,1.2764954286205517
2024-01-05,1.076372568943114,1.076372568943114,0.8417380137688988,1.278750099598846
2024-01-08,1.0549026975234281,1.0549026975234281,0.823543241056944,1.2809317652459329
2024-01-09,1.0574833573464977,1.0574833573464977,0.825607530615441,1.2808547864845747
2024-01-10,1.0523481568888606,1.0523481568888606,0.8220419674110686,1.2801635422618582
2024-01-11,1.0623633240106078,1.0623633240106078,0.8325260941413051,1.2760721033091034
2024-01-12,1.0605729131947796,1.0605729131947796,0.8297075779806412,1.2782490377827127
2024-01-15,1.0598807662611234,1.0598807662611234,0.827654517304853,1.2805835576328204
2024-01-16,1.0584851051063637,1.0584851051063637,0.8271926412574846,1.2796113653734542
2024-01-17,1.0337065615653973,1.0337065615653973,0.8066565732399218,1.2814704495787264
2024-01-18,1.0308059214722702,1.0308059214722702,0.8075201049565717,1.2765080586169515
2024-01-19,1.0213383881654317,1.0213383881654317,0.7997867348065242,1.2770134133476256
2024-01-22,0.9729285362123888,0.9729285362123888,0.7619430290915923,1.2769045703749515
2024-01-23,0.9891786845106116,0.9891786845106116,0.7754525338430732,1.2756147427984157
2024-01-24,1.0057444412315102,1.0057444412315102,0.7862829577176349,1.2791126036241611
2024-01-25,1.0372456909535765,1.0372456909535765,0.8085113901893083,1.2829079510069876
2024-01-26,1.031471731523779,1.031471731523779,0.8011668750486571,1.2874617806198425
2024-01-29,1.0171605995650848,1.0171605995650848,0.7853606575187649,1.2951509473095568
2024-01-30,0.9952789427960215,0.9952789427960215,0.7673641551735028,1.2970099477359438
2024-01-31,0.9737313875248671,0.9737313875248671,0.7485567223664159,1.3008117600582163
2024-02-01,0.9655683750205833,0.9655683750205833,0.7456484284246631,1.294937853031551
2024-02-02,0.9457672392398957,0.9457672392398957,0.7272398407361442,1.3004887607402646
2024-02-05,0.9266700376003705,0.9266700376003705,0.7108313261843672,1.3036426553885747
2024-02-06,0.9870328203737497,0.9870328203737497,0.7659155760234713,1.2886966282867478
2024-02-07,1.0432160405053894,1.0432160405053894,0.8143109416066397,1.281102816139396
2024-02-08,1.0529529457719229,1.0529529457719229,0.820790979300306,1.2828515082725769
2024-02-19,1.052322333445441,1.052322333445441,0.8194163935588725,1.2842339276067156
2024-02-20,1.0551048460001562,1.0551048460001562,0.8193134155135312,1.287791492268969
2024-02-21,1.0538617464257147,1.0538617464257147,0.8190073585289491,1.286754917951649
2024-02-22,1.0629097527854356,1.0629097527854356,0.8249528055006233,1.2884491642408658
2024-02-23,1.066798631133091,1.066798631133091,0.828358273875484,1.2878468952112483
2024-02-26,1.0668752740203307,1.0668752740203307,0.8280001351217541,1.2884964974836037
2024-02-27,1.0878445220351238,1.0878445220351238,0.8459037427718655,1.2860145511006542
2024-02-28,1.063878401535163,1.063878401535163,0.8261805899178163,1.2877068458374112
2024-02-29,1.095812273013886,1.095812273013886,0.8521173509139975,1.2859875131500333
2024-03-01,1.1016289821830627,1.1016289821830627,0.8572578748094953,1.2850613736594405
2024-03-04,1.1038166504916689,1.1038166504916689,0.8588152129480419,1.2852784089636866
2024-03-05,1.0970993984652921,1.0970993984652921,0.8529196099610614,1.2862869907697143
2024-03-06,1.0969959718264846,1.0969959718264846,0.8526446688365126,1.2865804618510133
2024-03-07,1.0862407948745973,1.0862407948745973,0.841042102764003,1.2915415189141812
2024-03-08,1.1003256697706725,1.1003256697706725,0.8525639354342603,1.2906078055133925
2024-03-11,1.111763783432675,1.111763783432675,0.8671391983523161,1.2821053246643437
2024-03-12,1.1048219369944765,1.1048219369944765,0.8643769331663612,1.2781714719611084
2024-03-13,1.1047802464996614,1.1047802464996614,0.8630054510188436,1.2801544245119012
2024-03-14,1.1012327431481255,1.1012327431481255,0.8594696849800936,1.2812932932865821
2024-03-15,1.1135001890944993,1.1135001890944993,0.8692262387194335,1.2810245934763043
2024-03-18,1.126989648981601,1.126989648981601,0.8810675417608539,1.2791183372040473
2024-03-19,1.1197673179756742,1.1197673179756742,0.8730636394544388,1.2825723891965035
2024-03-20,1.1229483375396137,1.1229483375396137,0.8754843228275972,1.2826595614102707
2024-03-21,1.1182706502377526,1.1182706502377526,0.87108804874524,1.2837630499563932
2024-03-22,1.105568974923764,1.105568974923764,0.8581371908986365,1.288335928857737
2024-03-25,1.0920663871204588,1.0920663871204588,0.8438226964702514,1.2941893974748746
2024-03-26,1.090691453754325,1.090691453754325,0.8421768060040076,1.2950860745375774
2024-03-27,1.0687539771921168,1.0687539771921168,0.8218197341025091,1.300472515860524
2024-03-28,1.080693368728812,1.080693368728812,0.8325169432013036,1.2981037533881146
2024-03-29,1.095741169333252,1.095741169333252,0.8424865127084736,1.3006038112237557
2024-04-01,1.1120456287145684,1.1120456287145684,0.8608249032298798,1.2918371953948933
2024-04-02,1.108233390174429,1.108233390174429,0.857638058404131,1.292192410673331
2024-04-03,1.1082189624084302,1.1082189624084302,0.856580798490425,1.2937704935266747
2024-04-08,1.0959385379259432,1.0959385379259432,0.8444675646773527,1.297786420422992
2024-04-09,1.1013027561768807,1.1013027561768807,0.8515290400449533,1.2933237792086827
2024-04-10,1.0898920827156633,1.0898920827156633,0.8407830392529646,1.2962821938987161
2024-04-11,1.099323447260458,1.099323447260458,0.8449804702023698,1.3010045628595108
2024-04-12,1.0962924727330385,1.0962924727330385,0.8410613503743405,1.303463144805191
2024-04-15,1.1106081219222828,1.1106081219222828,0.8510228745135907,1.3050273443672828
2024-04-16,1.0879311082149246,1.0879311082149246,0.8274084276155919,1.3148658774845954
2024-04-17,1.1155787502431893,1.1155787502431893,0.8510420821634919,1.3108385279928823
2024-04-18,1.118466307566911,1.118466307566911,0.8526501034559022,1.311752972331348
2024-04-19,1.1162200873303392,1.1162200873303392,0.8470767414303617,1.317731951234437
2024-04-22,1.106424083769257,1.106424083769257,0.839662029122598,1.317701700677606
2024-04-23,1.0931865874899023,1.0931865874899023,0.8302636674175704,1.3166740041631837
2024-04-24,1.104418542865285,1.104418542865285,0.8390014697840243,1.3163487581846363
2024-04-25,1.103764815680341,1.103764815680341,0.8384447010196713,1.3164431886062393
2024-04-26,1.1159536691931926,1.1159536691931926,0.8564911805510828,1.3029365561886659
2024-04-29,1.1267592753808822,1.1267592753808822,0.8734517751759748,1.2900074250279854
2024-04-30,1.1228984739948387,1.1228984739948387,0.8674970041024072,1.2944119330494905
2024-05-06,1.1443509175993654,1.1443509175993654,0.8814413982863473,1.298272261575362
2024-05-07,1.1466414065072943,1.1466414065072943,0.8811992380400271,1.3012283227317203
2024-05-08,1.1347863299915024,1.1347863299915024,0.8703245646419078,1.303865679648381
2024-05-09,1.1531001999933967,1.1531001999933967,0.8859517860557358,1.3015383208684614
2024-05-10,1.150004896019954,1.150004896019954,0.8828297037777101,1.302635028136204
2024-05-13,1.1479831096296078,1.1479831096296078,0.878023382334367,1.3074630274395531
2024-05-14,1.1478997228309877,1.1478997228309877,0.8773473316665047,1.3083754647667007
2024-05-15,1.1381402688989033,1.1381402688989033,0.8688998551927238,1.3098635729965238
2024-05-16,1.1342069136051527,1.1342069136051527,0.8659030488837104,1.3098543942850525
2024-05-17,1.146551312945091,1.146551312945091,0.8767750316124263,1.307691564661159
2024-05-20,1.1519019354209998,1.1519019354209998,0.8819705011083682,1.3060549462520687
2024-05-21,1.144911631696361,1.144911631696361,0.8751090676868203,1.308307357302
2024-05-22,1.1393627159991424,1.1393627159991424,0.8740049608211722,1.303611268897894
2024-05-23,1.1179713713244226,1.1179713713244226,0.857346253975301,1.3039905010847928
2024-05-24,1.1115962001291495,1.1115962001291495,0.8499317547898663,1.3078652419616632
2024-05-27,1.1260985205577425,1.1260985205577425,0.859252739769323,1.3105556356562302
2024-05-28,1.1164225164259078,1.1164225164259078,0.8505851745304186,1.3125346524435366
2024-05-29,1.1198574062485895,1.1198574062485895,0.8530641868209937,1.312746946301685
2024-05-30,1.11518917228176,1.11518917228176,0.8505849880483808,1.3110849450100202
2024-05-31,1.1159745394878389,1.1159745394878389,0.8509518781377451,1.3114425952382633
2024-06-03,1.1093920965812611,1.1093920965812611,0.8454754201711695,1.3121518025404697
2024-06-04,1.124177910720734,1.124177910720734,0.8563991649855397,1.3126798304850236
2024-06-05,1.113271260646523,1.113271260646523,0.8465523939003075,1.315064807173205
2024-06-06,1.1051243494064922,1.1051243494064922,0.8394187499840512,1.3165352208626377
2024-06-07,1.106213409170216,1.106213409170216,0.8370643210149189,1.3215393147195198
2024-06-11,1.1042565502623796,1.1042565502623796,0.8384535589164709,1.3170157589758513
2024-06-12,1.1099581130972727,1.1099581130972727,0.8413151790681738,1.3193130716203685
2024-06-13,1.10301923513871,1.10301923513871,0.8357912880632513,1.319730476845118
2024-06-14,1.1032835918320538,1.1032835918320538,0.8391809321051844,1.314714800614376
2024-06-17,1.1010614785004424,1.1010614785004424,0.8383049860128705,1.3134378261750406
2024-06-18,1.1059757339449916,1.1059757339449916,0.842407337763253,1.3128752378648092
2024-06-19,1.094544564199014,1.094544564199014,0.8327467290323975,1.3143787012778902
2024-06-20,1.0793180067867325,1.0793180067867325,0.8209038408936551,1.3147922485193415
2024-06-21,1.0819718436738537,1.0819718436738537,0.8224621114423911,1.3155278870857017
2024-06-24,1.0606271194298849,1.0606271194298849,0.805024482444481,1.3175091473109721
2024-06-25,1.055362232798976,1.055362232798976,0.7979811357949907,1.3225403276577068
2024-06-26,1.0701984169843672,1.0701984169843672,0.8101211564207884,1.3210350186540383
2024-06-27,1.0538427937438795,1.0538427937438795,0.7953905672853323,1.324937505030572
2024-06-28,1.0612743844018857,1.0612743844018857,0.7981686967646517,1.3296366904687236
2024-07-01,1.0773325479843918,1.0773325479843918,0.8079188035535393,1.3334663622704
2024-07-02,1.0670237875096669,1.0670237875096669,0.7993346757064361,1.3348899027389902
2024-07-03,1.0577687798395503,1.0577687798395503,0.7931626264184584,1.3336089530793027
2024-07-04,1.0436738976886248,1.0436738976886248,0.7810093788881174,1.336314167154368
2024-07-05,1.0509246032885244,1.0509246032885244,0.786701450050908,1.33586203917702
2024-07-08,1.0359627510661296,1.0359627510661296,0.7734440024138999,1.3394153265561761
2024-07-09,1.0566808877678984,1.0566808877678984,0.7888032624594535,1.3396000473847107
2024-07-10,1.0468745286558272,1.0468745286558272,0.7836917764812811,1.335824312660543
2024-07-11,1.0661881202211243,1.0661881202211243,0.7993797377588726,1.333769258663312
2024-07-12,1.0606939685315813,1.0606939685315813,0.7964648903055033,1.3317523238528777
2024-07-15,1.054905908570616,1.054905908570616,0.7907678107679813,1.3340273771969904
2024-07-16,1.055814977187792,1.055814977187792,0.7933109595594383,1.3308967492068107
2024-07-17,1.0463833657139339,1.0463833657139339,0.7866453589179455,1.330184375781821
2024-07-18,1.053614428651659,1.053614428651659,0.7902863407864912,1.3332059207844897
2024-07-19,1.049682293437851,1.049682293437851,0.789398300002007,1.3297245426487265
2024-07-22,1.0496090328575518,1.0496090328575518,0.7884566589517803,1.3312196947552735
2024-07-23,1.0232167139169732,1.0232167139169732,0.7652831221920344,1.3370433559100692
2024-07-24,1.0173480668440955,1.0173480668440955,0.7564701808844644,1.3448620878282511
2024-07-25,1.016146259480406,1.016146259480406,0.7560661542292727,1.3439912020876754
2024-07-26,1.0285088271716591,1.0285088271716591,0.7677666100515187,1.339611300760584
2024-07-29,1.023984546489279,1.023984546489279,0.7633624504429887,1.3414133035952294
2024-07-30,1.024087236407535,1.024087236407535,0.7619865193668532,1.3439702808108278
2024-07-31,1.0535778920780545,1.0535778920780545,0.7924701786514086,1.3294858538033416
2024-08-01,1.0489032106151501,1.0489032106151501,0.7870720831011752,1.3326647369861262
2024-08-02,1.0426106813049563,1.0426106813049563,0.7766345102796784,1.3424727687281055
2024-08-05,1.0223466663616807,1.0223466663616807,0.7612868387607638,1.3429191394217124
2024-08-06,1.030640248942633,1.030640248942633,0.7705441934048701,1.337548524489496
2024-08-07,1.0330637471057555,1.0330637471057555,0.7707546916651892,1.3403275494487832
2024-08-08,1.035807131760957,1.035807131760957,0.7715045092991748,1.3425807876377436
2024-08-09,1.02829071612004,1.02829071612004,0.7658000504010114,1.3427665819316352
2024-08-12,1.0280233319108674,1.0280233319108674,0.7648020118544747,1.3441692306982032
2024-08-13,1.032020404506767,1.032020404506767,0.7676730626692357,1.3443488572054136
2024-08-14,1.0209741745574064,1.0209741745574064,0.7571663183318347,1.3484146743436567
2024-08-15,1.0265291799092806,1.0265291799092806,0.7623083474037811,1.3466062432680492
2024-08-16,1.0220442569615606,1.0220442569615606,0.757908596763432,1.3485059561615897
2024-08-19,1.024748675848422,1.024748675848422,0.7599575015538048,1.348428923661161
2024-08-20,1.0089451489481065,1.0089451489481065,0.7468525962237748,1.3509294257655664
2024-08-21,1.0050026633970766,1.0050026633970766,0.7444364949806894,1.3500179937083099
2024-08-22,0.9967347867988435,0.9967347867988435,0.7357131183318795,1.3547872967914343
2024-08-23,0.9970079029991259,0.9970079029991259,0.7363446264329819,1.3539963044598495
2024-08-26,0.9949387455660468,0.9949387455660468,0.7375524572721227,1.3489735350430274
2024-08-27,0.9834143693931775,0.9834143693931775,0.7295877561540972,1.3479041569681567
2024-08-28,0.983325085659221,0.983325085659221,0.7303543305312,1.3463671598195779
2024-08-29,0.9904476367001409,0.9904476367001409,0.7397502146891529,1.3388946931449455
2024-08-30,1.0060558188954845,1.0060558188954845,0.7529312579712164,1.3361854860512972
2024-09-02,0.9902472468552475,0.9902472468552475,0.7379620917085964,1.3418673641657362
2024-09-03,0.9978932010796252,0.9978932010796252,0.7460413993590389,1.3375842170916583
2024-09-04,0.9948452355924012,0.9948452355924012,0.7437045263417575,1.3376888271555791
2024-09-05,0.9987034638351459,0.9987034638351459,0.7468966992257314,1.3371373375601328
2024-09-06,0.9857113362633048,0.9857113362633048,0.7365716283536526,1.338242335598123
2024-09-09,0.9786138144244413,0.9786138144244413,0.7316582129399898,1.3375286398988413
2024-09-10,0.9802718919272043,0.9802718919272043,0.7318122337831252,1.3395128513493952
2024-09-11,0.975869235993215,0.975869235993215,0.7329996981197014,1.3313364773498884
2024-09-12,0.9736076800237375,0.9736076800237375,0.7300247901299921,1.3336638607168008
2024-09-13,0.9661456156048066,0.9661456156048066,0.7226838048279149,1.3368856602990635
2024-09-18,0.9721581018595199,0.9721581018595199,0.7246241504319563,1.3416032315235504
2024-09-19,0.9808559008823539,0.9808559008823539,0.7339641299389847,1.3363812492633578
2024-09-20,0.9764665082305674,0.9764665082305674,0.7304162425677733,1.3368630806973927
2024-09-23,0.9756632624168122,0.9756632624168122,0.7298209253021632,1.3368529574742796
2024-09-24,1.0118068524890638,1.0118068524890638,0.7615038239319716,1.3286956948747415
2024-09-25,1.0210350317728618,1.0210350317728618,0.7683526298555264,1.3288625457881849
2024-09-26,1.0560665284681507,1.0560665284681507,0.8019534829246862,1.3168675627128976
2024-09-27,1.0999920725374681,1.0999920725374681,0.8448656372274791,1.3019727919663238
2024-09-30,1.2009051300431275,1.2009051300431275,0.9328541098429869,1.2873450600386567
2024-10-08,1.2659271724234071,1.2659271724234071,0.9998333295899815,1.266138200196374
2024-10-09,1.176651457067991,1.176651457067991,0.9316235681556626,1.2630116897937764
2024-10-10,1.183022236901785,1.183022236901785,0.9244621250956181,1.2796870794240747
2024-10-11,1.1429599785116478,1.1429599785116478,0.8887995532560548,1.2859592180537154
2024-10-14,1.1674679174281872,1.1674679174281872,0.9111284329454121,1.2813428658505415
2024-10-15,1.140838722011004,1.140838722011004,0.8891954679425991,1.2830010533574259
2024-10-16,1.1439709247298786,1.1439709247298786,0.8874571356661538,1.289043581661189
2024-10-17,1.1300535463718826,1.1300535463718826,0.8807219772245354,1.2830990659879735
2024-10-18,1.1632538269809447,1.1632538269809447,0.9166949750564252,1.268964986864189
2024-10-21,1.1772927655723373,1.1772927655723373,0.9271712162604889,1.2697684579992146
2024-10-22,1.184100510924254,1.184100510924254,0.9352372703660972,1.2660963676744188
2024-10-23,1.1871981003296637,1.1871981003296637,0.9389509269488298,1.264387803724233
2024-10-24,1.1769439719056622,1.1769439719056622,0.930902748478566,1.2643038962224755
2024-10-25,1.1912550981154604,1.1912550981154604,0.9444536922028909,1.2613165769270462
2024-10-28,1.2106629856886129,1.2106629856886129,0.9564996592808741,1.2657223386768655
2024-10-29,1.196194581073707,1.196194581073707,0.944932271712794,1.2659050991088199
2024-10-30,1.1987337279570993,1.1987337279570993,0.9490623426860914,1.2630716382280784
2024-10-31,1.2076900220103624,1.2076900220103624,0.9593652088755181,1.2588428377821916
2024-11-01,1.201396576036982,1.201396576036982,0.9480717634210697,1.2672000394799254
2024-11-04,1.2210086751413314,1.2210086751413314,0.9638575212073786,1.2667937410623011
2024-11-05,1.2577548178401967,1.2577548178401967,0.993619814688869,1.2658310545407512
2024-11-06,1.2660266106083398,1.2660266106083398,0.9958658975939988,1.2712822214989452
2024-11-07,1.2832445918578943,1.2832445918578943,1.0143913828799713,1.2650389322261575
2024-11-08,1.27818531743376,1.27818531743376,1.0116448887463618,1.2634723228006393
2024-11-11,1.2984286577470747,1.2984286577470747,1.0292855434029307,1.2614853731009643
2024-11-12,1.2821641833473874,1.2821641833473874,1.0184425453109582,1.2589460144321718
2024-11-13,1.2804993718595772,1.2804993718595772,1.017785382609503,1.2581231699127975
2024-11-14,1.2465917155038528,1.2465917155038528,0.9882694851806212,1.2613884514263023
2024-11-15,1.2220830967439489,1.2220830967439489,0.9632889774343483,1.2686567845911414
2024-11-18,1.2096957939595754,1.2096957939595754,0.9484983011222613,1.2753800323398214
2024-11-19,1.2257096349455805,1.2257096349455805,0.9653753118337508,1.269671618820787
2024-11-20,1.2369062188556446,1.2369062188556446,0.9744473832530873,1.2693412082716737
2024-11-21,1.2330508522088401,1.2330508522088401,0.9733719546608346,1.26678280209798
2024-11-22,1.191375539535536,1.191375539535536,0.935189171320472,1.2739406914360794
2024-11-25,1.1910669364498747,1.1910669364498747,0.9328268967856036,1.2768359709117862
2024-11-26,1.1893414601437056,1.1893414601437056,0.9254805701051562,1.285106893177205
2024-11-27,1.2114795429189864,1.2114795429189864,0.9440955934095975,1.2832170294786918
2024-11-28,1.2017271474911126,1.2017271474911126,0.9363963095120436,1.2833531436249819
2024-11-29,1.2188206053999842,1.2188206053999842,0.951739785185106,1.2806237843287522
2024-12-02,1.2371463433435717,1.2371463433435717,0.9666719614035001,1.2797995522155963
2024-12-03,1.2392486614584557,1.2392486614584557,0.9648009871175467,1.2844603996113777
2024-12-04,1.2313930686467833,1.2313930686467833,0.9562425271909418,1.2877413769330295
2024-12-05,1.233700797924768,1.233700797924768,0.9600574968008202,1.2850280342956582
2024-12-06,1.251032279051142,1.251032279051142,0.9726935862876441,1.2861524910694617
2024-12-09,1.24784063069943,1.24784063069943,0.9674734878425578,1.2897931017025428
2024-12-10,1.2526084366650614,1.2526084366650614,0.9748711770042929,1.2848963701175724
2024-12-11,1.26280712638165,1.26280712638165,0.9838211293291155,1.2835739025474884
2024-12-12,1.2700228510330878,1.2700228510330878,0.9924973926230722,1.279623362713874
2024-12-13,1.2461921313705415,1.2461921313705415,0.9742712376481728,1.2791018385996573
2024-12-16,1.2372141880586252,1.2372141880586252,0.9619566831550741,1.286143346913239
2024-12-17,1.2196095189603595,1.2196095189603595,0.9514814143216364,1.2818006748244122
2024-12-18,1.2306444115697686,1.2306444115697686,0.9580630714057963,1.2845129389696703
2024-12-19,1.2337620716265612,1.2337620716265612,0.9602294865203187,1.284861680406702
2024-12-20,1.2360910866665222,1.2360910866665222,0.9627690655127653,1.2838915695823558
2024-12-23,1.2181908075888959,1.2181908075888959,0.94672216627271,1.2867458384173793
2024-12-24,1.2337308774681064,1.2337308774681064,0.9592408120361122,1.2861534475887797
2024-12-25,1.222075070698291,1.222075070698291,0.9502963342911158,1.2859936701849024
2024-12-26,1.2255185063323528,1.2255185063323528,0.9579067195371878,1.2793714474875608
2024-12-27,1.2317619825561676,1.2317619825561676,0.9598949111040883,1.2832258701521533
2024-12-30,1.2334890264477758,1.2334890264477758,0.9598489299616078,1.285086629723193
2024-12-31,1.206700544727469,1.206700544727469,0.9316852137893243,1.2951805254261897
2025-01-02,1.1737495562073872,1.1737495562073872,0.90240962510653,1.3006837732574332
2025-01-03,1.149768256569017,1.149768256569017,0.8832066106165377,1.3018111988160974
2025-01-06,1.14987517142731,1.14987517142731,0.8831139823242984,1.3020688092842938
2025-01-07,1.1562242864632537,1.1562242864632537,0.8924842118818985,1.2955123139099918
2025-01-08,1.1537097106528291,1.1537097106528291,0.8887255465273111,1.2981619749324658
2025-01-09,1.148229784521419,1.148229784521419,0.8879119520363737,1.2931797819457456
2025-01-10,1.1323335238307106,1.1323335238307106,0.8737290739662885,1.2959778466458585
2025-01-13,1.1339318088977144,1.1339318088977144,0.875749540245886,1.2948129080140174
2025-01-14,1.1709722541987515,1.1709722541987515,0.9067612767012535,1.2913787611869385
2025-01-15,1.1614909687923083,1.1614909687923083,0.8986553154395412,1.292476602360285
2025-01-16,1.1650132457039313,1.1650132457039313,0.9024264484503747,1.2909786140515545
2025-01-17,1.170939273221938,1.170939273221938,0.9092341084442881,1.287830342424605
2025-01-20,1.1768974859954164,1.1768974859954164,0.9137335337338787,1.288009515406691
2025-01-21,1.1770107017642353,1.1770107017642353,0.9169589537011755,1.2836023870135054
2025-01-22,1.1718542237142473,1.1718542237142473,0.9126044515953015,1.2840768217443579
2025-01-23,1.169991492576221,1.169991492576221,0.9089895106113299,1.2871342066305664
2025-01-24,1.1821107263331763,1.1821107263331763,0.9197453416707435,1.285258726275078
2025-01-27,1.1763253825773314,1.1763253825773314,0.9098791897737182,1.292836890653447
2025-02-05,1.1768875849110634,1.1768875849110634,0.91395606008564,1.2876850828045125
2025-02-06,1.2002537033668448,1.2002537033668448,0.9356905682397223,1.2827463951302134
2025-02-07,1.2105927657895872,1.2105927657895872,0.9497045335439338,1.2747046297358593
2025-02-10,1.218445470971611,1.218445470971611,0.9585866863278448,1.2710853262934765
2025-02-11,1.2145052137098595,1.2145052137098595,0.9536590050382849,1.2735214655275056
2025-02-12,1.2241908558358974,1.2241908558358974,0.967048242195485,1.2659046389005606
2025-02-13,1.2108698717977735,1.2108698717977735,0.9601673880017078,1.2611028940670705
2025-02-14,1.217519332574582,1.217519332574582,0.9682310711214057,1.2574677356351005
2025-02-17,1.2227858032241423,1.2227858032241423,0.9683814555648026,1.2627108833997238
2025-02-18,1.2032775379104284,1.2032775379104284,0.9507989300234672,1.2655436390538741
2025-02-19,1.2192947878065703,1.2192947878065703,0.9675939685591671,1.2601306203078217
2025-02-20,1.2255613807957904,1.2255613807957904,0.9698183529471761,1.263701988183084
2025-02-21,1.237724590931064,1.237724590931064,0.9860517475452469,1.2552328962575754
2025-02-24,1.2372939047037486,1.2372939047037486,0.9840832697937785,1.2573061067921947
2025-02-25,1.2238352674751873,1.2238352674751873,0.9735004407849263,1.2571491662483665
2025-02-26,1.238213366360603,1.238213366360603,0.985184925752643,1.2568334471973939
2025-02-27,1.2348977312489215,1.2348977312489215,0.9814806332322407,1.258198775845551
2025-02-28,1.2044394556176512,1.2044394556176512,0.9539498104561982,1.2625815765314359
2025-03-03,1.2104518476534594,1.2104518476534594,0.9581967790269492,1.263260192632536
2025-03-04,1.222034603517817,1.222034603517817,0.96663963341022,1.264209081937377
2025-03-05,1.2257738529511384,1.2257738529511384,0.9687679262681435,1.2652915313505733
2025-03-06,1.243138401440613,1.243138401440613,0.9845708270817907,1.2626195772275737
2025-03-07,1.2425238377113674,1.2425238377113674,0.979035867035906,1.269130048803205
2025-03-10,1.2455564579105254,1.2455564579105254,0.9790105321190468,1.2722605294291838
2025-03-11,1.2571377826158057,1.2571377826158057,0.9841151182618177,1.2774296007526142
2025-03-12,1.2558914212401642,1.2558914212401642,0.9833861466556371,1.2771091249467776
2025-03-13,1.2469050307983638,1.2469050307983638,0.9758111929967606,1.27781382274276
2025-03-14,1.2609281677086748,1.2609281677086748,0.9930701455620996,1.2697271923273472
2025-03-17,1.2652229949170466,1.2652229949170466,0.9943785035397981,1.2723756501303012
2025-03-18,1.2709107188963056,1.2709107188963056,0.9984947482020018,1.2728266434899589
2025-03-19,1.2663400519849475,1.2663400519849475,0.9933071775523786,1.2748725475893095
2025-03-20,1.2608670308055778,1.2608670308055778,0.9864776059190155,1.2781506881050153
2025-03-21,1.2463573610436594,1.2463573610436594,0.9722236249119192,1.2819657217819367
2025-03-24,1.2447793220924668,1.2447793220924668,0.9717594311592233,1.2809541972827112
2025-03-25,1.2420789985656846,1.2420789985656846,0.9681570510725169,1.2829313149036297
2025-03-26,1.2411917660072551,1.2411917660072551,0.9684327647655082,1.281649910211156
2025-03-27,1.241762747845268,1.241762747845268,0.9699147641607551,1.280280282071731
2025-03-28,1.2360080060829353,1.2360080060829353,0.9631501815175898,1.2832972778299396
2025-03-31,1.224043988631257,1.224043988631257,0.9537278169102594,1.2834311497768056
2025-04-01,1.2322006071090246,1.2322006071090246,0.9594390291222228,1.2842927686987546
2025-04-02,1.2344494441444698,1.2344494441444698,0.9604543971781357,1.285276477229263
2025-04-03,1.2258285925489676,1.2258285925489676,0.9517304877235033,1.287999710381344
2025-04-07,1.115683367078382,1.115683367078382,0.8608035110761075,1.2960952792625624
2025-04-08,1.1276981374609425,1.1276981374609425,0.8672966557930071,1.3002449968284946
2025-04-09,1.1524215275440592,1.1524215275440592,0.8856714502722348,1.3011840081215575
2025-04-10,1.170910076408764,1.170910076408764,0.9026518253132868,1.297189064014103
2025-04-11,1.1753211531832546,1.1753211531832546,0.9087172734763305,1.2933848486086563
2025-04-14,1.1829891077034702,1.1829891077034702,0.91617726095886,1.2912229522760346
2025-04-15,1.1778142471803166,1.1778142471803166,0.9121714669436577,1.2912202254327552
2025-04-16,1.1694142684364,1.1694142684364,0.9047357754066336,1.2925478357599007
2025-04-17,1.1682963591706887,1.1682963591706887,0.9047596051470445,1.2912782053093688
2025-04-18,1.167763045443056,1.167763045443056,0.905363673748289,1.2898275900648957
2025-04-21,1.184257086650537,1.184257086650537,0.9186590438397122,1.2891149274498042
2025-04-22,1.1847279449265573,1.1847279449265573,0.9157489649984542,1.293725671782285
2025-04-23,1.1833472730037633,1.1833472730037633,0.9174976470280012,1.2897551038271475
2025-04-24,1.1806065071401197,1.1806065071401197,0.9128492758707344,1.2933203085624199
2025-04-25,1.1825192607439448,1.1825192607439448,0.9163178684154145,1.2905120608297986
2025-04-28,1.1780538838806864,1.1780538838806864,0.9116142452943556,1.2922723509002416
2025-04-29,1.1806363891459155,1.1806363891459155,0.9126938830526061,1.293573246264285
2025-04-30,1.1840186870156393,1.1840186870156393,0.9171188487285042,1.291019902880816
2025-05-06,1.205167142039406,1.205167142039406,0.9348098268950068,1.289211032411156
2025-05-07,1.2106473830022202,1.2106473830022202,0.9364313681351628,1.2928308728200117
2025-05-08,1.2166587971622271,1.2166587971622271,0.9403195186247602,1.2938780627904223
2025-05-09,1.208751474894665,1.208751474894665,0.9318972571865284,1.2970866322152095
2025-05-12,1.2250412388912284,1.2250412388912284,0.9436610902613594,1.2981792420326848
2025-05-13,1.2234939769608213,1.2234939769608213,0.9417055730115227,1.2992319595690134
2025-05-14,1.223045109564946,1.223045109564946,0.9446469941552887,1.2947112700640129
2025-05-15,1.209426784734066,1.209426784734066,0.9310345779591946,1.299013821146257
2025-05-16,1.2090657870485324,1.2090657870485324,0.9311694444330114,1.2984379956590306
2025-05-19,1.2162349588364196,1.2162349588364196,0.9320612281783986,1.3048874066067573
2025-05-20,1.2209645176085666,1.2209645176085666,0.936471102129375,1.3037930533385411
2025-05-21,1.223343317554586,1.223343317554586,0.9383592594031035,1.3037046368922312
2025-05-22,1.2153984532996478,1.2153984532996478,0.929874260079274,1.3070567768980208
2025-05-23,1.2058029045192635,1.2058029045192635,0.9220487678025187,1.307743089764118
2025-05-26,1.2075319926386925,1.2075319926386925,0.9249484302899471,1.305512775734062
2025-05-27,1.2059894684838024,1.2059894684838024,0.9222584402138128,1.3076480690208816
2025-05-28,1.206626780490153,1.206626780490153,0.9200005156992782,1.3115501131790286
2025-05-29,1.2239222491436752,1.2239222491436752,0.9336583269514482,1.3108888056940353
2025-05-30,1.2201758397182292,1.2201758397182292,0.926302170003576,1.3172546488944517
2025-06-03,1.2242232162331634,1.2242232162331634,0.9302120856110216,1.3160689214535595
2025-06-04,1.2334303504800361,1.2334303504800361,0.9377260729636602,1.315341853065693
2025-06-05,1.2333660178497041,1.2333660178497041,0.9431062795584038,1.3077699137229903
2025-06-06,1.2325675519333747,1.2325675519333747,0.9423139173794924,1.3080222303848137
2025-06-09,1.239337328906174,1.239337328906174,0.9496467107920488,1.3050509361239298
2025-06-10,1.2330330456361667,1.2330330456361667,0.941942258678017,1.3090325168834505
2025-06-11,1.237387475067001,1.237387475067001,0.948083938034113,1.3051454891565506
2025-06-12,1.238736333709044,1.238736333709044,0.9495227401973017,1.304588380317934
2025-06-13,1.229793525972783,1.229793525972783,0.9405762244700343,1.3074894878038275
2025-06-16,1.2319929672777656,1.2319929672777656,0.9451130127679268,1.3035403709760183
2025-06-17,1.2318612605184551,1.2318612605184551,0.9427011739714216,1.3067356809675508
2025-06-18,1.2283088787447007,1.2283088787447007,0.9421841258811349,1.303682417272718
2025-06-19,1.2143493293756045,1.2143493293756045,0.9312145730861763,1.304048888916203
2025-06-20,1.2097634483361954,1.2097634483361954,0.9256963431431174,1.3068685614858908
2025-06-23,1.2174402623767067,1.2174402623767067,0.9314511388713602,1.3070360983742846
2025-06-24,1.2301890077971058,1.2301890077971058,0.9465537330320766,1.299650473995244
2025-06-25,1.2433849597182367,1.2433849597182367,0.962556209586682,1.2917530917515367
2025-06-26,1.2384718424066192,1.2384718424066192,0.9588276610812106,1.291652183886801
2025-06-27,1.2465045381219424,1.2465045381219424,0.9635235185574067,1.293693941159025
2025-06-30,1.2608432446952786,1.2608432446952786,0.9722814743040964,1.296788304639578
2025-07-01,1.2678473559413077,1.2678473559413077,0.9755165780172169,1.2996676678916792
2025-07-02,1.2591000409018231,1.2591000409018231,0.9686720078999509,1.2998208171943677
2025-07-03,1.2637228453663238,1.2637228453663238,0.973613981705699,1.2979711354929144
2025-07-04,1.2608432043731879,1.2608432043731879,0.9721294381626497,1.2969910743123
2025-07-07,1.26017713609164,1.26017713609164,0.9704339168340413,1.2985707880067316
2025-07-08,1.2689481539229959,1.2689481539229959,0.9831536301947045,1.2906916222968046
2025-07-09,1.2660636537037064,1.2660636537037064,0.9794448088248108,1.2926339925399124
2025-07-10,1.2757524972745964,1.2757524972745964,0.9845366342681333,1.2957897683745834
2025-07-11,1.2786964452338079,1.2786964452338079,0.9920709348427543,1.2889163469308618
2025-07-14,1.2827726930674084,1.2827726930674084,0.991093116277181,1.2943008805124752
2025-07-15,1.2775716604569365,1.2775716604569365,0.9908525144878915,1.2893661183442946
2025-07-16,1.2786519711266213,1.2786519711266213,0.9907367357826652,1.2906072066829217
2025-07-17,1.2912350206719063,1.2912350206719063,1.0016033904531558,1.2891679810385948
2025-07-18,1.2956490706483936,1.2956490706483936,1.0045097529738025,1.2898322458420013
2025-07-21,1.309691245506298,1.309691245506298,1.0146999973325008,1.2907176987772606
2025-07-22,1.31979633135555,1.31979633135555,1.0233194901660716,1.2897207021253587
2025-07-23,1.311129183231771,1.311129183231771,1.0205773916804979,1.284693541048216
2025-07-24,1.3258393251688985,1.3258393251688985,1.0365325284377753,1.2791101955740414
2025-07-25,1.3299277942959347,1.3299277942959347,1.0377520676848655,1.2815467544795047
2025-07-28,1.3318347484642872,1.3318347484642872,1.0418122878148346,1.2783826453590452
2025-07-29,1.338428199783725,1.338428199783725,1.0472678997536058,1.2780189291571158
2025-07-30,1.3371765370963462,1.3371765370963462,1.040466793271309,1.2851698350623557
2025-07-31,1.324121272230274,1.324121272230274,1.0260444456243072,1.2905106380889757
2025-08-01,1.322540872359705,1.322540872359705,1.023945443766475,1.291612634648657
2025-08-04,1.332025640024122,1.332025640024122,1.0319432454462227,1.2907935062340958
2025-08-05,1.3389825466504948,1.3389825466504948,1.0387916650855562,1.2889808338423803
2025-08-06,1.3530768496657306,1.3530768496657306,1.047737901089767,1.2914268427804094
2025-08-07,1.354034383827178,1.354034383827178,1.0445134534930955,1.2963302476372829
2025-08-08,1.356495697555799,1.356495697555799,1.0423669519961891,1.301360998598465
2025-08-11,1.3654960002405638,1.3654960002405638,1.0536188652367748,1.2960056480515867
2025-08-12,1.3656037685162306,1.3656037685162306,1.0579706500329542,1.2907766094207755
2025-08-13,1.3778599432666887,1.3778599432666887,1.0728550202489255,1.2842927676723697
2025-08-14,1.3597567808356867,1.3597567808356867,1.0599866274234975,1.2828055992940577
2025-08-15,1.3804144063618558,1.3804144063618558,1.083117952641957,1.2744820663296448
2025-08-18,1.3962218945194764,1.3962218945194764,1.0995718356095185,1.2697868836786983
2025-08-19,1.395112966362557,1.395112966362557,1.0975036832088085,1.2711692796179217
2025-08-20,1.410049760697957,1.410049760697957,1.1095416448793085,1.2708398708651774
2025-08-21,1.4050494953998367,1.4050494953998367,1.105599654361349,1.27084834899977
2025-08-22,1.4196933389484805,1.4196933389484805,1.1252619607904704,1.2616558529634991
2025-08-25,1.4412999728237077,1.4412999728237077,1.1465453688949445,1.2570806284036118
2025-08-26,1.4464546192570344,1.4464546192570344,1.1485524883886888,1.2593718039706434
2025-08-27,1.4289650042619735,1.4289650042619735,1.1318196549327644,1.2625377179431125
2025-08-28,1.451075205265717,1.451075205265717,1.1563273907525993,1.2548999676651094
2025-08-29,1.465120770428392,1.465120770428392,1.1617392193729075,1.2611442791948146
2025-09-01,1.4795282187422003,1.4795282187422003,1.1726815990709194,1.26166234714895
2025-09-02,1.4518029604163674,1.4518029604163674,1.1481735835280276,1.2644455344072354
2025-09-03,1.4345110747549015,1.4345110747549015,1.1328862522685095,1.266244578290551
2025-09-04,1.3997986473584898,1.3997986473584898,1.1048541258142348,1.2669533603152292
2025-09-05,1.4296883687172885,1.4296883687172885,1.1404000531391103,1.2536726605561546
2025-09-08,1.4497867576826697,1.4497867576826697,1.1533651235810287,1.2570058934860935
2025-09-09,1.4371598343780174,1.4371598343780174,1.1429480771038432,1.2574148057711316
2025-09-10,1.4335279305390036,1.4335279305390036,1.1435254121729446,1.2536039123214515
2025-09-11,1.4597911759008282,1.4597911759008282,1.17503468270535,1.2423387984939023
2025-09-12,1.4599430781365963,1.4599430781365963,1.1792270653195873,1.2380508564234243
2025-09-15,1.4590796682971159,1.4590796682971159,1.1775469154389575,1.2390841071102552
2025-09-16,1.473104300330741,1.473104300330741,1.186413270530232,1.2416451643973783
2025-09-17,1.4903703247945244,1.4903703247945244,1.1978653722384713,1.2441885034287652
2025-09-18,1.4824001271850107,1.4824001271850107,1.1879405451002447,1.2478740062364972
2025-09-19,1.479194132800603,1.479194132800603,1.1831219691229848,1.2502465269046505
2025-09-22,1.4849921999276232,1.4849921999276232,1.1921645097796099,1.245626914528891
2025-09-23,1.4792204220014318,1.4792204220014318,1.1849762932269852,1.2483122493304457
2025-09-24,1.505225936143904,1.505225936143904,1.208690814378593,1.2453357949259871
2025-09-25,1.5031257277841716,1.5031257277841716,1.2116712369085654,1.2405392502501071
2025-09-26,1.4897511180286105,1.4897511180286105,1.1952476839124488,1.2463953187946388
2025-09-29,1.5135756472629298,1.5135756472629298,1.213395836114936,1.2473881994758718
2025-09-30,1.5264049912873452,1.5264049912873452,1.2236574897739931,1.247411962941745
2025-10-09,1.5474870329937576,1.5474870329937576,1.2462003043212249,1.241764287512862
2025-10-10,1.5356024465910612,1.5356024465910612,1.2213389319568597,1.2573106501490792
2025-10-13,1.5238046209588738,1.5238046209588738,1.2178003686875416,1.2512762026842887
2025-10-14,1.4933375033101737,1.4933375033101737,1.1878256854850624,1.2572025689950894
2025-10-15,1.5160157325638122,1.5160157325638122,1.2043201016555696,1.2588146045887276
2025-10-16,1.4999097319550876,1.4999097319550876,1.194008937015458,1.256196403105875
2025-10-17,1.461112547949079,1.461112547949079,1.1585263203424394,1.2611820053576344
2025-10-20,1.4728610875440973,1.4728610875440973,1.1674224059986087,1.261635103092113
2025-10-21,1.4941570200355598,1.4941570200355598,1.1865790397417533,1.2592140683361033
2025-10-22,1.4861275625707975,1.4861275625707975,1.1772289369240978,1.2623946931289338
2025-10-23,1.4804311471635172,1.4804311471635172,1.1796876093523994,1.2549348958375632
2025-10-24,1.499158781312716,1.499158781312716,1.1988515691756032,1.2504957409728552
2025-10-27,1.519240340016906,1.519240340016906,1.2189036497041648,1.2463990409624541
2025-10-28,1.514710513408041,1.514710513408041,1.2125953619673773,1.2491475399926455
2025-10-29,1.5383782092171987,1.5383782092171987,1.2357286718875253,1.244915849421369
2025-10-30,1.5196202207898386,1.5196202207898386,1.2200809108092405,1.2455077424184298
2025-10-31,1.5207072704955822,1.5207072704955822,1.2110752003550946,1.25566708826149
2025-11-03,1.5234089585768098,1.5234089585768098,1.2115044287256902,1.257452240747641
2025-11-04,1.5036992608238757,1.5036992608238757,1.191221936319194,1.2623166304930702
2025-11-05,1.5041443098468616,1.5041443098468616,1.1943109313556435,1.2594243846864328
2025-11-06,1.5253910468566265,1.5253910468566265,1.2135902835998524,1.2569242416245165
2025-11-07,1.5192655628624012,1.5192655628624012,1.2106519260895658,1.2549152486542228
2025-11-10,1.5268617186110651,1.5268617186110651,1.213302062290178,1.258434948778563
2025-11-11,1.519446170409991,1.519446170409991,1.2046910543893306,1.261274552403988
2025-11-12,1.519344570263874,1.519344570263874,1.1967525007170432,1.2695562109571923
2025-11-13,1.530734276925918,1.530734276925918,1.2152740165996383,1.2595795318729384
2025-11-14,1.5117313527570106,1.5117313527570106,1.1954990483793522,1.2645190766202203
2025-11-17,1.507346015252297,1.507346015252297,1.1956053298207927,1.2607387886755494
2025-11-18,1.4885008401257491,1.4885008401257491,1.1816831669597958,1.2596446168860356
2025-11-19,1.4841431032516785,1.4841431032516785,1.1770309462804616,1.2609210555947767
2025-11-20,1.4711391757974888,1.4711391757974888,1.1669858915083906,1.2606315007767266
2025-11-21,1.427080064447544,1.427080064447544,1.126575806668141,1.2667412667667233
2025-11-24,1.4417669766403327,1.4417669766403327,1.1350954383704321,1.2701724699996724
2025-11-25,1.455783912447402,1.455783912447402,1.149246934177573,1.2667285586358283
2025-11-26,1.4593451055648292,1.4593451055648292,1.1509863853462456,1.267908225626684
2025-11-27,1.4568852111781674,1.4568852111781674,1.1487234391368342,1.2682645461407926
2025-11-28,1.4721831659802735,1.4721831659802735,1.1619876933682245,1.2669524594644315
2025-12-01,1.4842640811966528,1.4842640811966528,1.1736019944889744,1.2647082129772207
2025-12-02,1.4753544318280132,1.4753544318280132,1.1634495260630904,1.2680863232806965
2025-12-03,1.4660858768553042,1.4660858768553042,1.1561917250700489,1.268030072405578
2025-12-04,1.4681072020094168,1.4681072020094168,1.1589660849481744,1.2667387088165452
2025-12-05,1.4809054057757944,1.4809054057757944,1.1730219154698878,1.262470364999596
2025-12-08,1.492000337557515,1.492000337557515,1.1853388009884598,1.258712138937263
2025-12-09,1.4816977663841622,1.4816977663841622,1.176903459167286,1.2589798720045673
2025-12-10,1.487795035653682,1.487795035653682,1.1826647418064178,1.258002359469349
2025-12-11,1.4720204025454677,1.4720204025454677,1.1705833697815302,1.2575100932966403
2025-12-12,1.4812932097897051,1.4812932097897051,1.1850243922726105,1.2500107334912471
2025-12-15,1.4716763095791379,1.4716763095791379,1.1758212772612333,1.2516156477513496
2025-12-16,1.4487606070074768,1.4487606070074768,1.1572111424502132,1.2519414598272476
2025-12-17,1.4686641006535266,1.4686641006535266,1.1797803841662402,1.244862281458801
2025-12-18,1.4643375436687385,1.4643375436687385,1.1737077564447382,1.2476168242291785
2025-12-19,1.4813571531211323,1.4813571531211323,1.1850953486880198,1.2499898466069368
2025-12-22,1.5000307682638683,1.5000307682638683,1.1993545112317396,1.250698400027973
2025-12-23,1.4938793826074903,1.4938793826074903,1.1995476267021001,1.2453689618932366
2025-12-24,1.512775750130059,1.512775750130059,1.2153189587707651,1.2447561516362393
2025-12-25,1.5367371327875532,1.5367371327875532,1.2250177163985108,1.254461149595029
2025-12-26,1.547345525316413,1.547345525316413,1.2329732266160986,1.254970904407317
2025-12-29,1.5436721613711317,1.5436721613711317,1.2283261608330969,1.256728229515323
2025-12-30,1.5492667444255899,1.5492667444255899,1.2330131204520576,1.2564884499019644
2025-12-31,1.561840692950425,1.561840692950425,1.2341177867638193,1.26555237247328
