source_id,ts_code,industry_code,industry_name,strategy_contribution_sum,benchmark_contribution_sum,active_contribution_sum,avg_strategy_weight_when_held,n_periods_held,avg_stock_period_return,rolling_minus_pipeline_b_active_contribution
pipeline_b_frozen_replay,000008.SZ,801890.SI,机械设备,0.0,-0.00011049444109729488,0.00011049444109729488,0.0,0,-0.022159342476302784,0.0
pipeline_b_frozen_replay,000009.SZ,801230.SI,电力设备,0.0,0.002728198694086167,-0.002728198694086167,0.0,0,0.08518318297677581,0.0
pipeline_b_frozen_replay,000009.SZ,801730.SI,电力设备,0.0,-0.0008714700380757423,0.0008714700380757423,0.0,0,-0.006580078541267492,0.0
pipeline_b_frozen_replay,000012.SZ,801710.SI,建筑材料,0.003380025943549309,8.042650561232011e-05,0.003299599437936989,0.017167440201204243,4,0.005993299592583615,0.00098678915918943
pipeline_b_frozen_replay,000021.SZ,801080.SI,电子,0.0,-0.0011780665283425535,0.0011780665283425535,0.0,0,-0.020158638855935943,0.0
pipeline_b_frozen_replay,000027.SZ,801160.SI,公用事业,0.0,0.00010750485664368597,-0.00010750485664368597,0.0,0,0.022147552026034894,0.0
pipeline_b_frozen_replay,000028.SZ,801150.SI,医药生物,0.0002385123041738319,-0.0003030310686767424,0.0005415433728505743,0.008023169445537432,2,-0.010796130140266836,-0.00023851230417383192
pipeline_b_frozen_replay,000031.SZ,801180.SI,房地产,0.0009527478932803285,-0.00011244961413528907,0.0010651975074156177,0.01351065364291552,4,0.0003392204664330323,0.003956716826606778
pipeline_b_frozen_replay,000039.SZ,801890.SI,机械设备,-0.0034790831561305672,-0.0007921565448510961,-0.002686926611279471,0.01781648496084666,13,-0.010765962672058487,0.0032448419912243617
pipeline_b_frozen_replay,000046.SZ,801180.SI,房地产,0.0,-0.00010632334780835761,0.00010632334780835761,0.0,0,-0.02333416693556419,-0.00014599962786986334
pipeline_b_frozen_replay,000046.SZ,801790.SI,房地产,-1.541487750343533e-05,-0.0003463920551449678,0.0003309771776415325,1.746429086097435e-05,8,-0.04024798835070895,-0.00012154469822353282
pipeline_b_frozen_replay,000050.SZ,801080.SI,电子,0.0,-0.0011206654127097163,0.0011206654127097163,0.0,0,-0.020216643628850926,0.0
pipeline_b_frozen_replay,000060.SZ,801050.SI,有色金属,-0.0016357501761809978,-0.00028675044015739036,-0.0013489997360236075,0.0168764544949844,4,-0.004318330611285638,0.001972632444498785
pipeline_b_frozen_replay,000061.SZ,801200.SI,商贸零售,-0.0026458542993813092,-5.2751003840192674e-05,-0.002593103295541117,0.015925177521219507,4,0.0009607804398029477,3.3540823536921255e-06
pipeline_b_frozen_replay,000062.SZ,801080.SI,电子,-0.0015973645241529459,-1.7679339203236467e-05,-0.0015796851849497094,0.00790565197536992,2,0.0010782688177874793,0.0015973645241529459
pipeline_b_frozen_replay,000078.SZ,801150.SI,医药生物,0.0,-6.839862473513096e-05,6.839862473513096e-05,0.0,0,-0.0021891599943229165,0.0
pipeline_b_frozen_replay,000089.SZ,801170.SI,交通运输,-0.00016749011528441454,-2.7949227265351455e-05,-0.00013954088801906305,0.01643496756228336,1,0.0008096600528576294,4.176256349515937e-07
pipeline_b_frozen_replay,000090.SZ,801180.SI,房地产,0.004576364238069987,0.00026643792097765613,0.00430992631709233,0.015768935683820713,6,0.013745407300284625,-0.0017688869085750814
pipeline_b_frozen_replay,000156.SZ,801760.SI,传媒,-0.0003858628464208842,-8.859975998625882e-05,-0.00029726308643462544,0.013282460601604203,2,-0.0021933720232909654,0.0003858628464208843
pipeline_b_frozen_replay,000158.SZ,801750.SI,计算机,0.0,4.124270923449479e-05,-4.124270923449479e-05,0.0,0,0.015038070836859646,0.0
pipeline_b_frozen_replay,000301.SZ,801030.SI,石油石化,0.0,0.0014995266695909011,-0.0014995266695909011,0.0,0,0.1453848599293162,0.0
pipeline_b_frozen_replay,000301.SZ,999999.SI,石油石化,0.0,0.00012371403947067025,-0.00012371403947067025,0.0,0,0.049090909090909296,0.0
pipeline_b_frozen_replay,000400.SZ,801730.SI,电力设备,0.004754861559728453,0.0005124834640618693,0.004242378095666584,0.016953079746745224,4,0.022071183510917764,-2.5304332580342037e-07
pipeline_b_frozen_replay,000401.SZ,801710.SI,建筑材料,0.0,-0.0005120795776670333,0.0005120795776670333,0.0,0,-0.013434072539743718,0.0
pipeline_b_frozen_replay,000401.SZ,999999.SI,建筑材料,0.0,-0.0004741665789201612,0.0004741665789201612,0.0,0,-0.0911547444263387,0.0
pipeline_b_frozen_replay,000402.SZ,801180.SI,房地产,0.0005710894470132817,-0.0001465154589885324,0.0007176049060018145,0.016029646224926024,4,0.0001361988445586354,-0.0015894583272176251
pipeline_b_frozen_replay,000415.SZ,801790.SI,非银金融,-0.0001895725740009839,-6.676480689213369e-05,-0.00012280776710885022,0.00045131513818774015,24,-0.0016437667735948968,-4.365394851842808e-06
pipeline_b_frozen_replay,000488.SZ,801140.SI,轻工制造,0.0,-0.00022492082801096696,0.00022492082801096696,0.0,0,-0.002341837415983599,0.0
pipeline_b_frozen_replay,000501.SZ,801200.SI,商贸零售,-0.0029219220811817306,-9.457545377540452e-05,-0.002827346627406326,0.015945124124649893,6,-0.006555451965441624,0.0011742479174139235
pipeline_b_frozen_replay,000513.SZ,801150.SI,医药生物,0.0011058466021592742,-0.0002674788744305883,0.0013733254765898625,0.017799950118605176,1,-0.002467827894986424,-0.0011058466021592742
pipeline_b_frozen_replay,000519.SZ,801740.SI,国防军工,-0.001595258436622754,0.0010903820003729035,-0.0026856404369956575,0.01758675154520693,1,0.04389508629368419,-0.013372491061355424
pipeline_b_frozen_replay,000528.SZ,801890.SI,机械设备,0.0,0.00020744369538149685,-0.00020744369538149685,0.0,0,0.006219898031264266,0.0
pipeline_b_frozen_replay,000537.SZ,801160.SI,公用事业,0.0,-0.00013110889646647373,0.00013110889646647373,0.0,0,-0.021922874242011864,0.0
pipeline_b_frozen_replay,000537.SZ,801180.SI,公用事业,0.0,0.0008419544206773083,-0.0008419544206773083,0.0,0,0.1146603052899752,0.0
pipeline_b_frozen_replay,000540.SZ,801180.SI,房地产,0.0,-0.0009981711645485737,0.0009981711645485737,0.0,0,-0.020746203982991308,0.0
pipeline_b_frozen_replay,000543.SZ,801160.SI,公用事业,0.0,-6.263452922185221e-05,6.263452922185221e-05,0.0,0,-0.006129539920224396,0.0
pipeline_b_frozen_replay,000547.SZ,801740.SI,国防军工,0.0,-0.0039046189855020336,0.0039046189855020336,0.0,0,-0.039150937312713914,0.0
pipeline_b_frozen_replay,000553.SZ,801030.SI,基础化工,-0.0022735539470516873,0.00011943033457744066,-0.002392984281629128,0.01165394005551849,4,0.008889107496403,-0.0011958999889180142
pipeline_b_frozen_replay,000559.SZ,801880.SI,汽车,-0.0011150923733521559,-4.118235262054297e-05,-0.0010739100207316126,0.013546767353926787,9,-0.0006466827719474785,0.0019095564509576776
pipeline_b_frozen_replay,000563.SZ,801790.SI,非银金融,-7.369624927545876e-05,-0.00027801746978408504,0.00020432122050862626,0.00029812213383271103,20,-0.009251033371379308,-8.537391081472382e-05
pipeline_b_frozen_replay,000564.SZ,801200.SI,未分类,0.0,0.0001781715302418299,-0.0001781715302418299,0.0,0,0.09019018207400498,0.0
pipeline_b_frozen_replay,000581.SZ,801880.SI,汽车,-0.000256241785081145,-0.0002187288672043326,-3.751291787681237e-05,0.016760427825438597,13,-0.005225505755364156,0.00019221926977496418
pipeline_b_frozen_replay,000598.SZ,801160.SI,环保,0.0008194400768306026,0.0004407791909123766,0.0003786608859182259,0.016731476224282796,8,0.024558699898387177,0.000345081175891163
pipeline_b_frozen_replay,000598.SZ,801970.SI,环保,-0.005341276519904423,-0.0003927567718039507,-0.004948519748100473,0.01658419159120138,8,-0.02051579222902829,0.003169931753989578
pipeline_b_frozen_replay,000600.SZ,801160.SI,公用事业,0.0,-0.00010424137491756018,0.00010424137491756018,0.0,0,-0.010069042077853085,-0.002150830355906765
pipeline_b_frozen_replay,000623.SZ,801150.SI,医药生物,0.0,-0.0001603413050144232,0.0001603413050144232,0.0,0,-0.0004183087336496703,0.0
pipeline_b_frozen_replay,000629.SZ,801040.SI,钢铁,0.01911932791601028,0.0004892952657673437,0.018630032650242934,0.017872404084655392,4,0.04670758834459288,-0.00145885101212272
pipeline_b_frozen_replay,000629.SZ,999999.SI,钢铁,0.0,0.0010152460914082675,-0.0010152460914082675,0.0,0,0.05884103528125786,0.0
pipeline_b_frozen_replay,000630.SZ,801050.SI,有色金属,0.005389208410953543,0.0010675704906917016,0.004321637920261841,0.018148951854534738,1,0.018178235425210548,-0.005389208410953543
pipeline_b_frozen_replay,000636.SZ,801080.SI,电子,0.0,-0.002169116837924233,0.002169116837924233,0.0,0,-0.028038019598086758,0.0
pipeline_b_frozen_replay,000656.SZ,801180.SI,房地产,0.0,-0.00135402748349364,0.00135402748349364,0.0,0,-0.05015151173326963,0.0
pipeline_b_frozen_replay,000671.SZ,801180.SI,房地产,0.0,-0.0009086640701866755,0.0009086640701866755,0.0,0,-0.01652457573196138,0.0
pipeline_b_frozen_replay,000681.SZ,801760.SI,传媒,0.0,0.0007428015475099722,-0.0007428015475099722,0.0,0,0.053826113611415406,0.0
pipeline_b_frozen_replay,000685.SZ,801160.SI,环保,-0.0019820955018658927,5.663058655573155e-05,-0.0020387260884216244,0.014778999924175548,5,0.006355710072326613,0.0019820955018658927
pipeline_b_frozen_replay,000685.SZ,801970.SI,环保,0.0,-0.00020116635628604393,0.00020116635628604393,0.0,0,-0.01493916195125373,0.0
pipeline_b_frozen_replay,000686.SZ,801790.SI,非银金融,-0.0002639014645912022,-0.0007855124898134238,0.0005216110252222216,0.0005052200380685445,21,-0.01540699207488049,-5.3810611965179596e-05
pipeline_b_frozen_replay,000690.SZ,801160.SI,公用事业,-0.008405188044768865,-0.0001458394194579772,-0.008259348625310888,0.017363502186108676,4,0.003162716672527363,0.0022850814110952087
pipeline_b_frozen_replay,000709.SZ,801040.SI,钢铁,0.0,0.00014687081073768782,-0.00014687081073768782,0.0,0,0.006784892564351205,0.0
pipeline_b_frozen_replay,000717.SZ,801040.SI,钢铁,-0.0005460298144804501,-0.00018428735734334024,-0.0003617424571371098,0.015516347228152705,1,-0.009098066851959416,-0.0006021598037026279
pipeline_b_frozen_replay,000718.SZ,801180.SI,房地产,0.0,0.00017365321345738408,-0.00017365321345738408,0.0,0,0.02234322486000792,0.0022707901053938594
pipeline_b_frozen_replay,000723.SZ,801950.SI,煤炭,0.0,0.001494133439855213,-0.001494133439855213,0.0,0,0.06090362837933647,0.0
pipeline_b_frozen_replay,000728.SZ,801790.SI,非银金融,-8.698184342704675e-05,-0.000544164783316285,0.00045718293988923826,0.0008432531770263258,12,-0.00909468666825424,-4.035678751257833e-06
pipeline_b_frozen_replay,000729.SZ,801120.SI,食品饮料,-0.0008952946251959305,0.0005571982779856362,-0.0014524929031815668,0.01691881505063733,2,0.01676404350560037,3.3479471142547606e-06
pipeline_b_frozen_replay,000732.SZ,801180.SI,房地产,0.0,-0.00015971493692686339,0.00015971493692686339,0.0,0,-0.02120128227526093,0.0012211106622122326
pipeline_b_frozen_replay,000733.SZ,801740.SI,国防军工,0.0021179790743964494,0.0007361223406075857,0.0013818567337888638,0.021473043066757902,6,0.013837848005421668,-8.796298557965394e-06
pipeline_b_frozen_replay,000738.SZ,801740.SI,国防军工,0.0,0.0003985232336685613,-0.0003985232336685613,0.0,0,0.01044940655826151,-0.0001786627941566994
pipeline_b_frozen_replay,000739.SZ,801150.SI,医药生物,0.0,-8.882997391948254e-05,8.882997391948254e-05,0.0,0,0.007262341495585231,0.0
pipeline_b_frozen_replay,000750.SZ,801790.SI,非银金融,-0.00023422354975546824,-0.0015293891658777951,0.0012951656161223268,0.0004561977548744492,24,-0.020327886776964108,-0.00012535982326740804
pipeline_b_frozen_replay,000758.SZ,801050.SI,有色金属,-0.0007258867736734519,4.842624422959145e-06,-0.000730729398096411,0.0055063696688657645,1,0.004202603524689676,0.0007258867736734519
pipeline_b_frozen_replay,000778.SZ,801040.SI,钢铁,0.001526077826927503,3.9144816992646675e-05,0.0014869330099348563,0.01647831779662041,3,0.003040305895673561,-0.0011216547510211755
pipeline_b_frozen_replay,000783.SZ,801790.SI,非银金融,-5.1879238003717635e-05,-0.00020944126918661244,0.00015756203118289484,0.0007195314252356139,6,-0.009268252369327082,1.1195628346462132e-06
pipeline_b_frozen_replay,000785.SZ,801200.SI,商贸零售,0.0,-0.00016012935908300927,0.00016012935908300927,0.0,0,-0.018707303290589044,0.0
pipeline_b_frozen_replay,000799.SZ,801120.SI,食品饮料,0.00507202258661349,-0.0011759852975495853,0.006248007884163075,0.014822593641294358,2,-0.00870100546275456,-0.0005156812678895652
pipeline_b_frozen_replay,000807.SZ,801050.SI,有色金属,-0.00030823832588073316,0.0011990882736331854,-0.0015073265995139196,0.0188149672063174,5,0.02784584875858256,0.0032329378164437155
pipeline_b_frozen_replay,000813.SZ,801150.SI,医药生物,0.0,-5.554543119399637e-05,5.554543119399637e-05,0.0,0,-0.004154049146460716,0.0
pipeline_b_frozen_replay,000825.SZ,801040.SI,钢铁,0.0,0.0006825835154596487,-0.0006825835154596487,0.0,0,0.01891427883066749,-0.00034589081724104855
pipeline_b_frozen_replay,000826.SZ,801970.SI,环保,0.0,-0.0003582239714610648,0.0003582239714610648,0.0,0,-0.026946251338494365,0.0
pipeline_b_frozen_replay,000830.SZ,801030.SI,基础化工,0.0029880667182752307,4.6567128184181006e-05,0.0029414995900910496,0.01634644506353273,7,0.007490978722004366,-0.002311771000509873
pipeline_b_frozen_replay,000830.SZ,999999.SI,基础化工,0.0,0.0002611132692040532,-0.0002611132692040532,0.0,0,0.06747787610619471,0.0
pipeline_b_frozen_replay,000831.SZ,801050.SI,有色金属,0.0,0.00019661863912920615,-0.00019661863912920615,0.0,0,0.011276974661959427,0.0
pipeline_b_frozen_replay,000869.SZ,801120.SI,食品饮料,-0.0007309645406544373,-0.00030558116326241333,-0.00042538337739202403,0.01630102042060838,1,-0.012682402770780735,0.0007309645406544374
pipeline_b_frozen_replay,000877.SZ,801710.SI,建筑材料,0.0,-0.00018893686058071743,0.00018893686058071743,0.0,0,-0.0033903801039890965,-0.0005497576816303975
pipeline_b_frozen_replay,000878.SZ,801050.SI,有色金属,0.00015227132161182034,-0.0003564699097424677,0.0005087412313542881,0.017038204457548556,9,-0.004353533325784952,-0.0016143315968983156
pipeline_b_frozen_replay,000883.SZ,801160.SI,公用事业,-0.0013612360239260662,0.00017937418666149105,-0.0015406102105875574,0.01633483228711281,1,0.02049719548088146,0.0013612360239260662
pipeline_b_frozen_replay,000887.SZ,801880.SI,汽车,0.007947823944433269,0.00016199739256647413,0.0077858265518667945,0.016609963239150274,5,0.016973197084542202,0.0004997438405866875
pipeline_b_frozen_replay,000898.SZ,801040.SI,钢铁,0.0001493486465755083,0.0001092010188315263,4.0147627743982e-05,0.00451779655890905,1,0.004259531936994132,0.00040401516452399146
pipeline_b_frozen_replay,000930.SZ,801010.SI,农林牧渔,0.0014651349403800719,-2.584493529137777e-05,0.0014909798756714495,0.016794269199559286,5,0.002704375175348934,0.0028418514417522783
pipeline_b_frozen_replay,000932.SZ,801040.SI,钢铁,0.0,-0.0003585576009501255,0.0003585576009501255,0.0,0,0.006867092855355569,0.0
pipeline_b_frozen_replay,000937.SZ,801950.SI,煤炭,-0.0011262524127748025,0.0005782067858904629,-0.0017044591986652656,0.016239903837593446,5,0.04324646866640853,9.002005581261723e-06
pipeline_b_frozen_replay,000959.SZ,801040.SI,钢铁,0.0,0.0001651661081847067,-0.0001651661081847067,0.0,0,0.006885992209228864,0.000407690655283348
pipeline_b_frozen_replay,000959.SZ,999999.SI,钢铁,0.0,-0.0001904216188418793,0.0001904216188418793,0.0,0,-0.04789669171633398,0.0
pipeline_b_frozen_replay,000960.SZ,801050.SI,有色金属,0.0005226039235247583,0.0002613741845092603,0.00026122973901549797,0.015077513196617086,1,0.016392124000235948,0.0014923510414350015
pipeline_b_frozen_replay,000961.SZ,801180.SI,房地产,0.0,-0.0008725582823108213,0.0008725582823108213,0.0,0,-0.033890412545104026,0.0
pipeline_b_frozen_replay,000967.SZ,801160.SI,环保,0.0,-0.00012162253003092687,0.00012162253003092687,0.0,0,-0.0016871004748120848,0.0
pipeline_b_frozen_replay,000967.SZ,801970.SI,环保,0.0,-0.00040857228756395263,0.00040857228756395263,0.0,0,-0.03558005738588974,0.0
pipeline_b_frozen_replay,000970.SZ,801050.SI,有色金属,0.0,0.000807215582190623,-0.000807215582190623,0.0,0,0.030073158786173736,-0.0019185505765379994
pipeline_b_frozen_replay,000975.SZ,801050.SI,有色金属,-0.0005904734709845706,0.0010707250980985779,-0.0016611985690831485,0.0178297972098799,4,0.01836234223170316,0.0014991140210805192
pipeline_b_frozen_replay,000983.SZ,801950.SI,煤炭,0.0,0.002609162292359738,-0.002609162292359738,0.0,0,0.04790996897787906,0.0
pipeline_b_frozen_replay,000987.SZ,801790.SI,非银金融,-8.954667584654186e-05,-1.4190792621561048e-05,-7.53558832249808e-05,0.0008413786427774265,12,0.0005113346262645979,4.7332257987967984e-06
pipeline_b_frozen_replay,000988.SZ,801080.SI,机械设备,0.002338680366859602,0.0005209457778297692,0.0018177345890298326,0.018557301263198423,3,0.014053733133811678,-0.002748089999689294
pipeline_b_frozen_replay,000988.SZ,801890.SI,机械设备,-0.0035291139136195823,-0.001643696001525242,-0.0018854179120943405,0.018584398573568556,2,-0.03710354510393556,-0.0023279807027735194
pipeline_b_frozen_replay,000990.SZ,801030.SI,基础化工,0.004479901869273772,-0.0004978229967559049,0.004977724866029677,0.011390416319584625,6,-0.013915011880895653,-0.00938103664677733
pipeline_b_frozen_replay,000997.SZ,801750.SI,计算机,-0.001467986191017295,-0.00028793220094080286,-0.0011800539900764925,0.012773242861925622,5,-0.00029509974157011326,0.0037365606056989444
pipeline_b_frozen_replay,000998.SZ,801010.SI,农林牧渔,-0.0002259574944375727,-0.0005273700845907152,0.0003014125901531426,0.018259517526694042,1,-0.00441676297341174,3.9441217488723514e-08
pipeline_b_frozen_replay,000999.SZ,801150.SI,医药生物,-0.0024594452091600758,0.001507051955082717,-0.003966497164242792,0.016738666435838375,7,0.037141704335222424,0.0004051774866872895
pipeline_b_frozen_replay,001203.SZ,801040.SI,钢铁,-0.0023080984530823565,-6.362881229075326e-05,-0.002244469640791603,0.013391450406785478,6,-0.005732417809714692,0.0002125605585499928
pipeline_b_frozen_replay,001227.SZ,801780.SI,银行,0.0,-9.977217426143772e-05,9.977217426143772e-05,0.0,0,-0.03661846606029445,0.0
pipeline_b_frozen_replay,001872.SZ,801170.SI,交通运输,0.0006677299779083687,-7.507930847843841e-05,0.000742809286386807,0.007725561457483572,3,-0.002185294164426361,-0.00011486948679447937
pipeline_b_frozen_replay,001914.SZ,801180.SI,房地产,0.0008115848715801976,-0.0004219603871570001,0.0012335452587371976,0.01238625886700491,1,-0.0011387477375644772,-0.0010942761246258504
pipeline_b_frozen_replay,001965.SZ,801170.SI,交通运输,0.0006450330986590481,6.0411353615196764e-05,0.0005846217450438513,0.01595936731198368,1,0.004987384365158304,-0.0006450330986590481
pipeline_b_frozen_replay,002002.SZ,801030.SI,基础化工,0.0,-2.374198691471853e-05,2.374198691471853e-05,0.0,0,0.012104927307886676,0.0
pipeline_b_frozen_replay,002004.SZ,801030.SI,医药生物,0.0,0.0004277007814295807,-0.0004277007814295807,0.0,0,0.029579744755738546,0.0
pipeline_b_frozen_replay,002004.SZ,801150.SI,医药生物,-0.0009720006567394649,-0.0004532541001133071,-0.0005187465566261578,0.010039709416828718,2,-0.022509868812649148,0.0009720006567394649
pipeline_b_frozen_replay,002010.SZ,801170.SI,交通运输,0.0,0.00019958666418234646,-0.00019958666418234646,0.0,0,0.009788472089124048,0.00017772932284616864
pipeline_b_frozen_replay,002013.SZ,801740.SI,国防军工,0.0,-0.0003050647084655878,0.0003050647084655878,0.0,0,0.004106344537307464,0.0
pipeline_b_frozen_replay,002013.SZ,999999.SI,国防军工,0.0,3.095809735618632e-06,-3.095809735618632e-06,0.0,0,0.0008103727714749986,0.0
pipeline_b_frozen_replay,002019.SZ,801150.SI,医药生物,0.0,-0.0008342481950578023,0.0008342481950578023,0.0,0,-0.01371465427626073,0.0
pipeline_b_frozen_replay,002028.SZ,801730.SI,电力设备,0.0023016916067849077,0.001958033291990893,0.00034365831479401436,0.017734722396535813,5,0.03738006247642974,0.006101271391239241
pipeline_b_frozen_replay,002030.SZ,801150.SI,医药生物,-0.0026650638524474035,-0.0008977247783069184,-0.0017673390741404845,0.01798148707035348,9,-0.010465014193636222,5.0175998831671845e-06
pipeline_b_frozen_replay,002038.SZ,801150.SI,医药生物,-0.0011533864310834855,-6.578265847680078e-05,-0.0010876037726066847,0.016665598141887436,1,0.00110540052254514,0.0011533864310834855
pipeline_b_frozen_replay,002048.SZ,801880.SI,汽车,-0.0026898808254836523,4.634030102794616e-05,-0.0027362211265115977,0.01573512139356874,17,0.0027362997245037788,-0.0003130700862566944
pipeline_b_frozen_replay,002051.SZ,801720.SI,建筑装饰,0.0,-5.311042266635615e-05,5.311042266635615e-05,0.0,0,-0.013260673951324168,0.0
pipeline_b_frozen_replay,002056.SZ,801050.SI,有色金属,-0.0012290779257694588,0.0007193929930037228,-0.0019484709187731816,0.017168468018340866,4,0.02018323145586354,0.00047428358976931806
pipeline_b_frozen_replay,002064.SZ,801030.SI,基础化工,0.004246615808005174,0.0009425960316126181,0.0033040197763925553,0.01857734021122942,3,0.07227731015336737,1.721348575948415e-05
pipeline_b_frozen_replay,002065.SZ,801750.SI,计算机,-0.0015920374624934575,-0.0006801921253702608,-0.0009118453371231968,0.012536847907111464,3,-0.014457344280891472,1.0643391918485254e-05
pipeline_b_frozen_replay,002074.SZ,801730.SI,电力设备,0.0,0.001147321529202835,-0.001147321529202835,0.0,0,0.021113006924659273,0.0
pipeline_b_frozen_replay,002075.SZ,801040.SI,钢铁,0.0,-0.0013993281963249067,0.0013993281963249067,0.0,0,-0.03099941054459092,0.0
pipeline_b_frozen_replay,002078.SZ,801140.SI,轻工制造,-0.0015575585877320997,-0.0009428734888680272,-0.0006146850988640724,0.018577131072429746,1,-0.009142524773928453,-1.760456651103172e-07
pipeline_b_frozen_replay,002080.SZ,801030.SI,建筑材料,-0.00010444748860720427,0.0009023516728701334,-0.0010067991614773376,0.01749495434170621,1,0.029977492722476823,0.000483327490756047
pipeline_b_frozen_replay,002080.SZ,801710.SI,建筑材料,0.0017552214112670837,-0.000564714078147989,0.0023199354894150727,0.017458488697505964,1,-0.02346470160155978,-0.003369903134289426
pipeline_b_frozen_replay,002081.SZ,801720.SI,建筑装饰,-0.0018805007157755912,-0.0009524031965206308,-0.0009280975192549604,0.015822664256564364,3,-0.020704081353188488,0.0023255119183263435
pipeline_b_frozen_replay,002085.SZ,801880.SI,汽车,0.0018012982315074781,-0.00046278195354533807,0.0022640801850528163,0.011541626497126908,3,-0.015561844490241172,-6.586608807580222e-05
pipeline_b_frozen_replay,002092.SZ,801030.SI,基础化工,0.0,0.00038742661970357406,-0.00038742661970357406,0.0,0,0.01771428931687553,0.00053499898649419
pipeline_b_frozen_replay,002092.SZ,999999.SI,基础化工,0.0,-0.00020750007092203786,0.00020750007092203786,0.0,0,-0.06781115879828337,0.0
pipeline_b_frozen_replay,002093.SZ,801770.SI,通信,0.0,-0.00010303726350417101,0.00010303726350417101,0.0,0,-0.02516912370365328,0.0
pipeline_b_frozen_replay,002110.SZ,801040.SI,钢铁,-0.0006877254117546901,-0.0001389589109525622,-0.0005487665008021279,0.00609659283933888,1,-0.0023886047057732666,-0.0011995647373676767
pipeline_b_frozen_replay,002124.SZ,801010.SI,农林牧渔,0.00019225378923477896,-0.0010859105880635846,0.0012781643772983634,0.018341064571970194,4,-0.013936689970263464,-0.0007038258271344483
pipeline_b_frozen_replay,002127.SZ,801200.SI,商贸零售,0.0,-0.0016462527116684876,0.0016462527116684876,0.0,0,-0.03997386891080276,0.0
pipeline_b_frozen_replay,002128.SZ,801950.SI,煤炭,-0.0001779654770858105,0.00014181949358415042,-0.0003197849706699611,0.016699888958389936,3,0.01211140564219581,7.896843450632546e-06
pipeline_b_frozen_replay,002131.SZ,801760.SI,传媒,-0.0022393497920959885,-0.001555104044708333,-0.0006842457473876554,0.0167536540001255,1,-0.021778850365490227,-0.0004899041510688222
pipeline_b_frozen_replay,002138.SZ,801080.SI,电子,0.008725552281618518,0.0004609375864058354,0.008264614695212683,0.01828314332739303,8,0.009579242708546981,-0.001781120030705803
pipeline_b_frozen_replay,002146.SZ,801180.SI,房地产,0.0,-0.0009630187362045843,0.0009630187362045843,0.0,0,-0.03337494282008838,0.0
pipeline_b_frozen_replay,002152.SZ,801750.SI,计算机,0.001502354740724608,-0.00023228854125778803,0.0017346432819823959,0.01679738463260145,4,-0.0008380852102309877,0.001952741916869739
pipeline_b_frozen_replay,002153.SZ,801750.SI,计算机,0.0,-0.0004094754971617825,0.0004094754971617825,0.0,0,-0.014682698110006545,0.0
pipeline_b_frozen_replay,002155.SZ,801050.SI,有色金属,0.008219811887747116,0.0007257763274902924,0.007494035560256824,0.01628479330119967,4,0.029943396035128366,-0.010895136882698483
pipeline_b_frozen_replay,002156.SZ,801080.SI,电子,-0.004334072271776369,-0.0010420473016972914,-0.0032920249700790776,0.01716913814738303,5,-0.010901380769495733,0.001085378162027114
pipeline_b_frozen_replay,002174.SZ,801760.SI,传媒,0.0,-5.8887609688789994e-05,5.8887609688789994e-05,0.0,0,0.00037844123916352484,-0.00123569926049042
pipeline_b_frozen_replay,002180.SZ,801080.SI,电子,0.0029704688858923486,0.0004460957103562159,0.0025243731755361333,0.020280917068666155,3,0.009346153236677646,0.004589752612162376
pipeline_b_frozen_replay,002180.SZ,801750.SI,电子,0.004016500396489902,0.0015109655156863712,0.002505534880803531,0.019587169493874308,1,0.06824487733775923,-2.166134343474079e-05
pipeline_b_frozen_replay,002183.SZ,801170.SI,交通运输,0.0,0.0006077056809156117,-0.0006077056809156117,0.0,0,0.027049079822553664,0.0
pipeline_b_frozen_replay,002185.SZ,801080.SI,电子,-0.0008413014208682233,-0.0016603211501270514,0.0008190197292588282,0.019365775722607316,2,-0.014737979729306905,0.0008413014208682232
pipeline_b_frozen_replay,002191.SZ,801140.SI,轻工制造,0.007075452094457404,-0.00023430502286499261,0.007309757117322397,0.016765064586645784,1,0.003875812367962509,0.004181623676246648
pipeline_b_frozen_replay,002195.SZ,801750.SI,计算机,8.017208604324038e-05,-0.0002384754513677941,0.0003186475374110345,0.016755965983036764,1,-0.0013986103936235543,9.554219627364198e-09
pipeline_b_frozen_replay,002203.SZ,801050.SI,有色金属,-0.0005204400782126575,0.0006655701587262937,-0.0011860102369389512,0.016106250841528624,1,0.02076225738482854,0.0005204400782126575
pipeline_b_frozen_replay,002212.SZ,801750.SI,计算机,0.000241494175638076,-0.0020733835078579877,0.002314877683496064,0.01725226184737919,4,-0.026892360700194167,-0.00024149417563807622
pipeline_b_frozen_replay,002217.SZ,801080.SI,电子,0.0,-5.616948108630512e-05,5.616948108630512e-05,0.0,0,-0.00378679846574285,0.0
pipeline_b_frozen_replay,002221.SZ,801030.SI,石油石化,0.0,0.00034886644001639125,-0.00034886644001639125,0.0,0,0.01784213940920264,0.0
pipeline_b_frozen_replay,002221.SZ,801960.SI,石油石化,0.0,-0.0008533208325872139,0.0008533208325872139,0.0,0,-0.034843241472185066,0.0
pipeline_b_frozen_replay,002223.SZ,801150.SI,医药生物,-0.0002859990174298925,0.00025836345797847107,-0.0005443624754083638,0.017941671693434923,1,0.007428207870445569,-0.0012049398776765108
pipeline_b_frozen_replay,002233.SZ,801710.SI,建筑材料,0.0,-0.0006516921846955127,0.0006516921846955127,0.0,0,-0.018932840838390128,0.0
pipeline_b_frozen_replay,002240.SZ,801050.SI,有色金属,-0.0008281054633597301,-0.002157626944952467,0.0013295214815927368,0.0069035797923922655,1,-0.07414541328098385,0.0008281054633597303
pipeline_b_frozen_replay,002242.SZ,801110.SI,家用电器,0.0005336504943275567,-0.0006128038251219014,0.0011464543194494583,0.016264738979287437,1,-0.017752878013525306,-0.0003366394511153341
pipeline_b_frozen_replay,002244.SZ,801180.SI,房地产,0.0,0.0008531333064968308,-0.0008531333064968308,0.0,0,0.03739182887933826,0.0
pipeline_b_frozen_replay,002249.SZ,801730.SI,电力设备,0.0,0.00027293564471407615,-0.00027293564471407615,0.0,0,0.017602559176403566,0.0
pipeline_b_frozen_replay,002250.SZ,801030.SI,基础化工,-0.002256501768994783,-0.001046101564074632,-0.001210400204920151,0.01743056212948142,3,-0.013980416141374005,-0.00035208349582758927
pipeline_b_frozen_replay,002266.SZ,801160.SI,环保,0.00584778061063935,0.0006678619668322848,0.005179918643807065,0.015393842710253186,6,0.04168345530609305,0.00020817959681865804
pipeline_b_frozen_replay,002266.SZ,801970.SI,环保,0.0004088021634938837,-0.0010021443749453848,0.0014109465384392686,0.01001750725146613,2,-0.04403657857624498,-0.0004088021634938838
pipeline_b_frozen_replay,002268.SZ,801750.SI,计算机,0.009651129102335378,0.0010594665042628426,0.008591662598072534,0.016672433824427593,3,0.04064019816807302,-0.000751716350134787
pipeline_b_frozen_replay,002273.SZ,801080.SI,电子,0.0,0.00027433637666394165,-0.00027433637666394165,0.0,0,0.007322772158696668,0.0
pipeline_b_frozen_replay,002281.SZ,801770.SI,通信,0.0006962706516474876,-0.0008562929642170786,0.0015525636158645658,0.016547865931912858,6,-0.020773804196114038,0.0032214931130018845
pipeline_b_frozen_replay,002294.SZ,801150.SI,医药生物,0.0024953963560129084,0.0005396563329961838,0.0019557400230167245,0.015419956933785164,5,0.012016052524884144,-0.003397602327554521
pipeline_b_frozen_replay,002299.SZ,801010.SI,农林牧渔,0.0,-0.00013210020050124352,0.00013210020050124352,0.0,0,0.0029523660805800176,0.0
pipeline_b_frozen_replay,002302.SZ,801710.SI,建筑材料,0.0,-7.717433163738746e-05,7.717433163738746e-05,0.0,0,-0.004059612939247547,0.0
pipeline_b_frozen_replay,002317.SZ,801150.SI,医药生物,-0.000770911582414203,0.00019178703444620423,-0.0009626986168604072,0.016613205429304403,2,0.026235083441662865,0.00558866292531174
pipeline_b_frozen_replay,002326.SZ,801030.SI,基础化工,0.0,-0.0010330520612367282,0.0010330520612367282,0.0,0,-0.05897696562257957,0.00331002215232893
pipeline_b_frozen_replay,002340.SZ,801050.SI,电力设备,0.0,0.0018939772067107104,-0.0018939772067107104,0.0,0,0.03225645200749346,0.0
pipeline_b_frozen_replay,002340.SZ,801730.SI,电力设备,-0.0027475600924850878,-0.0008725832224513886,-0.0018749768700336992,0.021620144990046573,1,-0.0148500158924695,0.0024622551876816276
pipeline_b_frozen_replay,002353.SZ,801890.SI,机械设备,0.0,-0.0011453940617568719,0.0011453940617568719,0.0,0,-0.006645677600541512,0.0
pipeline_b_frozen_replay,002368.SZ,801750.SI,计算机,-0.0027425330192555075,2.060999963441766e-05,-0.0027631430188899252,0.01661154204062125,1,0.008675734081439767,1.7972774179648987e-06
pipeline_b_frozen_replay,002372.SZ,801710.SI,建筑材料,0.0007910056163581392,0.0003094468165152737,0.00048155879984286565,0.016982603794627696,3,0.014300030259556248,-0.0024373740177321642
pipeline_b_frozen_replay,002373.SZ,801750.SI,计算机,0.0,-0.0015782256934932372,0.0015782256934932372,0.0,0,-0.025990426855100338,0.0
pipeline_b_frozen_replay,002375.SZ,801720.SI,建筑装饰,-4.1843432676893255e-05,-0.00021560988420195172,0.00017376645152505847,0.015607600388481819,1,-0.01337435910649811,-2.486109786637412e-07
pipeline_b_frozen_replay,002382.SZ,801150.SI,医药生物,-0.009254427401916801,-0.001378523038522369,-0.007875904363394434,0.017017234039282816,8,-0.03102161276041249,0.01102454904836579
pipeline_b_frozen_replay,002384.SZ,801080.SI,电子,0.00036145375111616327,-0.0005931239406315899,0.0009545776917477531,0.02091502841685919,1,-0.005326458643119055,-0.0021188150652671194
pipeline_b_frozen_replay,002385.SZ,801010.SI,农林牧渔,0.0,-0.0003097375107091626,0.0003097375107091626,0.0,0,0.001572789163752128,0.0
pipeline_b_frozen_replay,002387.SZ,801080.SI,电子,0.0,-0.0008658058359820704,0.0008658058359820704,0.0,0,-0.025649443899574825,0.0
pipeline_b_frozen_replay,002390.SZ,801150.SI,医药生物,0.0,-0.000627691456327782,0.000627691456327782,0.0,0,-0.013515202636527687,0.0
pipeline_b_frozen_replay,002396.SZ,801770.SI,通信,0.00785083704244468,-0.00034145702617036983,0.00819229406861505,0.01674676009171751,5,-0.004004503489576057,-0.005494804258162325
pipeline_b_frozen_replay,002399.SZ,801150.SI,医药生物,-0.0030765789707243116,-0.000257215323790184,-0.0028193636469341274,0.01416413920686046,4,-0.009102020570158645,-0.0005188989575241987
pipeline_b_frozen_replay,002407.SZ,801030.SI,基础化工,-0.0022641365254142108,-0.0017508389739309355,-0.0005132975514832752,0.019934245495494697,1,-0.04962991818493837,-0.0034266846351373283
pipeline_b_frozen_replay,002408.SZ,801030.SI,石油石化,0.0025252893333811773,0.0010257278297710413,0.001499561503610136,0.01667767467971375,2,0.054574417484434805,0.0006222019624303723
pipeline_b_frozen_replay,002408.SZ,801960.SI,石油石化,0.0,-0.0008802414627725804,0.0008802414627725804,0.0,0,-0.034673952065189646,0.0
pipeline_b_frozen_replay,002409.SZ,801080.SI,电子,0.0,-0.0012567065145212965,0.0012567065145212965,0.0,0,-0.030647504235536693,-0.0012113052744219374
pipeline_b_frozen_replay,002416.SZ,801200.SI,商贸零售,-0.0041794187669533635,0.00017390717204003594,-0.004353325938993399,0.016196604079396684,3,0.015848854970197404,-0.007156188282433979
pipeline_b_frozen_replay,002419.SZ,801200.SI,商贸零售,0.0,-0.00010538671400094868,0.00010538671400094868,0.0,0,-0.011036686735753217,0.0
pipeline_b_frozen_replay,002422.SZ,801150.SI,医药生物,0.0028087199132683415,0.001198160400316076,0.0016105595129522654,0.018190678492301764,6,0.020592665636981464,0.001410826528520388
pipeline_b_frozen_replay,002423.SZ,801790.SI,非银金融,1.995521670132697e-06,-7.824110324159738e-05,8.023662491173009e-05,0.0005298909746294851,20,-0.008747414469846587,-2.1822822587388188e-05
pipeline_b_frozen_replay,002424.SZ,801150.SI,医药生物,0.0,2.6980703557355078e-05,-2.6980703557355078e-05,0.0,0,0.016208131827968417,0.0
pipeline_b_frozen_replay,002429.SZ,801110.SI,家用电器,0.0,-0.0004796307043292803,0.0004796307043292803,0.0,0,-0.011452668687923476,0.0
pipeline_b_frozen_replay,002429.SZ,999999.SI,家用电器,0.0,-0.0003100452954269129,0.0003100452954269129,0.0,0,-0.25204918032786894,0.0
pipeline_b_frozen_replay,002430.SZ,801890.SI,机械设备,0.0,0.0007218504474879641,-0.0007218504474879641,0.0,0,0.032445958909666915,-0.003240168083996156
pipeline_b_frozen_replay,002434.SZ,801880.SI,汽车,-4.866531811438166e-06,2.8402685144579353e-05,-3.326921695601752e-05,0.009527645666922956,3,0.008545052637371047,-0.0018736385427145371
pipeline_b_frozen_replay,002439.SZ,801750.SI,计算机,6.847014297665889e-05,-0.0003775217809801441,0.0004459919239568032,0.018152238110598344,3,-0.002334503463425841,-6.84701429766591e-05
pipeline_b_frozen_replay,002440.SZ,801030.SI,基础化工,0.002212782361082534,-0.0001286606569760656,0.0023414430180585997,0.01592596066449942,8,-0.004797893780538718,0.0007709993113424042
pipeline_b_frozen_replay,002444.SZ,801890.SI,机械设备,0.0,-0.0016249520366108925,0.0016249520366108925,0.0,0,-0.019296012496132598,0.0002345322861105185
pipeline_b_frozen_replay,002458.SZ,801010.SI,农林牧渔,0.0010225840321650757,-0.00015907333524790601,0.0011816573674129816,0.01634496883269185,3,-0.007167064265857676,-4.09940774576947e-06
pipeline_b_frozen_replay,002465.SZ,801740.SI,国防军工,-0.0024401572204478953,-0.0008478666980756939,-0.0015922905223722012,0.017763972122405318,6,-0.010523629592296394,0.002134923288618777
pipeline_b_frozen_replay,002468.SZ,801170.SI,交通运输,-0.0012403632901929126,-1.4875854711213308e-05,-0.0012254874354816995,0.01620831163948029,2,0.006329297782784844,0.002068335751476318
pipeline_b_frozen_replay,002497.SZ,801030.SI,有色金属,0.0,-0.0005638387141212989,0.0005638387141212989,0.0,0,-0.09891808346213293,-0.00214444874099435
pipeline_b_frozen_replay,002497.SZ,801050.SI,有色金属,-0.0016229106011418244,-0.0009442947385323632,-0.0006786158626094613,0.02022086127349568,3,-0.04632016594930066,0.0021535376643407158
pipeline_b_frozen_replay,002497.SZ,999999.SI,有色金属,0.0,-7.415111035642281e-05,7.415111035642281e-05,0.0,0,-0.014177040110649686,-0.00029006194851081057
pipeline_b_frozen_replay,002500.SZ,801790.SI,非银金融,-0.00020618307427303016,-0.0013931485973016485,0.0011869655230286184,0.0002993969030058035,24,-0.020257500202186866,-8.876616249658227e-05
pipeline_b_frozen_replay,002503.SZ,801130.SI,纺织服饰,0.0,-0.00014706157274488874,0.00014706157274488874,0.0,0,-0.03380971041482047,0.0
pipeline_b_frozen_replay,002505.SZ,801010.SI,农林牧渔,0.0,-0.0005978820897254804,0.0005978820897254804,0.0,0,-0.02667610172210837,0.0034414576535028406
pipeline_b_frozen_replay,002505.SZ,801200.SI,农林牧渔,0.0,0.0006182513264887684,-0.0006182513264887684,0.0,0,0.03891838890662618,0.0
pipeline_b_frozen_replay,002506.SZ,801730.SI,电力设备,0.002798576327705731,-0.0007076867662854582,0.0035062630939911893,0.017222008170496822,1,-0.004933923921904652,-0.0010474626521273889
pipeline_b_frozen_replay,002507.SZ,801120.SI,食品饮料,-0.005573121909818815,-0.0017067894447110716,-0.003866332465107744,0.018370935093296712,2,-0.015368966594128652,0.003300694908235553
pipeline_b_frozen_replay,002508.SZ,801110.SI,家用电器,0.0,-0.0005979477715026548,0.0005979477715026548,0.0,0,-0.016433240581355407,0.0
pipeline_b_frozen_replay,002511.SZ,801140.SI,美容护理,0.0,-0.00036920882756695983,0.00036920882756695983,0.0,0,-0.007282986571872346,0.0
pipeline_b_frozen_replay,002511.SZ,801980.SI,美容护理,0.0,-0.00025243344317717626,0.00025243344317717626,0.0,0,-0.005585721620781035,0.0
pipeline_b_frozen_replay,002532.SZ,801050.SI,有色金属,0.0,-0.00022514644277446907,0.00022514644277446907,0.0,0,-0.00505767069626344,0.0001649899042748496
pipeline_b_frozen_replay,002532.SZ,801890.SI,有色金属,0.0,2.4250518718626503e-05,-2.4250518718626503e-05,0.0,0,0.011584907480528947,0.0003361842324084667
pipeline_b_frozen_replay,002544.SZ,801770.SI,通信,0.0,-0.00022683221804618386,0.00022683221804618386,0.0,0,-0.03567752014054618,0.0
pipeline_b_frozen_replay,002557.SZ,801120.SI,食品饮料,-0.003601606577110951,-0.00014700711839719287,-0.003454599458713758,0.016476243450469982,5,0.003791507857728476,-0.0015987617154212671
pipeline_b_frozen_replay,002563.SZ,801130.SI,纺织服饰,-0.003575359014471609,-0.0005868034594820094,-0.0029885555549895994,0.016679340739378136,4,-0.022112471194032656,-4.800105854359249e-07
pipeline_b_frozen_replay,002568.SZ,801120.SI,食品饮料,-0.0012839366795842002,0.0014181849516591099,-0.0027021216312433103,0.01438683866658085,3,0.04964394767176922,0.002308057580343907
pipeline_b_frozen_replay,002572.SZ,801140.SI,轻工制造,-0.0004090308194045031,-0.00018378733104735084,-0.0002252434883571522,0.017252011005105292,1,0.005576749917758754,0.0007993321704718271
pipeline_b_frozen_replay,002583.SZ,801770.SI,通信,0.0,-0.00011697913297869646,0.00011697913297869646,0.0,0,-0.0068603171600096395,0.0
pipeline_b_frozen_replay,002589.SZ,801150.SI,医药生物,0.0,-0.0001370967225621251,0.0001370967225621251,0.0,0,-0.02187126505586867,0.0
pipeline_b_frozen_replay,002595.SZ,801890.SI,机械设备,-0.00016506536309963653,-0.0003816023890964816,0.00021653702599684502,0.010979692600662047,1,-0.006318666010305475,0.00016506536309963656
pipeline_b_frozen_replay,002603.SZ,801150.SI,医药生物,0.0,0.0014356479762393085,-0.0014356479762393085,0.0,0,0.03345669213716892,0.0
pipeline_b_frozen_replay,002624.SZ,801760.SI,传媒,0.000843007873803551,-0.00039516708273957114,0.001238174956543122,0.015415409576236097,3,-0.017119748818294162,0.00022592181785020338
pipeline_b_frozen_replay,002625.SZ,801740.SI,国防军工,-0.0004976082338816299,6.781491534275211e-05,-0.0005654231492243816,0.018392065783957412,2,0.006787796594669031,0.0004976082338816294
pipeline_b_frozen_replay,002625.SZ,801880.SI,国防军工,0.0,5.69051680543342e-05,-5.69051680543342e-05,0.0,0,0.002537029571362176,0.0
pipeline_b_frozen_replay,002635.SZ,801080.SI,电子,0.0,-7.916826573719544e-05,7.916826573719544e-05,0.0,0,-0.0012161103044321109,0.0
pipeline_b_frozen_replay,002640.SZ,801200.SI,商贸零售,0.0,-0.0005900535719056108,0.0005900535719056108,0.0,0,-0.10054794121961418,0.0
pipeline_b_frozen_replay,002648.SZ,801960.SI,基础化工,0.0006098652601850986,0.0020393678310579046,-0.0014295025708728059,0.01914529552568702,2,0.06328211962185126,0.003085166897261035
pipeline_b_frozen_replay,002653.SZ,801150.SI,医药生物,-0.0027898907181546015,0.0001810041631811837,-0.0029708948813357856,0.012364246995041574,3,0.016902222633858596,-0.0036356241090784213
pipeline_b_frozen_replay,002670.SZ,801790.SI,非银金融,-0.0011748338250923956,-0.0009236074927350259,-0.0002512263323573697,0.0015702114909409842,23,-0.014844246498401074,-8.024755621616132e-05
pipeline_b_frozen_replay,002670.SZ,999999.SI,非银金融,-0.00014288821475629007,-0.00011909515068305021,-2.3793064073239858e-05,0.0020276518093987872,1,-0.07046979865771796,-0.00016050638647221167
pipeline_b_frozen_replay,002673.SZ,801790.SI,非银金融,-0.00022075475078653112,-0.0008189960550397603,0.0005982413042532292,0.0008429076852592684,12,-0.021761681459431526,-5.85205421692889e-07
pipeline_b_frozen_replay,002683.SZ,801030.SI,基础化工,0.0,-0.0006296087459376033,0.0006296087459376033,0.0,0,-0.003426236915305129,0.0
pipeline_b_frozen_replay,002683.SZ,999999.SI,基础化工,0.0,-0.0002988357213202069,0.0002988357213202069,0.0,0,-0.15483870967741975,0.0
pipeline_b_frozen_replay,002690.SZ,801890.SI,机械设备,-0.01139395060706105,-0.0005321384735868705,-0.010861812133474182,0.016664076227840267,14,-0.010549178860526023,0.0029353210587905534
pipeline_b_frozen_replay,002701.SZ,801140.SI,轻工制造,0.0028190326919663045,5.7519532376012916e-06,0.0028132807387287032,0.016797724655517078,4,0.0014100923310655007,-0.0005121262835621871
pipeline_b_frozen_replay,002705.SZ,801110.SI,家用电器,-0.001525034985074888,-0.0013172746804370095,-0.0002077603046378786,0.015785449845511994,1,-0.030255497171737172,-0.0005584375577549707
pipeline_b_frozen_replay,002709.SZ,801030.SI,电力设备,-0.0049291297105209676,0.004766285576812191,-0.00969541528733316,0.025316256380020573,5,0.06802864765019041,0.009937963605713442
pipeline_b_frozen_replay,002739.SZ,801760.SI,传媒,-0.0007704293569718538,-4.541707099149002e-05,-0.0007250122859803639,0.01177793879470717,1,0.0015530954339652108,-0.0013303279391807075
pipeline_b_frozen_replay,002745.SZ,801080.SI,电子,-0.0007799286346764239,-0.0009507494829670304,0.0001708208482906064,0.0169316266792374,3,-0.01890081594171995,0.0023944671485533055
pipeline_b_frozen_replay,002756.SZ,801040.SI,有色金属,-0.0011794570316081858,-0.0002592111680778013,-0.0009202458635303844,0.021295047385499213,1,-0.05538644785600866,5.998859126231859e-06
pipeline_b_frozen_replay,002756.SZ,801050.SI,有色金属,-0.00530467780835883,-0.00139072528099614,-0.00391395252736269,0.01925462597388668,3,-0.08835428130371781,3.7539412671401887e-06
pipeline_b_frozen_replay,002756.SZ,999999.SI,有色金属,-0.0010374136743460055,-0.0002356632818673762,-0.0008017503924786293,0.019854867371142334,1,-0.052249841560453536,2.057649438915376e-06
pipeline_b_frozen_replay,002791.SZ,801710.SI,建筑材料,-0.002352636873860344,0.001079862226686126,-0.00343249910054647,0.018739376342613374,1,0.054382402236999396,0.0008650852616616713
pipeline_b_frozen_replay,002797.SZ,801790.SI,非银金融,-0.0002862157556012367,-0.0022173710718951484,0.0019311553162939118,0.00046451973375097674,23,-0.019917653971359348,-9.578239331858927e-05
pipeline_b_frozen_replay,002807.SZ,801780.SI,银行,0.0,-4.92088561242508e-05,4.92088561242508e-05,0.0,0,-0.004928039726293447,0.0
pipeline_b_frozen_replay,002815.SZ,801080.SI,电子,-0.001343716837417196,-0.00022656250248564603,-0.0011171543349315495,0.007929055929555855,6,-0.008315141070770657,0.0015875264983385654
pipeline_b_frozen_replay,002818.SZ,801200.SI,商贸零售,-0.0008996934931425375,-4.276654586714833e-05,-0.0008569269472753892,0.01544098822293618,9,-0.008919922760750681,0.0006490282512627925
pipeline_b_frozen_replay,002831.SZ,801140.SI,轻工制造,0.005651453848303695,0.00014661344671185346,0.005504840401591842,0.01693290351747413,8,0.005505017916555934,-0.00030224618890764294
pipeline_b_frozen_replay,002839.SZ,801780.SI,银行,0.0,-4.701989992086773e-05,4.701989992086773e-05,0.0,0,-0.0008869547286987726,0.0
pipeline_b_frozen_replay,002867.SZ,801130.SI,纺织服饰,-0.0018866685340130551,-0.00024395251977410678,-0.0016427160142389484,0.013076690953802528,2,-0.015042391112123807,-0.0002320310751453027
pipeline_b_frozen_replay,002867.SZ,801140.SI,纺织服饰,-0.0006521587231764236,-6.494931344382663e-05,-0.000587209409732597,0.015990172504683042,2,0.0011204689927674278,0.002735924439560433
pipeline_b_frozen_replay,002901.SZ,801150.SI,医药生物,-0.0028609659589366914,-0.00027457764736030894,-0.0025863883115763825,0.015334632497266517,1,-0.022220458077837693,1.9981086444567295e-07
pipeline_b_frozen_replay,002920.SZ,801750.SI,计算机,0.0,0.0007600042283860319,-0.0007600042283860319,0.0,0,0.059777365564981644,0.0
pipeline_b_frozen_replay,002925.SZ,801080.SI,电子,0.0,-0.0009225186706807465,0.0009225186706807465,0.0,0,-0.028652888167321536,0.0
pipeline_b_frozen_replay,002926.SZ,801790.SI,非银金融,-0.0002442309737874568,-0.001236805419884079,0.000992574446096622,0.00048391938274276736,22,-0.018725796280402038,-0.000109585565201375
pipeline_b_frozen_replay,002936.SZ,801780.SI,银行,0.0,-0.0009588188200072604,0.0009588188200072604,0.0,0,-0.021480436574526324,0.0
pipeline_b_frozen_replay,002939.SZ,801790.SI,非银金融,-0.0008532326836340297,-0.0006301813110795472,-0.00022305137255448242,0.00362128740256636,12,-0.029521487118178185,0.0005160533085226805
pipeline_b_frozen_replay,002941.SZ,801720.SI,建筑装饰,0.0,7.322040411124148e-06,-7.322040411124148e-06,0.0,0,0.030481307239585698,0.0
pipeline_b_frozen_replay,002945.SZ,801790.SI,非银金融,-9.71747726520582e-05,-7.105493646609708e-06,-9.006927900544847e-05,0.0008374176165282878,12,-0.000708674367271798,8.153023028830051e-06
pipeline_b_frozen_replay,002946.SZ,801120.SI,食品饮料,-0.0004658531529321251,-0.00012310934955920622,-0.00034274380337291876,0.015392531220162058,3,-0.00861354985780432,0.002945687944129289
pipeline_b_frozen_replay,002948.SZ,801780.SI,银行,0.0,-0.00027936594825609805,0.00027936594825609805,0.0,0,-0.013862118835026591,0.0
pipeline_b_frozen_replay,002957.SZ,801890.SI,机械设备,0.0,4.5437100131089935e-05,-4.5437100131089935e-05,0.0,0,0.02791920351901267,0.0
pipeline_b_frozen_replay,002958.SZ,801780.SI,银行,0.0,-0.0006023059278969663,0.0006023059278969663,0.0,0,-0.018432291431539516,0.0
pipeline_b_frozen_replay,002966.SZ,801780.SI,银行,0.0,0.00037365208029058633,-0.00037365208029058633,0.0,0,0.00867962189180684,0.0
pipeline_b_frozen_replay,002985.SZ,801740.SI,国防军工,-0.010381160239466176,-0.0014840052316459921,-0.008897155007820184,0.01616328297619586,12,-0.02348555383040364,0.00019991643571206502
pipeline_b_frozen_replay,003022.SZ,801030.SI,电力设备,0.0,0.000135226338456119,-0.000135226338456119,0.0,0,0.04411314162801644,0.0
pipeline_b_frozen_replay,003022.SZ,801730.SI,电力设备,0.0,-8.451088436729759e-06,8.451088436729759e-06,0.0,0,0.01793439215914318,-0.002287023826224578
pipeline_b_frozen_replay,003035.SZ,801160.SI,公用事业,-0.0013463244990213783,-0.000582324721958613,-0.0007639997770627655,0.015895315052962166,1,-0.028098242651364107,-0.0022638422526345724
pipeline_b_frozen_replay,300001.SZ,801730.SI,电力设备,-0.0019299763240805776,-0.001557722706779681,-0.00037225361730089607,0.01666116375114823,3,-0.02164359580554708,0.005108660981661968
pipeline_b_frozen_replay,300002.SZ,801750.SI,传媒,0.00022779539294692872,0.00028888344366352273,-6.108805071659421e-05,0.016512261059656568,7,0.018774020727385366,-0.0008407259097695281
pipeline_b_frozen_replay,300009.SZ,801150.SI,医药生物,-0.0018799885403059117,-0.00030976641444471244,-0.0015702221258611997,0.016838587630364284,7,-0.004337492308951085,9.248346631245846e-05
pipeline_b_frozen_replay,300010.SZ,801750.SI,社会服务,0.0,-0.0007464451057174674,0.0007464451057174674,0.0,0,-0.060403776402409355,0.0
pipeline_b_frozen_replay,300012.SZ,801210.SI,社会服务,0.0005467298146708177,-0.00023066047512718715,0.0007773902897980048,0.020760891900047828,4,-0.003303426742170638,-0.0011764552289303082
pipeline_b_frozen_replay,300012.SZ,801230.SI,社会服务,0.0,0.0013286507478316556,-0.0013286507478316556,0.0,0,0.03116813143852909,0.0
pipeline_b_frozen_replay,300017.SZ,801750.SI,计算机,0.0003816304678257215,-0.00042948920080121525,0.0008111196686269367,0.01741902646497731,2,-0.012024768054582089,-2.8488805265498504e-07
pipeline_b_frozen_replay,300017.SZ,801770.SI,计算机,0.0,-0.00025215743576652066,0.00025215743576652066,0.0,0,-0.004586541997711839,0.0
pipeline_b_frozen_replay,300024.SZ,801890.SI,机械设备,0.0,-0.00033685158692817847,0.00033685158692817847,0.0,0,-0.0035987436846259733,0.0
pipeline_b_frozen_replay,300026.SZ,801150.SI,医药生物,0.0,0.00037760423181988645,-0.00037760423181988645,0.0,0,0.02723717780679472,0.0
pipeline_b_frozen_replay,300037.SZ,801030.SI,电力设备,0.0019440604761125767,7.300451387394502e-05,0.0018710559622386312,0.019884343129643718,3,0.02167733742292699,7.251394167906867e-06
pipeline_b_frozen_replay,300037.SZ,801730.SI,电力设备,-0.00210270958502633,-0.0015401410097844364,-0.0005625685752418937,0.018859132576530623,8,-0.024376365618045893,-0.0004304374307105125
pipeline_b_frozen_replay,300058.SZ,801760.SI,传媒,0.0,-0.0006848898303803603,0.0006848898303803603,0.0,0,0.00623272125899367,0.0
pipeline_b_frozen_replay,300070.SZ,801160.SI,环保,0.0,-0.00017658941256667272,0.00017658941256667272,0.0,0,-0.00298158511260325,0.0
pipeline_b_frozen_replay,300070.SZ,801970.SI,环保,0.0,-0.0008047000542718986,0.0008047000542718986,0.0,0,-0.030110693068830213,0.0
pipeline_b_frozen_replay,300072.SZ,801030.SI,环保,0.0,0.0004241171793921539,-0.0004241171793921539,0.0,0,0.028772289448273602,0.0
pipeline_b_frozen_replay,300072.SZ,801970.SI,环保,0.0,-0.0008743687268147962,0.0008743687268147962,0.0,0,-0.04295004461051403,0.0
pipeline_b_frozen_replay,300073.SZ,801730.SI,电力设备,-0.003925810838551971,-0.001938290522968658,-0.0019875203155833134,0.019326997269107898,3,-0.07154864364793206,0.0007751968416375506
pipeline_b_frozen_replay,300088.SZ,801080.SI,电子,-0.0028064524882225237,-0.0012407974585776312,-0.0015656550296448924,0.01729848642735175,1,-0.009094746830817152,-0.001418414458279134
pipeline_b_frozen_replay,300113.SZ,801760.SI,传媒,0.0,-7.749887026448847e-05,7.749887026448847e-05,0.0,0,0.0034724378415836956,0.0
pipeline_b_frozen_replay,300115.SZ,801080.SI,电子,-0.0030757230258712798,-0.0015042100595697452,-0.0015715129663015344,0.01762372288914683,3,-0.021549143189750958,-0.00015263168653972922
pipeline_b_frozen_replay,300133.SZ,801760.SI,传媒,-0.002966510215306493,-0.0001926230570756502,-0.002773887158230843,0.016333565600011268,4,-0.007656884856088033,0.002180374834142651
pipeline_b_frozen_replay,300134.SZ,801770.SI,通信,0.0,5.614043071498138e-05,-5.614043071498138e-05,0.0,0,0.019838136853626714,0.0
pipeline_b_frozen_replay,300136.SZ,801080.SI,电子,-0.00040121172615752555,-0.0013231892756497936,0.0009219775494922681,0.01779125673947586,2,-0.03135616224715545,1.1812213596612336e-06
pipeline_b_frozen_replay,300144.SZ,801210.SI,社会服务,0.0,-0.0002304321415378976,0.0002304321415378976,0.0,0,-0.00635147550547438,0.0
pipeline_b_frozen_replay,300146.SZ,801120.SI,食品饮料,-0.0019120992527570913,0.0006632492102560236,-0.0025753484630131156,0.01883977673258482,7,0.012022267144543622,0.00020698543583299667
pipeline_b_frozen_replay,300166.SZ,801750.SI,计算机,0.0,-0.0004985433817107759,0.0004985433817107759,0.0,0,-0.008050128470399464,0.003721356198440214
pipeline_b_frozen_replay,300168.SZ,801750.SI,计算机,-0.006965904238363199,-0.0022565051776575764,-0.004709399060705622,0.016422726200624387,10,-0.035634797364532275,-0.003262932735548823
pipeline_b_frozen_replay,300180.SZ,801030.SI,基础化工,0.0,-0.00018764773112162582,0.00018764773112162582,0.0,0,-0.011651615893650222,0.0
pipeline_b_frozen_replay,300182.SZ,801760.SI,传媒,0.0,0.0006332409428685918,-0.0006332409428685918,0.0,0,0.02879610822534881,0.0015738845673220392
pipeline_b_frozen_replay,300182.SZ,999999.SI,传媒,0.0,-0.00011338772400719296,0.00011338772400719296,0.0,0,-0.09609609609609604,0.0
pipeline_b_frozen_replay,300207.SZ,801080.SI,电力设备,0.0,0.001927119103704984,-0.001927119103704984,0.0,0,0.03907125772954692,-0.0059772432040580276
pipeline_b_frozen_replay,300212.SZ,801750.SI,计算机,0.0,-0.0005331615773272798,0.0005331615773272798,0.0,0,-0.003351320119830345,0.0
pipeline_b_frozen_replay,300223.SZ,801080.SI,电子,0.0,0.0006775932627335092,-0.0006775932627335092,0.0,0,0.03450578257343663,-0.0011534693128311367
pipeline_b_frozen_replay,300244.SZ,801150.SI,医药生物,-0.0038364615969332435,-0.0008907344216923544,-0.002945727175240889,0.017244825671359276,20,-0.012722402356019758,-0.00039296604663698314
pipeline_b_frozen_replay,300251.SZ,801760.SI,传媒,-0.004791008185252674,-0.00011258679266857545,-0.0046784213925840975,0.014041696807173343,6,0.004872224039172769,0.0021516673683505405
pipeline_b_frozen_replay,300253.SZ,801750.SI,计算机,-0.0033578048439403046,-0.0013286233411795114,-0.0020291815027607928,0.017224627682412164,2,-0.01230732876254926,0.003357804843940304
pipeline_b_frozen_replay,300257.SZ,801890.SI,机械设备,0.006437691362025917,7.735712548992608e-08,0.006437614004900427,0.01609725257827983,4,0.0038670402677494034,-4.9386288618613605e-06
pipeline_b_frozen_replay,300271.SZ,801750.SI,计算机,-0.0002879919496236406,-0.002069326753647547,0.0017813348040239066,0.013267828427252076,3,-0.0546257547150378,-0.0010213777473447104
pipeline_b_frozen_replay,300274.SZ,801730.SI,电力设备,-0.0003643128447612204,0.007218390485302607,-0.007582703330063827,0.0016705081162455458,4,0.09905846821398484,0.013173558810046644
pipeline_b_frozen_replay,300285.SZ,801030.SI,电子,0.0021754941056974474,-0.001537408257780669,0.003712902363478117,0.02131150754133858,2,-0.016202841334061715,-0.0021754941056974482
pipeline_b_frozen_replay,300285.SZ,801080.SI,电子,-0.0013403023985929113,-0.0005564966625771002,-0.0007838057360158111,0.01593750558928332,1,-0.024520096335993474,0.0013403023985929113
pipeline_b_frozen_replay,300285.SZ,999999.SI,电子,0.0,-1.9988844291291877e-05,1.9988844291291877e-05,0.0,0,-0.005021971123666202,0.0
pipeline_b_frozen_replay,300296.SZ,801080.SI,电子,0.0,-0.00028784678760631,0.00028784678760631,0.0,0,-0.0026564369021987444,0.0
pipeline_b_frozen_replay,300308.SZ,801770.SI,通信,-0.0001335524381259189,-0.0009567229387901345,0.0008231705006642156,0.017719580740925382,2,-0.014775782130910377,0.0001335524381259189
pipeline_b_frozen_replay,300315.SZ,801760.SI,传媒,0.0,-0.0008800236274632343,0.0008800236274632343,0.0,0,-0.019371721989886792,0.0
pipeline_b_frozen_replay,300316.SZ,801730.SI,电力设备,0.0017373933387999508,0.0032367372114821373,-0.001499343872682186,0.020928192531387727,5,0.06902324322322569,3.9772112865072524e-05
pipeline_b_frozen_replay,300324.SZ,801750.SI,计算机,0.0,6.429766888641419e-06,-6.429766888641419e-06,0.0,0,0.014564365863506587,0.0
pipeline_b_frozen_replay,300357.SZ,801150.SI,医药生物,-0.0005073788760226032,-0.0009502780709397127,0.00044289919491710965,0.016970925014856975,4,-0.00656016253920257,-0.0026782541421357282
pipeline_b_frozen_replay,300363.SZ,801150.SI,医药生物,-0.0027584541548905193,-0.0024672333731071217,-0.00029122078178339715,0.01767618107580774,2,-0.05441144641241244,-0.006669928042558703
pipeline_b_frozen_replay,300376.SZ,801730.SI,电力设备,0.0,-0.00021623104259697716,0.00021623104259697716,0.0,0,0.0033971984434503035,0.0
pipeline_b_frozen_replay,300383.SZ,801750.SI,计算机,0.0,-0.001427916593999922,0.001427916593999922,0.0,0,-0.04810670823778854,0.0
pipeline_b_frozen_replay,300383.SZ,801770.SI,计算机,0.0,5.186770925848706e-05,-5.186770925848706e-05,0.0,0,0.007765086023631092,0.0
pipeline_b_frozen_replay,300390.SZ,801050.SI,有色金属,-0.002123997658744362,-0.001479567475491532,-0.0006444301832528297,0.019254237338728303,2,-0.07977262801511664,0.0018075268406411546
pipeline_b_frozen_replay,300390.SZ,801080.SI,有色金属,0.0,-0.0006255176188125517,0.0006255176188125517,0.0,0,-0.11477272727272725,-0.0025697546871434065
pipeline_b_frozen_replay,300390.SZ,999999.SI,有色金属,0.0,3.348795520345198e-05,-3.348795520345198e-05,0.0,0,0.006710543295909366,0.00013588931005072323
pipeline_b_frozen_replay,300418.SZ,801760.SI,传媒,0.0,-0.0010327835902901896,0.0010327835902901896,0.0,0,-0.010343809414910032,0.0
pipeline_b_frozen_replay,300459.SZ,801760.SI,传媒,-0.00025486290210900795,1.581666671833262e-05,-0.00027067956882734055,0.016719006378350786,1,0.007544735934762477,0.0002884066537965823
pipeline_b_frozen_replay,300463.SZ,801150.SI,医药生物,-0.01299548659024938,-0.0021109321613302754,-0.010884554428919103,0.017267474786094694,11,-0.04048769129387515,-0.0005562081418416
pipeline_b_frozen_replay,300474.SZ,801740.SI,国防军工,-0.00047728960913871185,0.0003607949875599777,-0.0008380845966986896,0.0069224412653914585,1,0.017455963509751343,0.0003022947961944008
pipeline_b_frozen_replay,300482.SZ,801150.SI,医药生物,-0.00196432285893282,-0.0015743874683778647,-0.00038993539055495513,0.01714651629705971,4,-0.01668712442037068,0.0009145217261677082
pipeline_b_frozen_replay,300496.SZ,801750.SI,计算机,-0.002046311640087749,0.00190383942914911,-0.003950151069236859,0.016590102201287246,4,0.05393610432161877,0.004484148415430535
pipeline_b_frozen_replay,300558.SZ,801150.SI,医药生物,0.0,-0.0003868089741375003,0.0003868089741375003,0.0,0,-0.027568361466378366,0.0
pipeline_b_frozen_replay,300595.SZ,801150.SI,医药生物,0.0,0.0032205992828591473,-0.0032205992828591473,0.0,0,0.11073949766704146,0.0
pipeline_b_frozen_replay,300618.SZ,801050.SI,有色金属,-0.002325769268102384,-0.0017447291629530681,-0.000581040105149316,0.011972330729110333,3,-0.02725017300891989,-0.00036502443702582463
pipeline_b_frozen_replay,300630.SZ,801150.SI,医药生物,0.0,-0.0006413132617036884,0.0006413132617036884,0.0,0,-0.012085371924853571,0.0
pipeline_b_frozen_replay,300676.SZ,801150.SI,医药生物,0.0,-0.0007565063233211414,0.0007565063233211414,0.0,0,-0.04952533906864598,0.0
pipeline_b_frozen_replay,300677.SZ,801150.SI,医药生物,0.0,-0.00028980940755167636,0.00028980940755167636,0.0,0,-0.025775628126311383,0.0
pipeline_b_frozen_replay,300699.SZ,801030.SI,国防军工,-0.00442251860713726,-0.000304618690370869,-0.0041178999167663915,0.018641249269289326,2,-0.0004014348705020561,0.0034005798886251495
pipeline_b_frozen_replay,300699.SZ,801740.SI,国防军工,0.00319283110476429,-0.0004978637783735245,0.003690694883137814,0.01745886039004072,1,-0.005156760349528046,-0.00319283110476429
pipeline_b_frozen_replay,300724.SZ,801730.SI,电力设备,0.0,0.0003914425817856848,-0.0003914425817856848,0.0,0,0.021542625476198795,0.0
pipeline_b_frozen_replay,300741.SZ,801030.SI,基础化工,0.0,-0.00040454798741376425,0.00040454798741376425,0.0,0,-0.0432940792647619,0.0
pipeline_b_frozen_replay,300741.SZ,801120.SI,基础化工,0.0,-5.248462065694695e-06,5.248462065694695e-06,0.0,0,0.038203971689967274,0.0
pipeline_b_frozen_replay,300751.SZ,801730.SI,电力设备,0.0016031791221554502,0.0015573912861618217,4.5787835993628314e-05,0.01923053341302849,1,0.046961145792271175,-0.00160317912215545
pipeline_b_frozen_replay,300763.SZ,801730.SI,电力设备,0.0,0.0016462607951786368,-0.0016462607951786368,0.0,0,0.06842744126662308,0.011111670980055569
pipeline_b_frozen_replay,300769.SZ,801730.SI,电力设备,-0.0050507331542042075,-0.0031405808499357637,-0.001910152304268444,0.02134122794334932,2,-0.09621532896747152,1.8608907761671206e-05
pipeline_b_frozen_replay,300832.SZ,801150.SI,医药生物,-0.001770334428530001,0.0003003053349738863,-0.0020706397635038873,0.017396641610181892,1,0.03789230158698418,0.0001828780096373502
pipeline_b_frozen_replay,300869.SZ,801150.SI,医药生物,0.0,-0.00013097187123518154,0.00013097187123518154,0.0,0,-0.012811728526359265,0.0
pipeline_b_frozen_replay,300888.SZ,801980.SI,美容护理,0.0,6.433899084480743e-05,-6.433899084480743e-05,0.0,0,0.008718049071901157,-0.0004992223890157265
pipeline_b_frozen_replay,600006.SH,801880.SI,汽车,0.0,-0.0005272930018927998,0.0005272930018927998,0.0,0,-0.01720232516180731,0.0
pipeline_b_frozen_replay,600006.SH,999999.SI,汽车,0.0,-4.3108808290155275e-05,4.3108808290155275e-05,0.0,0,-0.05526770293609651,0.0
pipeline_b_frozen_replay,600008.SH,801160.SI,环保,-0.0025392714678846907,0.00038444047738942107,-0.002923711945274112,0.017564558489386383,4,0.01669566287220774,9.207383048548184e-05
pipeline_b_frozen_replay,600008.SH,801970.SI,环保,0.00033373375877927846,-0.00034441193656475515,0.0006781456953440336,0.016949469812454557,2,-0.013044819124207565,1.0042228841203185e-06
pipeline_b_frozen_replay,600021.SH,801160.SI,公用事业,0.0,0.0004252875622488528,-0.0004252875622488528,0.0,0,0.027600927015494246,0.0
pipeline_b_frozen_replay,600022.SH,801040.SI,钢铁,0.0,0.0002869174076733333,-0.0002869174076733333,0.0,0,0.008929788128506222,0.0
pipeline_b_frozen_replay,600026.SH,801170.SI,交通运输,0.0008004344385998802,0.0014917813894296961,-0.0006913469508298158,0.016344354826894295,1,0.03754363689885174,-5.848452468441758e-07
pipeline_b_frozen_replay,600027.SH,801160.SI,公用事业,0.0,0.001594218343664004,-0.001594218343664004,0.0,0,0.052385083489733204,0.001261366280757935
pipeline_b_frozen_replay,600037.SH,801760.SI,传媒,-0.0009037616333396931,-5.1388235664223816e-05,-0.0008523733976754693,0.016556143963946193,1,-0.0001566334723521375,1.7648984726576205e-06
pipeline_b_frozen_replay,600038.SH,801740.SI,国防军工,0.0,-0.0006762390966786414,0.0006762390966786414,0.0,0,-0.004550417053169345,0.0
pipeline_b_frozen_replay,600039.SH,801720.SI,建筑装饰,0.008537858102084166,0.0011760364456710342,0.007361821656413133,0.017186882967842845,6,0.031822231977914194,0.0012600621352886789
pipeline_b_frozen_replay,600039.SH,999999.SI,建筑装饰,0.0,0.0005581280935984245,-0.0005581280935984245,0.0,0,0.29525862068965547,0.0
pipeline_b_frozen_replay,600053.SH,801790.SI,非银金融,-2.7091309849324907e-05,-2.7076144473967914e-05,-1.5165375356990242e-08,7.834454798179599e-05,6,-0.0074181353106965164,-1.243779504207884e-05
pipeline_b_frozen_replay,600056.SH,801150.SI,医药生物,0.0,0.0009079794436791501,-0.0009079794436791501,0.0,0,0.07907998118695836,0.0
pipeline_b_frozen_replay,600060.SH,801110.SI,家用电器,0.0,0.00020805043310487552,-0.00020805043310487552,0.0,0,0.011015759851442231,0.0
pipeline_b_frozen_replay,600062.SH,801150.SI,医药生物,-0.00025051108557880747,0.0007694528090684964,-0.001019963894647304,0.01591264635993267,4,0.03273320958296343,0.0002542810972153154
pipeline_b_frozen_replay,600064.SH,801180.SI,房地产,0.0007924454900916018,-3.959595480305467e-05,0.0008320414448946562,0.014249824779348066,7,0.0014234302040012174,-0.0019027351862666401
pipeline_b_frozen_replay,600066.SH,801880.SI,汽车,-0.003078884192073592,-0.0009409128984950125,-0.002137971293578579,0.013921859009459987,4,-0.023433962836236624,0.003078884192073592
pipeline_b_frozen_replay,600068.SH,801720.SI,建筑装饰,0.0,0.0013646526125723412,-0.0013646526125723412,0.0,0,0.12396751292559298,0.0
pipeline_b_frozen_replay,600073.SH,801120.SI,食品饮料,0.0,-0.00024886817183898246,0.00024886817183898246,0.0,0,-0.03632298374853302,0.0
pipeline_b_frozen_replay,600079.SH,801150.SI,医药生物,0.0,0.00019753809480191394,-0.00019753809480191394,0.0,0,0.022844223876180837,0.0
pipeline_b_frozen_replay,600089.SH,801730.SI,电力设备,0.014419129629938122,0.006584480285936459,0.007834649344001663,0.014652606533509216,3,0.07723902428539256,0.0011903859031083038
pipeline_b_frozen_replay,600094.SH,801180.SI,房地产,0.0,-0.0001260474629422251,0.0001260474629422251,0.0,0,-0.008916750644433693,0.0
pipeline_b_frozen_replay,600095.SH,801790.SI,非银金融,-0.0013230314205596033,-0.00034574435288267446,-0.0009772870676769288,0.004500099430684113,18,-0.017029835305050714,0.0005935408320729388
pipeline_b_frozen_replay,600096.SH,801030.SI,基础化工,0.0,-0.0021279485647980522,0.0021279485647980522,0.0,0,-0.06129921690767672,0.0
pipeline_b_frozen_replay,600109.SH,801790.SI,非银金融,-2.5348094314805886e-05,-9.073088397423094e-05,6.538278965942504e-05,0.0007201791531188448,6,-0.0034540389987797737,9.55550970597373e-07
pipeline_b_frozen_replay,600118.SH,801740.SI,国防军工,0.0,-0.0004618856790451168,0.0004618856790451168,0.0,0,-0.014201170690977094,0.0
pipeline_b_frozen_replay,600120.SH,801790.SI,非银金融,-0.0002080130241493256,-0.00027649119416926456,6.847817001993897e-05,0.0005296010310959115,20,-0.008753767591304315,-8.603360307525615e-06
pipeline_b_frozen_replay,600126.SH,801040.SI,钢铁,0.0,-8.41027497846294e-05,8.41027497846294e-05,0.0,0,-0.002468072061076363,0.0
pipeline_b_frozen_replay,600131.SH,801160.SI,计算机,0.0,0.0005737526801105788,-0.0005737526801105788,0.0,0,0.04252380683015339,0.0
pipeline_b_frozen_replay,600131.SH,801750.SI,计算机,-0.0005752678921168968,-0.0004518123782756571,-0.00012345551384123968,0.0034989545043159465,1,-0.016984124190411582,0.0032577303390586895
pipeline_b_frozen_replay,600132.SH,801120.SI,食品饮料,0.005435333983198124,0.0035515145103505383,0.001883819472847586,0.021522239869415986,2,0.10703466909106879,0.008512344427812284
pipeline_b_frozen_replay,600141.SH,801030.SI,基础化工,0.0012203147472385186,0.0023469988931341503,-0.0011266841458956321,0.01936513163041646,3,0.06072718024200372,0.006722231449687288
pipeline_b_frozen_replay,600143.SH,801030.SI,基础化工,0.01283855603001912,0.0011738511135983552,0.011664704916420765,0.020879558702441074,1,0.03121324317456074,-0.003637502112441236
pipeline_b_frozen_replay,600153.SH,801170.SI,交通运输,0.0,0.0016874440449189555,-0.0016874440449189555,0.0,0,0.03146150910619331,0.0
pipeline_b_frozen_replay,600155.SH,801790.SI,非银金融,-0.0020054835616312924,-0.0014493919535380677,-0.0005560916080932246,0.0013937541669202362,24,-0.026234972944963537,0.0014667835139319718
pipeline_b_frozen_replay,600157.SH,801950.SI,公用事业,0.0,-0.001306446650962064,0.001306446650962064,0.0,0,-0.01752080894260331,0.0
pipeline_b_frozen_replay,600158.SH,801210.SI,社会服务,0.0,-0.0008501969429205177,0.0008501969429205177,0.0,0,-0.09818708203213496,0.0
pipeline_b_frozen_replay,600158.SH,801760.SI,社会服务,0.0,0.0002820677336761387,-0.0002820677336761387,0.0,0,0.021884444027438842,0.0
pipeline_b_frozen_replay,600160.SH,801030.SI,基础化工,0.007875612474791979,0.001703548338274104,0.006172064136517874,0.01843160988951025,4,0.03754886543954532,0.00296035830799806
pipeline_b_frozen_replay,600166.SH,801880.SI,汽车,0.0,-1.5009828317903205e-05,1.5009828317903205e-05,0.0,0,0.0034125500327323913,0.0
pipeline_b_frozen_replay,600167.SH,801160.SI,公用事业,0.0004999524831937052,-0.0007156499047682632,0.0012156023879619684,0.014101400393450456,4,-0.01997077591135782,0.00032703279861653087
pipeline_b_frozen_replay,600170.SH,801720.SI,建筑装饰,0.0,-0.00014253218891909522,0.00014253218891909522,0.0,0,0.0038402942551023687,0.0
pipeline_b_frozen_replay,600171.SH,801080.SI,电子,0.002556580976107787,0.0006292971585183993,0.0019272838175893882,0.016701507162695414,1,0.02499349745670466,-0.0031646413649876765
pipeline_b_frozen_replay,600177.SH,801130.SI,纺织服饰,-0.00046740094178564955,-0.00017006415948084104,-0.00029733678230480854,0.018054680147296887,3,-0.004861876828644464,0.00032599132966324373
pipeline_b_frozen_replay,600177.SH,801180.SI,纺织服饰,0.0009883621779348398,0.00013406021064784425,0.0008543019672869955,0.017927791727540342,1,0.008339855600771088,-0.0009883621779348398
pipeline_b_frozen_replay,600188.SH,801950.SI,煤炭,0.0,0.004245487288158833,-0.004245487288158833,0.0,0,0.09227333968660699,0.0
pipeline_b_frozen_replay,600195.SH,801010.SI,农林牧渔,0.0030514821766800112,-0.00016405702036342284,0.003215539197043434,0.016239803712018212,5,-0.000959342886786424,0.001088548890348175
pipeline_b_frozen_replay,600201.SH,801010.SI,农林牧渔,-0.01466373443826173,-0.0021741694635446893,-0.012489564974717041,0.018297006165188617,14,-0.031211405860006185,0.001570513344929865
pipeline_b_frozen_replay,600208.SH,801180.SI,房地产,-0.0007930213069564388,-0.0002885451537948954,-0.0005044761531615434,0.016836013899095215,3,-0.007753215077406623,0.000585632852125745
pipeline_b_frozen_replay,600216.SH,801150.SI,医药生物,0.0011720056444476151,-0.00011396270344135388,0.001285968347888969,0.008737580191600562,2,-0.0020122208413691314,0.0010436086289833887
pipeline_b_frozen_replay,600219.SH,801050.SI,有色金属,0.0,0.0020042638006041425,-0.0020042638006041425,0.0,0,0.04692943656704355,0.0
pipeline_b_frozen_replay,600233.SH,801170.SI,交通运输,0.0028409162634456765,0.0009115129789979091,0.0019294032844477677,0.01948009551559035,8,0.018452590305842658,1.3103246542603593e-05
pipeline_b_frozen_replay,600236.SH,801160.SI,公用事业,0.0007968283746990791,-0.00013793117546198526,0.0009347595501610646,0.017388456897609504,8,-0.005813708902886581,-0.0023356970394181453
pipeline_b_frozen_replay,600256.SH,801030.SI,石油石化,0.0009171278311667708,0.002502461912660231,-0.0015853340814934603,0.015234253517787408,2,0.09522015953657122,0.002797808474983087
pipeline_b_frozen_replay,600256.SH,801960.SI,石油石化,0.004474823668345191,0.0018891137682522413,0.00258570990009295,0.014585627301551898,2,0.036551205124848336,0.010992506691978394
pipeline_b_frozen_replay,600258.SH,801210.SI,社会服务,0.001133755041302487,0.0005350332291034292,0.0005987218121990578,0.017139419028855008,3,0.01630669703855798,5.929068099361332e-06
pipeline_b_frozen_replay,600259.SH,801050.SI,有色金属,0.0,0.0004928115469721474,-0.0004928115469721474,0.0,0,0.025572964174335494,0.0
pipeline_b_frozen_replay,600260.SH,801770.SI,通信,0.0,-0.0013281354547856222,0.0013281354547856222,0.0,0,-0.12145653869125034,-0.004493228472008468
pipeline_b_frozen_replay,600266.SH,801180.SI,房地产,0.0,-0.0002156207703027388,0.0002156207703027388,0.0,0,-0.006763161112567566,0.0
pipeline_b_frozen_replay,600271.SH,801750.SI,计算机,0.0025596539856317037,-0.0004556196831152112,0.003015273668746915,0.017363734639372963,1,-0.009845873815643355,-0.0025596539856317037
pipeline_b_frozen_replay,600273.SH,801030.SI,基础化工,-0.0015560141872332886,-6.403489566981272e-05,-0.0014919792915634759,0.016411854901134216,1,-0.0023124660174003164,0.0005229621286219812
pipeline_b_frozen_replay,600277.SH,801030.SI,基础化工,0.0,6.724729933825434e-05,-6.724729933825434e-05,0.0,0,0.016443152540213706,0.0
pipeline_b_frozen_replay,600282.SH,801040.SI,钢铁,-0.0004521809313138744,0.00030063086948954197,-0.0007528118008034165,0.017110682686631042,2,0.008107404460412826,0.0004521809313138745
pipeline_b_frozen_replay,600291.SH,801790.SI,未分类,-0.00011237663962740472,-0.00013776322902313794,2.538658939573322e-05,0.00011961250114833066,5,0.044389250043916514,0.00027691521439592926
pipeline_b_frozen_replay,600291.SH,999999.SI,未分类,-4.676030157830806e-06,-3.0463403410086033e-05,2.5787373252255227e-05,4.45158071025492e-05,1,-0.10504201680672287,-0.00011670758651039996
pipeline_b_frozen_replay,600297.SH,801880.SI,汽车,-0.002172949058870516,-0.0005750435374163545,-0.0015979055214541615,0.01666710764471335,2,-0.022590087449431452,0.001247774702431664
pipeline_b_frozen_replay,600298.SH,801120.SI,食品饮料,0.0,-0.0010875543918314038,0.0010875543918314038,0.0,0,-0.01749871795895047,0.0
pipeline_b_frozen_replay,600299.SH,801030.SI,基础化工,0.0,-0.0002646660020264615,0.0002646660020264615,0.0,0,-0.03063957588848623,0.0
pipeline_b_frozen_replay,600307.SH,801040.SI,钢铁,-0.0019432548575610024,6.414335065523377e-05,-0.0020073982082162364,0.015994482289155912,1,0.004237828373935294,1.3572263864603668e-07
pipeline_b_frozen_replay,600312.SH,801730.SI,电力设备,0.0009977875953819737,0.0002516760036777141,0.0007461115917042596,0.015593482149635043,2,0.028981459217415656,-0.0009977875953819737
pipeline_b_frozen_replay,600315.SH,801980.SI,美容护理,0.0,8.153962306834664e-05,-8.153962306834664e-05,0.0,0,0.0027227328356571414,0.0
pipeline_b_frozen_replay,600316.SH,801740.SI,国防军工,0.0,-0.002515247143015659,0.002515247143015659,0.0,0,-0.0254161439913819,0.0
pipeline_b_frozen_replay,600325.SH,801180.SI,房地产,0.0014058016467912073,0.0008232780065273086,0.0005825236402638992,0.014188332042242843,5,0.024059576618119843,-0.005435436729034743
pipeline_b_frozen_replay,600329.SH,801150.SI,医药生物,0.0,0.0006632564656569069,-0.0006632564656569069,0.0,0,0.032880674413593436,0.0
pipeline_b_frozen_replay,600329.SH,999999.SI,医药生物,0.0,8.157123616053893e-05,-8.157123616053893e-05,0.0,0,0.0679733110925771,0.0
pipeline_b_frozen_replay,600338.SH,801050.SI,有色金属,0.0,0.00029514583981633086,-0.00029514583981633086,0.0,0,0.06432366902370266,0.002538142158395456
pipeline_b_frozen_replay,600339.SH,801960.SI,石油石化,-0.0014409473351241697,-3.469077226089978e-05,-0.0014062565628632695,0.0012870706099541445,24,0.0047999414848808875,0.0010891001970163691
pipeline_b_frozen_replay,600348.SH,801950.SI,煤炭,-1.3847377242187487e-06,0.0017607310924915806,-0.0017621158302157994,0.0008370739542902256,1,0.054909683987288516,0.004398962209592155
pipeline_b_frozen_replay,600350.SH,801170.SI,交通运输,-0.00032440437602836516,2.470626634633809e-05,-0.00034911064237470337,0.013262616337983927,9,0.0026516553358708708,-0.000348613461486763
pipeline_b_frozen_replay,600369.SH,801790.SI,非银金融,-0.00023405271953715553,-0.0005006978309850941,0.0002666451114479386,0.0006888630187789098,15,-0.010828841556843882,-8.018328189950087e-07
pipeline_b_frozen_replay,600372.SH,801740.SI,国防军工,0.0,-0.0001005981614303627,0.0001005981614303627,0.0,0,0.0015804444315207994,0.0
pipeline_b_frozen_replay,600372.SH,999999.SI,国防军工,0.0,-0.0003025292325045904,0.0003025292325045904,0.0,0,-0.10960546404008698,0.0
pipeline_b_frozen_replay,600373.SH,801760.SI,传媒,0.0002293936704675281,3.2864251916468774e-05,0.00019652941855105962,0.01596372219729885,20,0.0022425085685434804,0.00035396865489343833
pipeline_b_frozen_replay,600376.SH,801180.SI,房地产,-0.0011346596017676527,0.0001394638914281548,-0.0012741234931958074,0.016191899181981616,1,0.01179742751739061,0.0011346596017676525
pipeline_b_frozen_replay,600377.SH,801170.SI,交通运输,-0.0013280879128851793,-3.9746670723908836e-05,-0.0012883412421612706,0.015734240533724225,11,-0.0024031273219132666,0.0003802546116975661
pipeline_b_frozen_replay,600380.SH,801150.SI,医药生物,0.0032344208188991976,-0.00041778326024827814,0.0036522040791474755,0.017096647745250215,11,-0.006184668053205551,-0.004237173844937874
pipeline_b_frozen_replay,600388.SH,801890.SI,环保,-0.0011572456586760294,-1.9099993280742366e-05,-0.001138145665395287,0.008516033271306213,2,0.0003826339880474705,0.0011572456586760294
pipeline_b_frozen_replay,600390.SH,801790.SI,非银金融,-6.369329476909844e-05,-0.00018514082286898932,0.00012144752809989085,0.00042245053737026254,13,-0.0036281352850768525,8.887743892796916e-05
pipeline_b_frozen_replay,600392.SH,801050.SI,有色金属,-0.0007995335324946966,0.0018765121327542931,-0.0026760456652489897,0.019176388306651828,6,0.04380639967684811,2.5533657227777302e-05
pipeline_b_frozen_replay,600398.SH,801130.SI,纺织服饰,-1.0997572841835602e-06,-8.69517992636051e-06,7.59542264217695e-06,0.016379088548677097,2,-0.001286029189211298,-1.3182730066017443e-06
pipeline_b_frozen_replay,600399.SH,801040.SI,钢铁,0.0,-0.002309124814914346,0.002309124814914346,0.0,0,-0.03182195296634035,0.0
pipeline_b_frozen_replay,600409.SH,801030.SI,基础化工,0.0,-0.0004566789175724151,0.0004566789175724151,0.0,0,-0.006386483648716519,-0.0009885862456403426
pipeline_b_frozen_replay,600410.SH,801750.SI,计算机,0.0,-0.0004179922596074795,0.0004179922596074795,0.0,0,-0.018667205888357425,0.0
pipeline_b_frozen_replay,600415.SH,801200.SI,商贸零售,-0.0019693404037777664,6.924362141855081e-06,-0.0019762647659196217,0.01729375400022965,5,0.0019116215448980501,0.003279017638341329
pipeline_b_frozen_replay,600418.SH,801880.SI,汽车,0.0,0.0002020398214571898,-0.0002020398214571898,0.0,0,0.024586496645976907,0.0
pipeline_b_frozen_replay,600426.SH,801030.SI,基础化工,-0.001106975139199692,0.00041795715780543,-0.001524932297005122,0.02325908294634437,1,0.013041410379615278,1.9322034335261633e-07
pipeline_b_frozen_replay,600435.SH,801740.SI,国防军工,0.005699957855578256,0.00033027894455652114,0.005369678911021736,0.014912066167125825,7,0.013401993005838561,-0.002516337787311616
pipeline_b_frozen_replay,600446.SH,801750.SI,计算机,-0.002706851072807314,-0.0006824481359326562,-0.0020244029368746575,0.014433504030832827,5,-0.015214717944273051,-0.0015519195547446679
pipeline_b_frozen_replay,600460.SH,801080.SI,电子,0.0,0.0023255838380486426,-0.0023255838380486426,0.0,0,0.07080571168239919,0.0
pipeline_b_frozen_replay,600460.SH,999999.SI,电子,0.0,0.0012430039113273763,-0.0012430039113273763,0.0,0,0.17145738779626796,0.0
pipeline_b_frozen_replay,600466.SH,801180.SI,房地产,0.0,-0.000707060663157921,0.000707060663157921,0.0,0,-0.041277375129243885,0.0
pipeline_b_frozen_replay,600482.SH,801730.SI,电力设备,0.0,-0.0001504137008971811,0.0001504137008971811,0.0,0,-0.01379930893326084,0.0
pipeline_b_frozen_replay,600482.SH,801740.SI,电力设备,0.0,-0.0005751452782167768,0.0005751452782167768,0.0,0,-0.026338820871897744,0.0
pipeline_b_frozen_replay,600482.SH,999999.SI,电力设备,0.0,-5.718487516386922e-05,5.718487516386922e-05,0.0,0,-0.02079304444458463,0.0
pipeline_b_frozen_replay,600486.SH,801030.SI,基础化工,-0.0032665777140119764,-0.0010830023180850457,-0.0021835753959269307,0.01894321774311293,5,-0.009068436052659784,1.5166334498742558e-05
pipeline_b_frozen_replay,600487.SH,801770.SI,通信,0.0,0.0008352844512466298,-0.0008352844512466298,0.0,0,0.021090886280228593,-0.0017863415434345572
pipeline_b_frozen_replay,600497.SH,801050.SI,有色金属,0.0018227657069192049,0.00024765061985787876,0.001575115087061326,0.008832042406441505,2,0.006629544493656432,-0.0018227657069192047
pipeline_b_frozen_replay,600498.SH,801770.SI,通信,-0.001537176371797691,-0.0005588813418029021,-0.0009782950299947889,0.016862074956488105,1,-0.017011348161353874,-1.7791721670606594e-05
pipeline_b_frozen_replay,600499.SH,801890.SI,机械设备,-0.0012301131936622715,-0.001264599543800404,3.448635013813238e-05,0.018330883216270816,1,-0.055544573060420654,-0.0012891817924054905
pipeline_b_frozen_replay,600500.SH,801030.SI,基础化工,-0.001204058216554133,0.0002709713990708717,-0.0014750296156250046,0.015936064630863493,1,0.013080297609671443,0.0007672592056181256
pipeline_b_frozen_replay,600507.SH,801040.SI,钢铁,0.0018882988746391084,0.00017810938204168767,0.0017101894925974205,0.014001374171014208,5,0.007680101760491294,0.0015029837134403793
pipeline_b_frozen_replay,600511.SH,801150.SI,医药生物,-0.0011567487368152934,-0.0013066506543254043,0.00014990191751011083,0.009321174795903001,1,-0.020087204251779223,-0.00013153746522513482
pipeline_b_frozen_replay,600515.SH,801180.SI,综合,0.0,0.0008597679955907441,-0.0008597679955907441,0.0,0,0.14156948985118856,0.0
pipeline_b_frozen_replay,600516.SH,801040.SI,钢铁,0.0015903852037543224,-0.0016444033748304631,0.0032347885785847857,0.01739794943948334,2,-0.04276221888751811,8.743472556735354e-07
pipeline_b_frozen_replay,600516.SH,801050.SI,钢铁,0.0,0.0017686309905197582,-0.0017686309905197582,0.0,0,0.054748386813434836,-0.0009037772237759842
pipeline_b_frozen_replay,600517.SH,801730.SI,非银金融,0.0,-0.00017526009050390865,0.00017526009050390865,0.0,0,0.007465058813873008,0.0
pipeline_b_frozen_replay,600517.SH,801790.SI,非银金融,-3.718619898777167e-05,-0.00021547255215119296,0.0001782863531634213,0.0001887858119721093,4,-0.03498971444673005,-6.132875919268271e-06
pipeline_b_frozen_replay,600517.SH,999999.SI,非银金融,0.0,-5.331383649817116e-05,5.331383649817116e-05,0.0,0,-0.034843205574912606,0.0
pipeline_b_frozen_replay,600521.SH,801150.SI,医药生物,0.0011347374929422999,0.000282074109497078,0.0008526633834452218,0.017946732887893807,2,0.0127782105767216,-0.0007480084342065961
pipeline_b_frozen_replay,600522.SH,801770.SI,通信,0.0,-0.0002957192599182869,0.0002957192599182869,0.0,0,0.0007949369018819078,0.0
pipeline_b_frozen_replay,600528.SH,801890.SI,机械设备,0.0,-0.00019470529711006034,0.00019470529711006034,0.0,0,-0.0035923958412976084,0.0
pipeline_b_frozen_replay,600529.SH,801150.SI,医药生物,0.0,-0.0016671759086835415,0.0016671759086835415,0.0,0,-0.015192769732827419,-0.001905910738376956
pipeline_b_frozen_replay,600535.SH,801150.SI,医药生物,0.0,-0.0005219584341937175,0.0005219584341937175,0.0,0,-0.006827164152508197,0.0
pipeline_b_frozen_replay,600536.SH,801750.SI,计算机,0.002672655614906609,0.0011822690667055119,0.0014903865482010972,0.011579099866744047,1,0.03203869122894429,0.0012491081173309293
pipeline_b_frozen_replay,600545.SH,801890.SI,机械设备,0.0,-8.305821153109645e-05,8.305821153109645e-05,0.0,0,-0.014364021983231723,0.0
pipeline_b_frozen_replay,600546.SH,801950.SI,煤炭,0.0,0.001228516970874774,-0.001228516970874774,0.0,0,0.03820763871901354,0.009166118811987051
pipeline_b_frozen_replay,600549.SH,801050.SI,有色金属,-0.0023049666615117055,0.0003722816934339174,-0.002677248354945623,0.017881107182797035,4,0.01391127480949555,-0.00033174691140828343
pipeline_b_frozen_replay,600556.SH,801760.SI,传媒,0.0,-0.0004819418948198002,0.0004819418948198002,0.0,0,-0.015550514266853716,0.0
pipeline_b_frozen_replay,600563.SH,801080.SI,电子,0.018363909652080762,0.0012992371528603751,0.017064672499220387,0.017992314003017956,13,0.024848207731012182,-0.003190796422552154
pipeline_b_frozen_replay,600566.SH,801150.SI,医药生物,0.0006914833253487197,0.0003201924797761736,0.00037129084557254626,0.016520492035979023,3,0.022237484810570377,0.0022615740745777816
pipeline_b_frozen_replay,600567.SH,801140.SI,轻工制造,0.0,-0.0002791806205371978,0.0002791806205371978,0.0,0,-0.006371808694705656,0.0
pipeline_b_frozen_replay,600572.SH,801150.SI,医药生物,0.0,3.873361884422659e-05,-3.873361884422659e-05,0.0,0,0.0030578435589927316,0.0
pipeline_b_frozen_replay,600575.SH,801170.SI,煤炭,0.0007414844620184412,-3.3785458116176155e-05,0.0007752699201346175,0.01586776748719468,1,-0.0067360711507866156,-0.0007414844620184413
pipeline_b_frozen_replay,600580.SH,801730.SI,电力设备,0.005999391735845616,-0.0004589081177204137,0.006458299853566028,0.008790405354266527,2,-0.0014096270721156389,-0.0005171419193471674
pipeline_b_frozen_replay,600582.SH,801890.SI,机械设备,-0.00014395925173573754,0.0005637833049918957,-0.0007077425567276332,0.01598282905806215,6,0.024947236925578875,-0.00018869717424413338
pipeline_b_frozen_replay,600597.SH,801120.SI,食品饮料,0.0,-0.0006608674130106274,0.0006608674130106274,0.0,0,-0.017641080004934067,0.0
pipeline_b_frozen_replay,600598.SH,801010.SI,农林牧渔,-0.0025155694403556786,-0.0005479018766845569,-0.0019676675636711217,0.01697498717724933,8,-0.009351501518921135,0.000881738847136932
pipeline_b_frozen_replay,600623.SH,801030.SI,基础化工,-0.00260629858991426,2.9371754705146214e-05,-0.0026356703446194065,0.016059722229359426,4,0.00958173161234529,-0.002649313706604931
pipeline_b_frozen_replay,600633.SH,801760.SI,传媒,-0.0009791329984926145,1.779969826266791e-05,-0.0009969326967552824,0.015832788911795518,1,0.004470417452816983,4.054917725118418e-06
pipeline_b_frozen_replay,600637.SH,801760.SI,传媒,0.0,-0.0004302121034537471,0.0004302121034537471,0.0,0,-0.00807278762785659,0.0
pipeline_b_frozen_replay,600639.SH,801180.SI,房地产,0.0008131195950762254,3.423048982524749e-05,0.0007788891052509777,0.014997327472381194,9,0.00768631732044729,-0.0003685132935615544
pipeline_b_frozen_replay,600640.SH,801760.SI,传媒,0.0,0.00016468677934433341,-0.00016468677934433341,0.0,0,0.028665624634891845,0.0
pipeline_b_frozen_replay,600642.SH,801160.SI,公用事业,0.0,0.00019623113095749842,-0.00019623113095749842,0.0,0,0.008705671332202547,0.0
pipeline_b_frozen_replay,600643.SH,801790.SI,非银金融,-8.62982752541391e-05,-0.0001816647460234699,9.536647076933081e-05,0.0002783669316877236,15,-0.008770222753646195,-1.2355220867615998e-05
pipeline_b_frozen_replay,600645.SH,801150.SI,医药生物,0.0,0.00032174445408594376,-0.00032174445408594376,0.0,0,0.02929792548240669,0.0
pipeline_b_frozen_replay,600648.SH,801180.SI,房地产,-0.0006653047998787909,-8.166289234400487e-05,-0.0005836419075347856,0.015664412704248044,15,-0.004173598444367756,-0.0006227634082025756
pipeline_b_frozen_replay,600649.SH,801180.SI,房地产,-0.00028754094279802685,-0.00024549838202624346,-4.204256077178337e-05,0.01610229279668936,1,-0.011486477224065643,-0.0015485240136071266
pipeline_b_frozen_replay,600657.SH,801180.SI,房地产,-0.001033652018138164,0.00028031750695485573,-0.00131396952509302,0.014091229413940943,4,0.046091317715880695,-0.0002708121282498099
pipeline_b_frozen_replay,600663.SH,801180.SI,房地产,-0.002374579273983766,-0.0005174388893432612,-0.0018571403846405052,0.016697413167513185,2,-0.016871721555736487,0.000977681889795339
pipeline_b_frozen_replay,600664.SH,801150.SI,医药生物,0.0,-7.058490023419329e-05,7.058490023419329e-05,0.0,0,-0.010019335534246832,0.0
pipeline_b_frozen_replay,600667.SH,801080.SI,建筑装饰,-0.002009805869467102,-0.0004596804001557759,-0.0015501254693113262,0.015577957667560316,6,-0.00986350061856159,0.0027682007556059825
pipeline_b_frozen_replay,600667.SH,801720.SI,建筑装饰,0.0,-0.00029358988985018775,0.00029358988985018775,0.0,0,-0.051118062590311736,0.0
pipeline_b_frozen_replay,600667.SH,999999.SI,建筑装饰,-0.0020802370053392017,-0.00020665346989227063,-0.001873583535446931,0.016711237276224877,1,-0.12448132780083021,0.0020802370053392017
pipeline_b_frozen_replay,600673.SH,801050.SI,有色金属,0.0,-0.00033163898879854173,0.00033163898879854173,0.0,0,-0.03463856292640552,0.0010059096946813282
pipeline_b_frozen_replay,600673.SH,801150.SI,有色金属,0.009894970141858382,0.0014372369817638305,0.00845773316009455,0.016200866281975167,4,0.05221607340549586,0.0023145538091573076
pipeline_b_frozen_replay,600673.SH,999999.SI,有色金属,0.0,-0.00033556949158410033,0.00033556949158410033,0.0,0,-0.12381771281169351,0.0
pipeline_b_frozen_replay,600675.SH,801180.SI,房地产,0.0,-8.193756762105732e-05,8.193756762105732e-05,0.0,0,-0.012850140188849465,-0.000800284131307959
pipeline_b_frozen_replay,600699.SH,801880.SI,汽车,-0.0013809796166250423,-0.0016582286817392723,0.00027724906511423,0.01690319050749058,1,-0.0076809926801754275,2.696831969459636e-06
pipeline_b_frozen_replay,600704.SH,801170.SI,交通运输,0.0,0.00026264955493348664,-0.00026264955493348664,0.0,0,0.01476722504082402,0.0
pipeline_b_frozen_replay,600705.SH,801790.SI,非银金融,-8.93227336247868e-05,-0.0004145738996207167,0.0003252511659959299,0.0004907438778095768,11,-0.00802700463598599,1.3410032722316768e-05
pipeline_b_frozen_replay,600707.SH,801080.SI,电子,-0.010804026645842443,-0.0006784998992362701,-0.010125526746606174,0.015641230575458027,10,-0.008096658447086744,0.002769811927220195
pipeline_b_frozen_replay,600717.SH,801170.SI,交通运输,0.0,3.5183286440641515e-05,-3.5183286440641515e-05,0.0,0,0.002421919189236283,0.0
pipeline_b_frozen_replay,600718.SH,801750.SI,计算机,0.0,-0.00020455332834249897,0.00020455332834249897,0.0,0,-0.001428254282497381,0.0
pipeline_b_frozen_replay,600728.SH,801750.SI,计算机,-0.005060457121752456,-0.0006039198685113536,-0.004456537253241103,0.01696632606894296,4,-0.01418115639238148,-4.080180977450096e-07
pipeline_b_frozen_replay,600729.SH,801200.SI,商贸零售,0.0001142247334189006,-1.4547252024159115e-05,0.00012877198544305972,0.016055753432620962,6,0.00010860281901000881,-0.0019476793986338884
pipeline_b_frozen_replay,600732.SH,801730.SI,电力设备,0.002870404300342318,0.0027984019305877426,7.200236975457569e-05,0.017868642477000096,1,0.06759820467953662,-0.003299513027563343
pipeline_b_frozen_replay,600733.SH,801880.SI,汽车,0.0,0.0008177248476600749,-0.0008177248476600749,0.0,0,0.025422953810417273,0.0
pipeline_b_frozen_replay,600737.SH,801010.SI,农林牧渔,-0.0027766477894307943,-0.00040586618770771727,-0.0023707816017230765,0.012406310064258599,8,-0.009780346448947189,-0.003743976619545451
pipeline_b_frozen_replay,600739.SH,801150.SI,医药生物,0.0,-0.0019020547212205802,0.0019020547212205802,0.0,0,-0.02133479697200841,0.0
pipeline_b_frozen_replay,600748.SH,801180.SI,房地产,0.0,-4.106492214513366e-05,4.106492214513366e-05,0.0,0,-0.00810818040577301,0.0
pipeline_b_frozen_replay,600754.SH,801210.SI,社会服务,0.00193732841866833,0.0009513903261551271,0.0009859380925132028,0.019462369249737717,2,0.019732019385976414,-0.0014467830548347512
pipeline_b_frozen_replay,600755.SH,801170.SI,交通运输,0.0,0.0001168507623361471,-0.0001168507623361471,0.0,0,0.005965584869436556,0.0
pipeline_b_frozen_replay,600755.SH,801200.SI,交通运输,0.0,0.00022242273699205704,-0.00022242273699205704,0.0,0,0.013651688458377859,-0.0019616286373285727
pipeline_b_frozen_replay,600764.SH,801740.SI,国防军工,0.003985408070083804,-0.000293712186239353,0.004279120256323157,0.009528108039637958,3,0.0010151079758480657,-0.003985408070083804
pipeline_b_frozen_replay,600765.SH,801740.SI,国防军工,0.0,0.0014166823908651491,-0.0014166823908651491,0.0,0,0.03137055488137336,-0.0010277111213965245
pipeline_b_frozen_replay,600776.SH,801770.SI,通信,0.0,-0.00017095028510970842,0.00017095028510970842,0.0,0,-0.0035892498329097885,0.0
pipeline_b_frozen_replay,600779.SH,801120.SI,食品饮料,-0.0017180972442957787,0.0013214121391307745,-0.0030395093834265532,0.019174023437610873,1,0.04556914738173055,0.00043908913966456955
pipeline_b_frozen_replay,600782.SH,801040.SI,钢铁,0.005915409719388768,0.0001871109935850159,0.005728298725803752,0.014898562562144408,4,0.011084651995466724,-0.007437965926259776
pipeline_b_frozen_replay,600787.SH,801170.SI,交通运输,-0.0004645851656054098,0.00010675605711221262,-0.0005713412227176224,0.015821930162049844,2,0.008682125996623375,0.005157573709619815
pipeline_b_frozen_replay,600801.SH,801710.SI,建筑材料,0.0,-0.0004655731914603576,0.0004655731914603576,0.0,0,-0.003869068655934981,0.0
pipeline_b_frozen_replay,600803.SH,801160.SI,公用事业,-0.0002811551666048165,0.00020157788839209316,-0.0004827330549969097,0.017148310104708984,10,0.00913284556918901,-2.2419791978497354e-05
pipeline_b_frozen_replay,600804.SH,801770.SI,通信,-0.0018147481409123538,-0.00017621773432090998,-0.0016385304065914437,0.014920654695373512,2,0.0007182425503285036,-0.0008886031619165973
pipeline_b_frozen_replay,600808.SH,801040.SI,钢铁,0.0005876520686116239,0.0003990022944101058,0.00018864977420151815,0.016832529707612887,5,0.01685012550542721,6.831288735398338e-05
pipeline_b_frozen_replay,600811.SH,801200.SI,商贸零售,0.0,-0.00017195772764848593,0.00017195772764848593,0.0,0,-0.037568895766121796,-0.0013795883563618404
pipeline_b_frozen_replay,600811.SH,801230.SI,商贸零售,0.0,-0.00019811651176017468,0.00019811651176017468,0.0,0,-0.001645832580113286,0.0
pipeline_b_frozen_replay,600811.SH,999999.SI,商贸零售,0.0,-0.000214930679722995,0.000214930679722995,0.0,0,-0.07341269841269854,0.0
pipeline_b_frozen_replay,600820.SH,801720.SI,建筑装饰,-0.0018531247643469124,2.336943864394468e-05,-0.001876494202990857,0.013957962941371018,6,0.002135953576286024,0.0018531247643469124
pipeline_b_frozen_replay,600823.SH,801180.SI,房地产,-0.0018334969281357486,-0.00038662538737381047,-0.0014468715407619382,0.015964839105962473,1,-0.019636989119245638,-1.0893239195640175e-05
pipeline_b_frozen_replay,600827.SH,801200.SI,商贸零售,0.0,-0.00019506097218810242,0.00019506097218810242,0.0,0,-0.0028863720697148987,0.0
pipeline_b_frozen_replay,600835.SH,801890.SI,机械设备,0.0024044298909960977,-0.00040689411524163165,0.0028113240062377295,0.011335204947507229,2,-0.01872295677337961,-0.0024044298909960977
pipeline_b_frozen_replay,600839.SH,801110.SI,家用电器,0.0,-0.00018665839065556573,0.00018665839065556573,0.0,0,-0.0031282624524765676,0.0
pipeline_b_frozen_replay,600848.SH,801180.SI,房地产,-0.0004983466033430526,-0.00027782416764105433,-0.00022052243570199826,0.004837521671022916,1,-0.022763426780846308,0.0004983466033430526
pipeline_b_frozen_replay,600859.SH,801200.SI,未分类,0.0031441458512371993,-0.00018833832459019286,0.003332484175827392,0.01509504477397736,1,0.00016671759528806985,-0.003144145851237199
pipeline_b_frozen_replay,600859.SH,999999.SI,未分类,0.0,-0.00027543525029438535,0.00027543525029438535,0.0,0,-0.12517780938833556,0.0
pipeline_b_frozen_replay,600862.SH,801740.SI,国防军工,0.0009419568980256643,-0.001005588103974726,0.0019475450020003903,0.0179737629241156,1,-0.006649348606651455,-0.00034786767051017144
pipeline_b_frozen_replay,600863.SH,801160.SI,公用事业,0.0,0.0005122954890673223,-0.0005122954890673223,0.0,0,0.02936291581778598,0.00018244630159047076
pipeline_b_frozen_replay,600867.SH,801150.SI,医药生物,-0.005421446082764983,-0.0007880628404191014,-0.004633383242345882,0.017636856821361555,16,-0.010812336495737096,-0.0005643025540406424
pipeline_b_frozen_replay,600869.SH,801730.SI,电力设备,0.0031526249834303247,0.0002006566282795808,0.002951968355150744,0.015657665528591626,3,0.049050983982439865,0.0014851535176029149
pipeline_b_frozen_replay,600871.SH,801960.SI,石油石化,0.0,-1.6798606230843145e-05,1.6798606230843145e-05,0.0,0,0.0004977083495636645,0.0
pipeline_b_frozen_replay,600875.SH,801730.SI,电力设备,0.004537386887209608,0.0021873327291824555,0.0023500541580271524,0.018113248453740807,1,0.03942096882932284,-0.004537386887209608
pipeline_b_frozen_replay,600879.SH,801740.SI,国防军工,0.0,-0.00015373407908634922,0.00015373407908634922,0.0,0,-0.0010407253440751635,0.0
pipeline_b_frozen_replay,600881.SH,801710.SI,综合,0.0,3.85466833523299e-05,-3.85466833523299e-05,0.0,0,0.004384284977647497,0.0
pipeline_b_frozen_replay,600884.SH,801080.SI,电力设备,0.0,0.0025029653050139067,-0.0025029653050139067,0.0,0,0.05758467215876831,0.0
pipeline_b_frozen_replay,600884.SH,801730.SI,电力设备,-0.0059686358255096085,-0.00032477973957703056,-0.005643856085932578,0.01935017753296951,3,0.00179633013833419,0.0038287148527389034
pipeline_b_frozen_replay,600885.SH,801730.SI,电力设备,-0.006011678851908311,-0.001062461462801994,-0.004949217389106318,0.018401706557590023,13,-0.00697634426658246,0.003578846138396848
pipeline_b_frozen_replay,600895.SH,801180.SI,房地产,0.00046598429473653446,-0.0004571137441439002,0.0009230980388804347,0.01525426651209919,10,-0.010854650163055845,-0.0038021288465332234
pipeline_b_frozen_replay,600901.SH,801790.SI,非银金融,2.287059122571561e-05,0.00013248133091584558,-0.00010961073969012998,0.00031257528959975276,19,0.005156064800574243,4.963189973626127e-05
pipeline_b_frozen_replay,600903.SH,801160.SI,公用事业,0.000755404874375621,-0.00019467745953992432,0.0009500823339155455,0.015343112337318332,1,-0.02160925022010139,-0.0013996614710795271
pipeline_b_frozen_replay,600906.SH,801790.SI,非银金融,-0.0003101278935297084,-0.000479477610065452,0.0001693497165357436,0.0008292944588170231,12,-0.030112598707383503,-1.2223273205198598e-06
pipeline_b_frozen_replay,600908.SH,801780.SI,银行,0.0,-5.230781003440236e-05,5.230781003440236e-05,0.0,0,-0.00040244735786743654,0.0
pipeline_b_frozen_replay,600909.SH,801790.SI,非银金融,-0.00022440129047363697,-0.0012298403807369342,0.0010054390902632974,0.00029071117849117136,21,-0.01789577254571376,-9.255745849474743e-07
pipeline_b_frozen_replay,600917.SH,801160.SI,公用事业,0.00148607036282842,3.107466827824746e-05,0.0014549956945501725,0.015502707606002654,2,0.022997188891580183,-0.00019638995775697848
pipeline_b_frozen_replay,600927.SH,801790.SI,非银金融,-0.00015812284827133665,-9.792869923436084e-05,-6.0194149036975815e-05,0.0007096549214641416,6,-0.034675650589625906,9.130746787272187e-06
pipeline_b_frozen_replay,600928.SH,801780.SI,银行,0.0,-0.0003696905990017283,0.0003696905990017283,0.0,0,-0.014860430558388307,0.0
pipeline_b_frozen_replay,600956.SH,801160.SI,公用事业,0.0015157394128638086,-0.00011790008169856181,0.0016336394945623705,0.00855724814213141,3,-0.0070866949053847005,0.0006858689140444615
pipeline_b_frozen_replay,600959.SH,801760.SI,传媒,0.0,-0.0001376360482532482,0.0001376360482532482,0.0,0,-0.0027684717749084653,0.0
pipeline_b_frozen_replay,600967.SH,801740.SI,国防军工,0.00040431933687056637,-0.00054697704959899,0.0009512963864695564,0.01416741821654259,6,-0.013778131996709825,2.6865005291873108e-05
pipeline_b_frozen_replay,600968.SH,801960.SI,石油石化,-0.0013388999685827266,0.0001857727593555143,-0.0015246727279382409,0.01597926606082383,7,0.011217755436940776,0.00014198827789463028
pipeline_b_frozen_replay,600970.SH,801720.SI,建筑装饰,2.388752001127709e-05,0.0005650747737261111,-0.0005411872537148336,0.016896908488290292,4,0.020510386817707896,-0.003922453562729356
pipeline_b_frozen_replay,600985.SH,801950.SI,煤炭,-0.00046025304863804095,0.0004505091291367073,-0.0009107621777747482,0.01660871993026267,5,0.018571634513878717,0.0032198877766926363
pipeline_b_frozen_replay,600988.SH,801050.SI,有色金属,9.350611871618624e-05,0.0004673230649509768,-0.00037381694623479046,0.0014806742097738235,1,0.012051459333688737,-9.350611871618633e-05
pipeline_b_frozen_replay,600998.SH,801150.SI,医药生物,-0.0003165144190596091,-0.0003152949527406271,-1.2194663189820211e-06,0.016932002318854805,2,-0.0067292795858880615,-0.0005462456388638428
pipeline_b_frozen_replay,601000.SH,801170.SI,交通运输,0.002956879453879493,0.0003127412960760765,0.002644138157803416,0.01629463242727078,6,0.012493726019109641,-0.001099356225078391
pipeline_b_frozen_replay,601003.SH,801040.SI,钢铁,-0.001276112865106611,-4.414613574704309e-05,-0.001231966729359568,0.0101870838165126,2,-0.005753809321446428,0.0009269537008104465
pipeline_b_frozen_replay,601005.SH,801040.SI,钢铁,0.0,0.00015270523297604465,-0.00015270523297604465,0.0,0,0.008743403250556772,0.0
pipeline_b_frozen_replay,601016.SH,801160.SI,公用事业,-0.001842849587422346,0.00037260015288347113,-0.002215449740305817,0.017380693215679362,3,0.022570212423676003,-0.0005740219131319126
pipeline_b_frozen_replay,601058.SH,801880.SI,汽车,0.00029155725515321145,-0.0006100771870623942,0.0009016344422156056,0.005381860152500195,1,-0.019676383265124237,-0.0002915572551532114
pipeline_b_frozen_replay,601068.SH,801720.SI,建筑装饰,0.0,0.00013720808576230266,-0.00013720808576230266,0.0,0,0.06894855225422955,0.005973883298945502
pipeline_b_frozen_replay,601077.SH,801780.SI,银行,0.0,-8.005494108287751e-05,8.005494108287751e-05,0.0,0,-0.002031546727821391,0.0
pipeline_b_frozen_replay,601098.SH,801760.SI,传媒,0.004453363724163848,0.00020584295353675135,0.004247520770627097,0.015594602720427831,20,0.009154904417718384,0.0012212500974884315
pipeline_b_frozen_replay,601099.SH,801790.SI,非银金融,-6.395823931795182e-05,-0.0010873106916041804,0.0010233524522862284,4.879726333077504e-05,12,-0.017637896361867172,-7.000934639183362e-05
pipeline_b_frozen_replay,601106.SH,801890.SI,机械设备,0.0,-0.0001813527875862008,0.0001813527875862008,0.0,0,-0.004235453532325785,0.0
pipeline_b_frozen_replay,601108.SH,801790.SI,非银金融,-7.695146699482949e-05,-0.0003792395241041714,0.00030228805710934184,0.0007174542165758931,6,-0.015463717335944427,5.960395071840426e-07
pipeline_b_frozen_replay,601117.SH,801720.SI,建筑装饰,0.0,0.00023557114112231854,-0.00023557114112231854,0.0,0,0.01968566656218441,0.0
pipeline_b_frozen_replay,601118.SH,801010.SI,农林牧渔,0.0011512295900279104,-0.00016183160307588166,0.001313061193103792,0.01631085047261345,2,-0.004886849513752674,-0.00024337795409269496
pipeline_b_frozen_replay,601127.SH,801880.SI,汽车,0.0,0.0018775185642496855,-0.0018775185642496855,0.0,0,0.16091827111558774,0.0
pipeline_b_frozen_replay,601128.SH,801780.SI,银行,0.0,7.93064792491582e-05,-7.93064792491582e-05,0.0,0,0.005007364050692478,0.0
pipeline_b_frozen_replay,601139.SH,801160.SI,公用事业,0.008339031125193483,-1.0185314790369947e-05,0.008349216439983853,0.013952025100022886,8,0.004432332389142257,5.863376175254363e-05
pipeline_b_frozen_replay,601156.SH,801170.SI,交通运输,0.0017784730734495156,-0.00017590422208625501,0.0019543772955357705,0.015888466753863163,5,-0.027020335697070196,-0.0018168238321466918
pipeline_b_frozen_replay,601162.SH,801790.SI,非银金融,-8.635124575420052e-05,-0.00037401854055341545,0.0002876672947992149,0.0007179904287777818,6,-0.017780206681516697,2.4843386529106444e-06
pipeline_b_frozen_replay,601168.SH,801050.SI,有色金属,-0.0014780297940509724,-0.0007952538850955699,-0.0006827759089554025,0.01702374925515092,3,-0.0015172138340458219,0.0035592204879059067
pipeline_b_frozen_replay,601179.SH,801730.SI,电力设备,0.0003106719300714362,-2.267006145946974e-05,0.00033334199153090596,0.016504446285044678,1,0.003547146805983762,-0.0003106719300714362
pipeline_b_frozen_replay,601187.SH,801780.SI,银行,0.0,-0.00017449363013073872,0.00017449363013073872,0.0,0,-0.022267078818393467,0.0
pipeline_b_frozen_replay,601198.SH,801790.SI,非银金融,-0.00023519100460010414,-0.0006907458295752918,0.0004555548249751876,0.0003982013795819167,14,-0.014912037460792393,-5.298855478744332e-05
pipeline_b_frozen_replay,601200.SH,801970.SI,环保,0.00210840160135809,-0.00020012289938818074,0.0023085245007462706,0.010608743075192729,2,-0.006614905821833851,-0.00210840160135809
pipeline_b_frozen_replay,601228.SH,801170.SI,交通运输,0.0,-2.757744783642053e-05,2.757744783642053e-05,0.0,0,-0.0014520939618835188,0.0
pipeline_b_frozen_replay,601233.SH,801960.SI,石油石化,-0.002152689111427014,0.0001554373709942787,-0.0023081264824212928,0.020496544189142686,1,0.007162667741129928,-1.278959675024777e-05
pipeline_b_frozen_replay,601298.SH,801170.SI,交通运输,0.0010729716876861995,-3.908894639257052e-05,0.00111206063407877,0.012017698694180264,6,-0.0014904035836501156,-0.0010729716876861995
pipeline_b_frozen_replay,601333.SH,801170.SI,交通运输,0.0,1.273000633499505e-05,-1.273000633499505e-05,0.0,0,0.0021517126422697375,0.0
pipeline_b_frozen_replay,601456.SH,801790.SI,非银金融,-0.00011182657716046169,-0.0011176557935347966,0.0010058292163743349,0.00044876471159536574,23,-0.019446966305518832,8.120667897289473e-06
pipeline_b_frozen_replay,601512.SH,801180.SI,房地产,-0.0006117393586447379,-3.928977731207146e-05,-0.0005724495813326664,0.015574553401171524,1,-0.0050244924476679316,0.0006117393586447379
pipeline_b_frozen_replay,601555.SH,801790.SI,非银金融,-0.00018987328583297035,-0.0011991509052638194,0.001009277619430849,0.00045337584896038854,12,-0.019504133495633808,-5.284547807743543e-06
pipeline_b_frozen_replay,601568.SH,801030.SI,基础化工,-0.000523314813849663,-0.0002111484101937785,-0.0003121664036558845,0.01617882453577129,2,-0.014801670775628032,0.000523314813849663
pipeline_b_frozen_replay,601577.SH,801780.SI,银行,0.0,-0.0003140503380463181,0.0003140503380463181,0.0,0,-0.007778589442766764,0.0
pipeline_b_frozen_replay,601598.SH,801170.SI,交通运输,-0.0005845018025627566,-3.125673141896687e-05,-0.0005532450711437896,0.01617209800169548,5,0.0010626004193552373,0.0016617821940951322
pipeline_b_frozen_replay,601607.SH,801150.SI,医药生物,0.0,5.904556112779779e-05,-5.904556112779779e-05,0.0,0,0.003390541386951329,0.0
pipeline_b_frozen_replay,601608.SH,801890.SI,机械设备,0.0,-0.00021653555498991238,0.00021653555498991238,0.0,0,-0.002801828462173514,0.0
pipeline_b_frozen_replay,601611.SH,801720.SI,建筑装饰,0.0,7.530593284361609e-05,-7.530593284361609e-05,0.0,0,0.007393591991919459,0.0
pipeline_b_frozen_replay,601615.SH,801730.SI,电力设备,0.009963420156374483,0.0013874619851660466,0.008575958171208436,0.020164037850363383,6,0.02187859172624829,-0.0020582033446706017
pipeline_b_frozen_replay,601636.SH,801710.SI,建筑材料,0.006534903097147653,-0.0020022849031724587,0.00853718800032011,0.0197317001167333,4,-0.01646198766258799,-0.007519513164807012
pipeline_b_frozen_replay,601665.SH,801780.SI,银行,0.0,-9.955894230293548e-05,9.955894230293548e-05,0.0,0,-0.020544789835199372,0.0
pipeline_b_frozen_replay,601689.SH,801880.SI,汽车,-0.0016703994773566266,0.0015420584001015235,-0.00321245787745815,0.014813495600369606,1,0.03128086572835384,0.0016703994773566266
pipeline_b_frozen_replay,601696.SH,801790.SI,非银金融,-7.911183239415161e-05,-0.0007320216230735101,0.0006529097906793585,0.00028218236805898576,5,-0.036663134076850866,-8.364824293827884e-05
pipeline_b_frozen_replay,601699.SH,801950.SI,煤炭,0.00028497391116062394,0.0024203372344965713,-0.0021353633233359474,0.01680987546903496,7,0.05417904722675413,0.0025548843088259725
pipeline_b_frozen_replay,601717.SH,801880.SI,机械设备,-0.0033859375465514325,-3.481625203043953e-05,-0.0033511212945209925,0.016574568152565874,2,0.02005157487446461,-0.0016359563568501489
pipeline_b_frozen_replay,601717.SH,801890.SI,机械设备,0.0,-1.9450785498075233e-05,1.9450785498075233e-05,0.0,0,0.003545624401823951,0.0
pipeline_b_frozen_replay,601718.SH,801130.SI,纺织服饰,0.0,-4.5856015602245735e-05,4.5856015602245735e-05,0.0,0,-0.00018228689722970168,0.0
pipeline_b_frozen_replay,601778.SH,801160.SI,公用事业,0.0,-0.0005077801976061595,0.0005077801976061595,0.0,0,0.0005526965966982655,0.0
pipeline_b_frozen_replay,601799.SH,801880.SI,汽车,-0.0009323150265664519,0.0005492343420417224,-0.0014815493686081743,0.019464690178564177,4,0.02290418939571191,0.003376967373270654
pipeline_b_frozen_replay,601801.SH,801760.SI,传媒,0.0004498237950269048,4.2314458813116435e-05,0.0004075093362137884,0.014332439449203316,3,0.009022471510089983,-0.0004498237950269048
pipeline_b_frozen_replay,601828.SH,801200.SI,商贸零售,0.0030686115822190184,-0.00028932399651231046,0.0033579355787313287,0.015624492453937861,2,-0.017484738446341186,-0.0030686115822190184
pipeline_b_frozen_replay,601860.SH,801780.SI,银行,0.0,-0.00046744679767113595,0.00046744679767113595,0.0,0,-0.016094027525468933,0.0
pipeline_b_frozen_replay,601865.SH,801710.SI,电力设备,0.00095951690131271,0.00012414654681032537,0.0008353703545023847,0.016993549331143516,1,0.013817560542167576,0.006748643862106038
pipeline_b_frozen_replay,601866.SH,801170.SI,交通运输,-0.0019899372958841564,0.0002168790047773611,-0.0022068163006615173,0.01711033126378618,9,0.0058861243683831594,0.0032958402899866753
pipeline_b_frozen_replay,601868.SH,801720.SI,建筑装饰,0.0,0.0008970968677796573,-0.0008970968677796573,0.0,0,0.09259720837487517,0.0
pipeline_b_frozen_replay,601868.SH,999999.SI,建筑装饰,0.0,-0.0012467212145247598,0.0012467212145247598,0.0,0,-0.2040133779264216,0.0
pipeline_b_frozen_replay,601869.SH,801770.SI,通信,0.0,6.00534522437036e-05,-6.00534522437036e-05,0.0,0,0.010345808728497058,0.0015220157530332732
pipeline_b_frozen_replay,601872.SH,801170.SI,交通运输,0.0,0.0010372725078607503,-0.0010372725078607503,0.0,0,0.037193066151888755,0.0007400056219636791
pipeline_b_frozen_replay,601880.SH,801170.SI,交通运输,0.0,-0.00014251467128612488,0.00014251467128612488,0.0,0,-0.005359693395123262,0.0
pipeline_b_frozen_replay,601928.SH,801760.SI,传媒,0.002889620217481371,0.0003289428821084954,0.0025606773353728752,0.014902391106609986,7,0.02012984204141358,-0.0012852190758479189
pipeline_b_frozen_replay,601958.SH,801050.SI,有色金属,-0.0005785769626140984,0.0009033427715266678,-0.0014819197341407661,0.01602780523726347,3,0.033403310798714565,0.0002987168475686599
pipeline_b_frozen_replay,601966.SH,801030.SI,汽车,0.0,0.001198662268465694,-0.001198662268465694,0.0,0,0.04751211621353137,0.0037237687159149347
pipeline_b_frozen_replay,601969.SH,801040.SI,钢铁,0.0,-0.00030830561363666344,0.00030830561363666344,0.0,0,-0.03409085345986925,0.00027950720475993483
pipeline_b_frozen_replay,601969.SH,999999.SI,钢铁,0.0,0.00038586986841978037,-0.00038586986841978037,0.0,0,0.09615311732030955,-0.008757910268155056
pipeline_b_frozen_replay,601975.SH,801170.SI,交通运输,-0.0010253285602222465,0.0009642348273443123,-0.001989563387566559,0.01659939473198016,3,0.03808102271184705,6.9847077257797e-07
pipeline_b_frozen_replay,601990.SH,801790.SI,非银金融,-3.0220341948921786e-05,-8.895658872406552e-05,5.873624677514374e-05,0.0007158644474252921,6,-0.0038006683636317984,-1.740643301862023e-06
pipeline_b_frozen_replay,601991.SH,801160.SI,公用事业,0.0,0.00012928019025935022,-0.00012928019025935022,0.0,0,0.01784664928041884,0.0
pipeline_b_frozen_replay,601992.SH,801710.SI,建筑材料,0.00040864888136943247,-0.0002514770660843335,0.000660125947453766,0.016925389244230954,3,-0.003546447397484225,-0.0024249838325227807
pipeline_b_frozen_replay,601997.SH,801780.SI,银行,0.0,-0.0007567996584407793,0.0007567996584407793,0.0,0,-0.010576175336274122,0.0
pipeline_b_frozen_replay,603000.SH,801760.SI,传媒,0.0,-2.8696294054799537e-05,2.8696294054799537e-05,0.0,0,0.009336157631930136,0.0
pipeline_b_frozen_replay,603026.SH,801730.SI,电力设备,0.0,-0.001198293667185331,0.001198293667185331,0.0,0,-0.07234794811973864,0.0
pipeline_b_frozen_replay,603056.SH,801170.SI,交通运输,0.002403045250421075,0.00025199320509301397,0.002151052045328061,0.011895523507794914,2,0.017757817157548636,0.0029040297406137173
pipeline_b_frozen_replay,603056.SH,999999.SI,交通运输,0.0,9.476709321239589e-05,-9.476709321239589e-05,0.0,0,0.15793251974156486,0.0
pipeline_b_frozen_replay,603077.SH,801030.SI,基础化工,0.0008321513387796304,0.00132850193587816,-0.0004963505970985295,0.018354657533513175,5,0.03723926261921821,-0.00032124795818672157
pipeline_b_frozen_replay,603127.SH,801150.SI,医药生物,0.0,-0.0007634157688472602,0.0007634157688472602,0.0,0,-0.021817662022959716,0.0
pipeline_b_frozen_replay,603156.SH,801120.SI,食品饮料,-0.003673086763155066,-0.0002691880043588505,-0.003403898758796215,0.01702137883365559,3,-0.006858709415332743,0.0020167541425374705
pipeline_b_frozen_replay,603198.SH,801120.SI,食品饮料,-0.0014044243970300857,0.0011369949857029076,-0.002541419382732994,0.01718530826586769,3,0.035597081593837336,0.006528918223317718
pipeline_b_frozen_replay,603218.SH,801730.SI,电力设备,0.0,-0.0008690979961114114,0.0008690979961114114,0.0,0,-0.029387803177936916,0.0
pipeline_b_frozen_replay,603225.SH,801030.SI,基础化工,-0.004075703079568774,-0.0006961188194823536,-0.0033795842600864196,0.016856995444999488,7,-0.003747898872176488,-1.0272423633288577e-05
pipeline_b_frozen_replay,603228.SH,801080.SI,电子,0.0,-0.0004195376739365789,0.0004195376739365789,0.0,0,-0.01202802268643833,0.0006135563733321134
pipeline_b_frozen_replay,603233.SH,801150.SI,医药生物,0.002665032604139019,0.00037047375683391045,0.0022945588473051084,0.016864659448067268,1,0.03337954536470139,0.0021149171885117687
pipeline_b_frozen_replay,603256.SH,801030.SI,建筑材料,-0.001155263496322646,-3.583391011188132e-08,-0.001155227662412534,0.013921881659506672,2,0.0036002772153517584,8.610189584337853e-06
pipeline_b_frozen_replay,603260.SH,801050.SI,基础化工,0.030066451065233417,0.0030422007580383345,0.027024250307195085,0.016717215416154653,5,0.17511442823665657,-0.003898223145920334
pipeline_b_frozen_replay,603267.SH,801740.SI,国防军工,-0.005897621711701457,-0.0016275896067280923,-0.004270032104973364,0.018275908097263927,5,-0.0430045595710494,-1.5604454794052904e-05
pipeline_b_frozen_replay,603290.SH,801080.SI,电子,-0.00010739159008870368,0.001367893583181523,-0.0014752851732702265,0.016398338714448714,7,0.0494218283113588,0.004091754262479395
pipeline_b_frozen_replay,603317.SH,801120.SI,食品饮料,-0.004109457137382689,-0.001044810476344434,-0.003064646661038255,0.015546162806997053,2,-0.029655483472699796,9.071043607736121e-05
pipeline_b_frozen_replay,603328.SH,801080.SI,电子,0.0,-3.090236183726257e-05,3.090236183726257e-05,0.0,0,-0.005485030104596315,0.0
pipeline_b_frozen_replay,603338.SH,801890.SI,机械设备,0.0,-0.0015535950067918644,0.0015535950067918644,0.0,0,-0.0833805010788688,0.0
pipeline_b_frozen_replay,603345.SH,801120.SI,食品饮料,0.0,0.0012103714372126851,-0.0012103714372126851,0.0,0,0.02739460043656049,0.0
pipeline_b_frozen_replay,603355.SH,801110.SI,家用电器,0.001222290197856898,0.00010847637333032535,0.0011138138245265728,0.014040745418277177,3,0.018308092672167476,-0.005813934379290398
pipeline_b_frozen_replay,603377.SH,801880.SI,社会服务,-0.00658469274190108,-0.00039096746126008334,-0.006193725280640997,0.015550096148253716,7,-0.03284555741760329,-1.0996199773129559e-05
pipeline_b_frozen_replay,603379.SH,801030.SI,基础化工,0.00915771761434825,0.0003256203050183195,0.00883209730932993,0.01596277345392189,3,0.02809500001116465,-2.4681040539807977e-05
pipeline_b_frozen_replay,603444.SH,801760.SI,传媒,-0.005690842550628271,-0.00034562017190721116,-0.00534522237872106,0.01771386951687916,14,0.0012066128877042577,-0.00015956061977831937
pipeline_b_frozen_replay,603456.SH,801150.SI,医药生物,0.0,-0.0008975388932263814,0.0008975388932263814,0.0,0,-0.017900506774953518,0.0
pipeline_b_frozen_replay,603486.SH,801890.SI,家用电器,0.004934281647349488,0.0018674706102966895,0.003066811037052799,0.020570392738634993,11,0.048448021984042966,0.005012026829170322
pipeline_b_frozen_replay,603515.SH,801080.SI,家用电器,-0.005312982967250039,-0.00021752917864796645,-0.005095453788602072,0.015894928402957743,11,-0.026636816279749814,0.0044979730425978425
pipeline_b_frozen_replay,603515.SH,801110.SI,家用电器,0.0,-0.00011579874188388828,0.00011579874188388828,0.0,0,-0.021534234879230386,0.0
pipeline_b_frozen_replay,603517.SH,801120.SI,食品饮料,0.0,-4.97466362846445e-05,4.97466362846445e-05,0.0,0,0.0006216233931866469,0.0
pipeline_b_frozen_replay,603568.SH,801970.SI,环保,-0.00021597404235643887,0.0003609244296486797,-0.0005768984720051185,0.016677995493080404,1,0.0180978964553888,0.004598340189056809
pipeline_b_frozen_replay,603589.SH,801120.SI,食品饮料,0.0,-0.00065955824122362,0.00065955824122362,0.0,0,-0.0012213268859212524,0.0
pipeline_b_frozen_replay,603605.SH,801980.SI,美容护理,0.008639742033441181,0.0011098732365779072,0.007529868796863274,0.01806482148154791,14,0.018238626488136744,0.00022808901952972496
pipeline_b_frozen_replay,603613.SH,801200.SI,商贸零售,0.007052238996305542,0.0008979012489780588,0.006154337747327483,0.01959676437819556,3,0.02108282315382674,-0.00643845637075144
pipeline_b_frozen_replay,603638.SH,801890.SI,机械设备,0.0,-0.001693527865191254,0.001693527865191254,0.0,0,-0.04283757963357122,0.0
pipeline_b_frozen_replay,603650.SH,801030.SI,基础化工,-0.00280744618565885,0.00019963400161922235,-0.0030070801872780725,0.016079653968743265,2,0.019476384872959097,0.001178115028721094
pipeline_b_frozen_replay,603658.SH,801150.SI,医药生物,-0.0009200911666515713,0.0005098236768893814,-0.0014299148435409528,0.01648419415396435,2,0.053692647099432965,0.0013598608481156177
pipeline_b_frozen_replay,603707.SH,801150.SI,医药生物,0.0,-0.0005585287838233442,0.0005585287838233442,0.0,0,-0.01468125569195087,0.0
pipeline_b_frozen_replay,603708.SH,801200.SI,商贸零售,0.0009401344735406528,-0.0002647748983303807,0.0012049093718710334,0.015386103213311648,1,-0.016364569436411354,-0.0009401344735406527
pipeline_b_frozen_replay,603712.SH,801740.SI,国防军工,0.0,-0.0003300500407918967,0.0003300500407918967,0.0,0,-0.010172557693047543,0.0
pipeline_b_frozen_replay,603712.SH,801770.SI,国防军工,0.0,0.00011522440232940377,-0.00011522440232940377,0.0,0,0.008052371069813463,-0.0016159567283212527
pipeline_b_frozen_replay,603719.SH,801120.SI,食品饮料,0.0,-0.000115149066617142,0.000115149066617142,0.0,0,-0.0014633953785154984,0.004845532040409694
pipeline_b_frozen_replay,603737.SH,801030.SI,建筑材料,0.006224170616998259,0.0011214419257279883,0.005102728691270271,0.018228995937258765,6,0.03849858559333919,0.0025267002495113393
pipeline_b_frozen_replay,603786.SH,801880.SI,汽车,-0.00019716182092458228,-5.045018159269935e-06,-0.00019211680276531238,0.013248896819846626,5,0.00900443104953591,0.0005008069938639385
pipeline_b_frozen_replay,603806.SH,801730.SI,电力设备,0.001088108565251493,0.002024895375469876,-0.0009367868102183833,0.020387107022164196,4,0.07128409124258407,-0.0034312759466866858
pipeline_b_frozen_replay,603816.SH,801140.SI,轻工制造,0.0,0.00048802728866981937,-0.00048802728866981937,0.0,0,0.020027988486901644,0.0
pipeline_b_frozen_replay,603858.SH,801150.SI,医药生物,0.0,-0.00016682755514691542,0.00016682755514691542,0.0,0,-0.0003201507104132241,0.0
pipeline_b_frozen_replay,603866.SH,801120.SI,食品饮料,-0.0026426566959703367,-0.001074106881704168,-0.0015685498142661688,0.01647990484512682,4,-0.019142398132497098,-0.0004447156632673831
pipeline_b_frozen_replay,603868.SH,801110.SI,家用电器,-0.0008340819629400608,0.00018814373266695105,-0.001022225695607012,0.015631636492190022,13,0.0196499726163149,0.006013396109633135
pipeline_b_frozen_replay,603882.SH,801150.SI,医药生物,0.003462329008204036,0.0012202431830878801,0.0022420858251161564,0.020776102551240787,5,0.03671692652790894,-0.000661506262560153
pipeline_b_frozen_replay,603883.SH,801150.SI,医药生物,-0.0036973699997549167,-0.0003940559227563512,-0.003303314076998566,0.012729709731439654,4,-0.0033715878650779026,0.003037360677672359
pipeline_b_frozen_replay,603885.SH,801170.SI,交通运输,0.0,0.0005693630894237194,-0.0005693630894237194,0.0,0,0.025379222416988315,0.001358186109384629
pipeline_b_frozen_replay,603888.SH,801760.SI,传媒,0.0,0.00013947457708870484,-0.00013947457708870484,0.0,0,0.02831665263688841,0.0012366935386897869
pipeline_b_frozen_replay,603893.SH,801080.SI,电子,0.018665483425569934,-0.0006080103570087465,0.019273493782578678,0.0170127196206829,7,0.035058006998627905,-0.00771403555472204
pipeline_b_frozen_replay,603927.SH,801750.SI,计算机,-0.0005796794052757906,9.276149129655944e-05,-0.00067244089657235,0.010984621286617646,3,0.006467556923889807,0.00032360224143372483
pipeline_b_frozen_replay,603939.SH,801150.SI,医药生物,0.0005820896833139716,0.0005204672443923225,6.162243892164903e-05,0.018845153497290004,1,0.027699290058102788,-0.0005820896833139715
pipeline_b_frozen_replay,603983.SH,801980.SI,美容护理,0.0,-0.00011116630858126351,0.00011116630858126351,0.0,0,-0.006009173965989966,0.0
pipeline_b_frozen_replay,605117.SH,801110.SI,家用电器,0.0,0.0005622147040544837,-0.0005622147040544837,0.0,0,0.042570057063869814,0.00019106862226561552
pipeline_b_frozen_replay,605358.SH,801080.SI,电子,-0.004551274427913957,-0.0006039200132441101,-0.003947354414669847,0.01814768496996009,5,0.01306544404099468,-0.0005462270343483712
pipeline_b_frozen_replay,688002.SH,999999.SI,未分类,-0.0037423906438357798,-0.0028917564542352394,-0.00085063418960054,0.019163588434621504,4,-0.035247966293896024,0.0018894616756654702
pipeline_b_frozen_replay,688005.SH,999999.SI,未分类,0.0,0.00025411073281155763,-0.00025411073281155763,0.0,0,0.028139359854291557,-0.006996840040255638
pipeline_b_frozen_replay,688006.SH,999999.SI,未分类,-0.006789591486225916,-0.001193910452316789,-0.005595681033909127,0.016134273571422213,6,-0.06115355467218031,-5.7272349662474895e-06
pipeline_b_frozen_replay,688009.SH,999999.SI,未分类,0.0020624639621768088,0.00023302914941997086,0.001829434812756838,0.01687090185564648,5,0.0203807524188863,-0.00037600738893155323
pipeline_b_frozen_replay,688029.SH,999999.SI,未分类,0.0,-0.0004697982886004225,0.0004697982886004225,0.0,0,-0.004696138837820621,0.0
pipeline_b_frozen_replay,688065.SH,999999.SI,未分类,0.0,-0.0012917602458408423,0.0012917602458408423,0.0,0,-0.06293082228268805,0.0
pipeline_b_frozen_replay,688088.SH,999999.SI,未分类,0.0,-0.0017388288020658608,0.0017388288020658608,0.0,0,-0.04076864613064832,0.0
pipeline_b_frozen_replay,688099.SH,999999.SI,未分类,-0.0035947606418171314,-0.000526344671395479,-0.0030684159704216533,0.017681610792031253,19,0.004578249353203616,-0.0009463821944706392
pipeline_b_frozen_replay,688122.SH,999999.SI,未分类,-0.0038306174715346895,0.00016816294329974097,-0.003998780414834431,0.018382293546912565,2,0.011796704017229745,0.0006000638680483707
pipeline_b_frozen_replay,688180.SH,999999.SI,未分类,0.0,-0.0005030787451780635,0.0005030787451780635,0.0,0,-0.010547764270081805,0.0
pipeline_b_frozen_replay,688185.SH,999999.SI,未分类,0.0,-0.0005048910803308344,0.0005048910803308344,0.0,0,-0.007300659822215246,0.0
pipeline_b_frozen_replay,688188.SH,999999.SI,未分类,-0.0038361463206240533,-0.00015361367505055092,-0.0036825326455735023,0.016110869490583515,3,-0.003601816926266895,-3.296372020019072e-05
pipeline_b_frozen_replay,688208.SH,999999.SI,未分类,0.0,-0.0022986226418749787,0.0022986226418749787,0.0,0,-0.04668608615443797,0.0
pipeline_b_frozen_replay,688256.SH,999999.SI,未分类,0.0,-0.00039465500177634735,0.00039465500177634735,0.0,0,-0.03453732076905436,0.0
pipeline_b_frozen_replay,688289.SH,999999.SI,未分类,0.0003922712601225213,-0.0006174187837048083,0.0010096900438273295,0.01615337198739743,1,-0.04575199286513076,-0.0003922712601225212
pipeline_b_frozen_replay,688321.SH,999999.SI,未分类,-0.0029271899450606007,-0.0006607438809083049,-0.0022664460641522964,0.016320244801511726,2,-0.018490449942137704,0.002927189945060601
pipeline_b_frozen_replay,688390.SH,999999.SI,未分类,0.0,2.073039543072229e-05,-2.073039543072229e-05,0.0,0,0.005124611033858158,-0.0001074957052929354
pipeline_b_frozen_replay,688521.SH,999999.SI,未分类,0.0,-0.0012961213707069759,0.0012961213707069759,0.0,0,-0.04281909386806714,0.0
pipeline_b_frozen_replay,688536.SH,999999.SI,未分类,0.0,-0.0008632286810379386,0.0008632286810379386,0.0,0,-0.03771739933121284,0.0
pipeline_b_frozen_replay,688777.SH,999999.SI,未分类,0.003531182467052274,0.0009240420965820259,0.002607140370470248,0.018092913335139658,3,0.043620473955030194,0.00042839219530753543
pipeline_b_frozen_replay,688819.SH,999999.SI,未分类,0.0,2.45833220241192e-05,-2.45833220241192e-05,0.0,0,0.015806545887233386,-0.001746841121089944
pipeline_b_frozen_replay,689009.SH,999999.SI,未分类,0.0,-0.000901081323483385,0.000901081323483385,0.0,0,-0.061542330730744756,0.0
rolling_48m_replay,000008.SZ,801890.SI,机械设备,0.0,-0.00011049444109729488,0.00011049444109729488,0.0,0,-0.022159342476302784,0.0
rolling_48m_replay,000009.SZ,801230.SI,电力设备,0.0,0.002728198694086167,-0.002728198694086167,0.0,0,0.08518318297677581,0.0
rolling_48m_replay,000009.SZ,801730.SI,电力设备,0.0,-0.0008714700380757423,0.0008714700380757423,0.0,0,-0.006580078541267492,0.0
rolling_48m_replay,000012.SZ,801710.SI,建筑材料,0.004366815102738739,8.042650561232011e-05,0.004286388597126419,0.015994656558289383,7,0.005993299592583615,0.00098678915918943
rolling_48m_replay,000021.SZ,801080.SI,电子,0.0,-0.0011780665283425535,0.0011780665283425535,0.0,0,-0.020158638855935943,0.0
rolling_48m_replay,000027.SZ,801160.SI,公用事业,0.0,0.00010750485664368597,-0.00010750485664368597,0.0,0,0.022147552026034894,0.0
rolling_48m_replay,000028.SZ,801150.SI,医药生物,0.0,-0.0003030310686767424,0.0003030310686767424,0.0,0,-0.010796130140266836,-0.00023851230417383192
rolling_48m_replay,000031.SZ,801180.SI,房地产,0.004909464719887107,-0.00011244961413528907,0.005021914334022395,0.015910570301745537,5,0.0003392204664330323,0.003956716826606778
rolling_48m_replay,000039.SZ,801890.SI,机械设备,-0.0002342411649062055,-0.0007921565448510961,0.0005579153799448906,0.017957954229724498,8,-0.010765962672058487,0.0032448419912243617
rolling_48m_replay,000046.SZ,801180.SI,房地产,-0.00014599962786986334,-0.00010632334780835761,-3.9676280061505736e-05,0.006988443721896636,2,-0.02333416693556419,-0.00014599962786986334
rolling_48m_replay,000046.SZ,801790.SI,房地产,-0.00013695957572696814,-0.0003463920551449678,0.00020943247941799967,0.00025698757405008494,8,-0.04024798835070895,-0.00012154469822353282
rolling_48m_replay,000050.SZ,801080.SI,电子,0.0,-0.0011206654127097163,0.0011206654127097163,0.0,0,-0.020216643628850926,0.0
rolling_48m_replay,000060.SZ,801050.SI,有色金属,0.0003368822683177872,-0.00028675044015739036,0.0006236327084751776,0.016993838868474626,1,-0.004318330611285638,0.001972632444498785
rolling_48m_replay,000061.SZ,801200.SI,商贸零售,-0.002642500217027617,-5.2751003840192674e-05,-0.002589749213187425,0.01589001243726805,4,0.0009607804398029477,3.3540823536921255e-06
rolling_48m_replay,000062.SZ,801080.SI,电子,0.0,-1.7679339203236467e-05,1.7679339203236467e-05,0.0,0,0.0010782688177874793,0.0015973645241529459
rolling_48m_replay,000078.SZ,801150.SI,医药生物,0.0,-6.839862473513096e-05,6.839862473513096e-05,0.0,0,-0.0021891599943229165,0.0
rolling_48m_replay,000089.SZ,801170.SI,交通运输,-0.00016707248964946295,-2.7949227265351455e-05,-0.00013912326238411146,0.016393988046853734,1,0.0008096600528576294,4.176256349515937e-07
rolling_48m_replay,000090.SZ,801180.SI,房地产,0.0028074773294949045,0.00026643792097765613,0.002541039408517249,0.01672120939555234,4,0.013745407300284625,-0.0017688869085750814
rolling_48m_replay,000156.SZ,801760.SI,传媒,0.0,-8.859975998625882e-05,8.859975998625882e-05,0.0,0,-0.0021933720232909654,0.0003858628464208843
rolling_48m_replay,000158.SZ,801750.SI,计算机,0.0,4.124270923449479e-05,-4.124270923449479e-05,0.0,0,0.015038070836859646,0.0
rolling_48m_replay,000301.SZ,801030.SI,石油石化,0.0,0.0014995266695909011,-0.0014995266695909011,0.0,0,0.1453848599293162,0.0
rolling_48m_replay,000301.SZ,999999.SI,石油石化,0.0,0.00012371403947067025,-0.00012371403947067025,0.0,0,0.049090909090909296,0.0
rolling_48m_replay,000400.SZ,801730.SI,电力设备,0.004754608516402649,0.0005124834640618693,0.00424212505234078,0.01693425208387812,4,0.022071183510917764,-2.5304332580342037e-07
rolling_48m_replay,000401.SZ,801710.SI,建筑材料,0.0,-0.0005120795776670333,0.0005120795776670333,0.0,0,-0.013434072539743718,0.0
rolling_48m_replay,000401.SZ,999999.SI,建筑材料,0.0,-0.0004741665789201612,0.0004741665789201612,0.0,0,-0.0911547444263387,0.0
rolling_48m_replay,000402.SZ,801180.SI,房地产,-0.001018368880204343,-0.0001465154589885324,-0.0008718534212158105,0.014745795282112745,2,0.0001361988445586354,-0.0015894583272176251
rolling_48m_replay,000415.SZ,801790.SI,非银金融,-0.00019393796885282673,-6.676480689213369e-05,-0.00012717316196069302,0.0005539461078089768,19,-0.0016437667735948968,-4.365394851842808e-06
rolling_48m_replay,000488.SZ,801140.SI,轻工制造,0.0,-0.00022492082801096696,0.00022492082801096696,0.0,0,-0.002341837415983599,0.0
rolling_48m_replay,000501.SZ,801200.SI,商贸零售,-0.001747674163767807,-9.457545377540452e-05,-0.0016530987099924023,0.015900656919021025,3,-0.006555451965441624,0.0011742479174139235
rolling_48m_replay,000513.SZ,801150.SI,医药生物,0.0,-0.0002674788744305883,0.0002674788744305883,0.0,0,-0.002467827894986424,-0.0011058466021592742
rolling_48m_replay,000519.SZ,801740.SI,国防军工,-0.014967749497978177,0.0010903820003729035,-0.016058131498351082,0.015641047692367387,6,0.04389508629368419,-0.013372491061355424
rolling_48m_replay,000528.SZ,801890.SI,机械设备,0.0,0.00020744369538149685,-0.00020744369538149685,0.0,0,0.006219898031264266,0.0
rolling_48m_replay,000537.SZ,801160.SI,公用事业,0.0,-0.00013110889646647373,0.00013110889646647373,0.0,0,-0.021922874242011864,0.0
rolling_48m_replay,000537.SZ,801180.SI,公用事业,0.0,0.0008419544206773083,-0.0008419544206773083,0.0,0,0.1146603052899752,0.0
rolling_48m_replay,000540.SZ,801180.SI,房地产,0.0,-0.0009981711645485737,0.0009981711645485737,0.0,0,-0.020746203982991308,0.0
rolling_48m_replay,000543.SZ,801160.SI,公用事业,0.0,-6.263452922185221e-05,6.263452922185221e-05,0.0,0,-0.006129539920224396,0.0
rolling_48m_replay,000547.SZ,801740.SI,国防军工,0.0,-0.0039046189855020336,0.0039046189855020336,0.0,0,-0.039150937312713914,0.0
rolling_48m_replay,000553.SZ,801030.SI,基础化工,-0.003469453935969701,0.00011943033457744066,-0.003588884270547142,0.015442621964713014,3,0.008889107496403,-0.0011958999889180142
rolling_48m_replay,000559.SZ,801880.SI,汽车,0.0007944640776055218,-4.118235262054297e-05,0.0008356464302260651,0.016128010404492316,5,-0.0006466827719474785,0.0019095564509576776
rolling_48m_replay,000563.SZ,801790.SI,非银金融,-0.00015907016009018263,-0.00027801746978408504,0.00011894730969390244,0.0005800113638219322,19,-0.009251033371379308,-8.537391081472382e-05
rolling_48m_replay,000564.SZ,801200.SI,未分类,0.0,0.0001781715302418299,-0.0001781715302418299,0.0,0,0.09019018207400498,0.0
rolling_48m_replay,000581.SZ,801880.SI,汽车,-6.402251530618092e-05,-0.0002187288672043326,0.00015470635189815182,0.016782100820239156,7,-0.005225505755364156,0.00019221926977496418
rolling_48m_replay,000598.SZ,801160.SI,环保,0.0011645212527217656,0.0004407791909123766,0.0007237420618093889,0.016990105759074725,2,0.024558699898387177,0.000345081175891163
rolling_48m_replay,000598.SZ,801970.SI,环保,-0.002171344765914846,-0.0003927567718039507,-0.0017785879941108953,0.016599671749964833,6,-0.02051579222902829,0.003169931753989578
rolling_48m_replay,000600.SZ,801160.SI,公用事业,-0.002150830355906765,-0.00010424137491756018,-0.0020465889809892046,0.015558604003117727,1,-0.010069042077853085,-0.002150830355906765
rolling_48m_replay,000623.SZ,801150.SI,医药生物,0.0,-0.0001603413050144232,0.0001603413050144232,0.0,0,-0.0004183087336496703,0.0
rolling_48m_replay,000629.SZ,801040.SI,钢铁,0.01766047690388756,0.0004892952657673437,0.017171181638120214,0.015599214626998037,6,0.04670758834459288,-0.00145885101212272
rolling_48m_replay,000629.SZ,999999.SI,钢铁,0.0,0.0010152460914082675,-0.0010152460914082675,0.0,0,0.05884103528125786,0.0
rolling_48m_replay,000630.SZ,801050.SI,有色金属,0.0,0.0010675704906917016,-0.0010675704906917016,0.0,0,0.018178235425210548,-0.005389208410953543
rolling_48m_replay,000636.SZ,801080.SI,电子,0.0,-0.002169116837924233,0.002169116837924233,0.0,0,-0.028038019598086758,0.0
rolling_48m_replay,000656.SZ,801180.SI,房地产,0.0,-0.00135402748349364,0.00135402748349364,0.0,0,-0.05015151173326963,0.0
rolling_48m_replay,000671.SZ,801180.SI,房地产,0.0,-0.0009086640701866755,0.0009086640701866755,0.0,0,-0.01652457573196138,0.0
rolling_48m_replay,000681.SZ,801760.SI,传媒,0.0,0.0007428015475099722,-0.0007428015475099722,0.0,0,0.053826113611415406,0.0
rolling_48m_replay,000685.SZ,801160.SI,环保,0.0,5.663058655573155e-05,-5.663058655573155e-05,0.0,0,0.006355710072326613,0.0019820955018658927
rolling_48m_replay,000685.SZ,801970.SI,环保,0.0,-0.00020116635628604393,0.00020116635628604393,0.0,0,-0.01493916195125373,0.0
rolling_48m_replay,000686.SZ,801790.SI,非银金融,-0.00031771207655638173,-0.0007855124898134238,0.000467800413257042,0.0006871783057771538,16,-0.01540699207488049,-5.3810611965179596e-05
rolling_48m_replay,000690.SZ,801160.SI,公用事业,-0.006120106633673656,-0.0001458394194579772,-0.005974267214215679,0.017359060463212717,3,0.003162716672527363,0.0022850814110952087
rolling_48m_replay,000709.SZ,801040.SI,钢铁,0.0,0.00014687081073768782,-0.00014687081073768782,0.0,0,0.006784892564351205,0.0
rolling_48m_replay,000717.SZ,801040.SI,钢铁,-0.0011481896181830778,-0.00018428735734334024,-0.0009639022608397377,0.016007114088787612,1,-0.009098066851959416,-0.0006021598037026279
rolling_48m_replay,000718.SZ,801180.SI,房地产,0.0022707901053938594,0.00017365321345738408,0.0020971368919364755,0.015710160116908546,1,0.02234322486000792,0.0022707901053938594
rolling_48m_replay,000723.SZ,801950.SI,煤炭,0.0,0.001494133439855213,-0.001494133439855213,0.0,0,0.06090362837933647,0.0
rolling_48m_replay,000728.SZ,801790.SI,非银金融,-9.101752217830452e-05,-0.000544164783316285,0.0004531472611379804,0.0008446948207178926,12,-0.00909468666825424,-4.035678751257833e-06
rolling_48m_replay,000729.SZ,801120.SI,食品饮料,-0.0008919466780816759,0.0005571982779856362,-0.001449144956067312,0.016917020974484685,2,0.01676404350560037,3.3479471142547606e-06
rolling_48m_replay,000732.SZ,801180.SI,房地产,0.0012211106622122326,-0.00015971493692686339,0.001380825599139096,0.015645480359594306,1,-0.02120128227526093,0.0012211106622122326
rolling_48m_replay,000733.SZ,801740.SI,国防军工,0.0021091827758384844,0.0007361223406075857,0.0013730604352308984,0.02153803694123424,6,0.013837848005421668,-8.796298557965394e-06
rolling_48m_replay,000738.SZ,801740.SI,国防军工,-0.00017866279415669942,0.0003985232336685613,-0.0005771860278252607,0.017005449589277948,1,0.01044940655826151,-0.0001786627941566994
rolling_48m_replay,000739.SZ,801150.SI,医药生物,0.0,-8.882997391948254e-05,8.882997391948254e-05,0.0,0,0.007262341495585231,0.0
rolling_48m_replay,000750.SZ,801790.SI,非银金融,-0.0003595833730228763,-0.0015293891658777951,0.0011698057928549188,0.00073744477287363,16,-0.020327886776964108,-0.00012535982326740804
rolling_48m_replay,000758.SZ,801050.SI,有色金属,0.0,4.842624422959145e-06,-4.842624422959145e-06,0.0,0,0.004202603524689676,0.0007258867736734519
rolling_48m_replay,000778.SZ,801040.SI,钢铁,0.00040442307590632756,3.9144816992646675e-05,0.0003652782589136808,0.01626679483089903,1,0.003040305895673561,-0.0011216547510211755
rolling_48m_replay,000783.SZ,801790.SI,非银金融,-5.07596751690714e-05,-0.00020944126918661244,0.00015868159401754106,0.0006776106728995836,6,-0.009268252369327082,1.1195628346462132e-06
rolling_48m_replay,000785.SZ,801200.SI,商贸零售,0.0,-0.00016012935908300927,0.00016012935908300927,0.0,0,-0.018707303290589044,0.0
rolling_48m_replay,000799.SZ,801120.SI,食品饮料,0.004556341318723925,-0.0011759852975495853,0.00573232661627351,0.023238350503178882,1,-0.00870100546275456,-0.0005156812678895652
rolling_48m_replay,000807.SZ,801050.SI,有色金属,0.0029246994905629815,0.0011990882736331854,0.001725611216929796,0.01696140862120945,9,0.02784584875858256,0.0032329378164437155
rolling_48m_replay,000813.SZ,801150.SI,医药生物,0.0,-5.554543119399637e-05,5.554543119399637e-05,0.0,0,-0.004154049146460716,0.0
rolling_48m_replay,000825.SZ,801040.SI,钢铁,-0.00034589081724104855,0.0006825835154596487,-0.0010284743327006972,0.017739257627076295,1,0.01891427883066749,-0.00034589081724104855
rolling_48m_replay,000826.SZ,801970.SI,环保,0.0,-0.0003582239714610648,0.0003582239714610648,0.0,0,-0.026946251338494365,0.0
rolling_48m_replay,000830.SZ,801030.SI,基础化工,0.0006762957177653575,4.6567128184181006e-05,0.0006297285895811763,0.017139260191107675,6,0.007490978722004366,-0.002311771000509873
rolling_48m_replay,000830.SZ,999999.SI,基础化工,0.0,0.0002611132692040532,-0.0002611132692040532,0.0,0,0.06747787610619471,0.0
rolling_48m_replay,000831.SZ,801050.SI,有色金属,0.0,0.00019661863912920615,-0.00019661863912920615,0.0,0,0.011276974661959427,0.0
rolling_48m_replay,000869.SZ,801120.SI,食品饮料,0.0,-0.00030558116326241333,0.00030558116326241333,0.0,0,-0.012682402770780735,0.0007309645406544374
rolling_48m_replay,000877.SZ,801710.SI,建筑材料,-0.0005497576816303975,-0.00018893686058071743,-0.0003608208210496801,0.016421022925220984,1,-0.0033903801039890965,-0.0005497576816303975
rolling_48m_replay,000878.SZ,801050.SI,有色金属,-0.0014620602752864955,-0.0003564699097424677,-0.0011055903655440274,0.016479347239957004,8,-0.004353533325784952,-0.0016143315968983156
rolling_48m_replay,000883.SZ,801160.SI,公用事业,0.0,0.00017937418666149105,-0.00017937418666149105,0.0,0,0.02049719548088146,0.0013612360239260662
rolling_48m_replay,000887.SZ,801880.SI,汽车,0.008447567785019957,0.00016199739256647413,0.008285570392453482,0.014374803506703974,7,0.016973197084542202,0.0004997438405866875
rolling_48m_replay,000898.SZ,801040.SI,钢铁,0.0005533638110994997,0.0001092010188315263,0.00044416279226797346,0.016739255285759584,1,0.004259531936994132,0.00040401516452399146
rolling_48m_replay,000930.SZ,801010.SI,农林牧渔,0.0043069863821323506,-2.584493529137777e-05,0.004332831317423728,0.011838515761223259,5,0.002704375175348934,0.0028418514417522783
rolling_48m_replay,000932.SZ,801040.SI,钢铁,0.0,-0.0003585576009501255,0.0003585576009501255,0.0,0,0.006867092855355569,0.0
rolling_48m_replay,000937.SZ,801950.SI,煤炭,-0.0011172504071935408,0.0005782067858904629,-0.001695457193084004,0.016255656375630635,5,0.04324646866640853,9.002005581261723e-06
rolling_48m_replay,000959.SZ,801040.SI,钢铁,0.00040769065528334803,0.0001651661081847067,0.00024252454709864128,0.016357274090357476,2,0.006885992209228864,0.000407690655283348
rolling_48m_replay,000959.SZ,999999.SI,钢铁,0.0,-0.0001904216188418793,0.0001904216188418793,0.0,0,-0.04789669171633398,0.0
rolling_48m_replay,000960.SZ,801050.SI,有色金属,0.00201495496495976,0.0002613741845092603,0.0017535807804504996,0.015613616922679777,3,0.016392124000235948,0.0014923510414350015
rolling_48m_replay,000961.SZ,801180.SI,房地产,0.0,-0.0008725582823108213,0.0008725582823108213,0.0,0,-0.033890412545104026,0.0
rolling_48m_replay,000967.SZ,801160.SI,环保,0.0,-0.00012162253003092687,0.00012162253003092687,0.0,0,-0.0016871004748120848,0.0
rolling_48m_replay,000967.SZ,801970.SI,环保,0.0,-0.00040857228756395263,0.00040857228756395263,0.0,0,-0.03558005738588974,0.0
rolling_48m_replay,000970.SZ,801050.SI,有色金属,-0.0019185505765379994,0.000807215582190623,-0.0027257661587286224,0.010290558263140234,2,0.030073158786173736,-0.0019185505765379994
rolling_48m_replay,000975.SZ,801050.SI,有色金属,0.0009086405500959486,0.0010707250980985779,-0.00016208454800262923,0.017832377426726564,3,0.01836234223170316,0.0014991140210805192
rolling_48m_replay,000983.SZ,801950.SI,煤炭,0.0,0.002609162292359738,-0.002609162292359738,0.0,0,0.04790996897787906,0.0
rolling_48m_replay,000987.SZ,801790.SI,非银金融,-8.481345004774505e-05,-1.4190792621561048e-05,-7.0622657426184e-05,0.0008456468735803815,12,0.0005113346262645979,4.7332257987967984e-06
rolling_48m_replay,000988.SZ,801080.SI,机械设备,-0.0004094096328296922,0.0005209457778297692,-0.0009303554106594614,0.02013345968108202,2,0.014053733133811678,-0.002748089999689294
rolling_48m_replay,000988.SZ,801890.SI,机械设备,-0.005857094616393102,-0.001643696001525242,-0.00421339861486786,0.01875521109207794,3,-0.03710354510393556,-0.0023279807027735194
rolling_48m_replay,000990.SZ,801030.SI,基础化工,-0.004901134777503558,-0.0004978229967559049,-0.004403311780747653,0.01632599542421035,2,-0.013915011880895653,-0.00938103664677733
rolling_48m_replay,000997.SZ,801750.SI,计算机,0.0022685744146816495,-0.00028793220094080286,0.002556506615622452,0.015885210060922837,6,-0.00029509974157011326,0.0037365606056989444
rolling_48m_replay,000998.SZ,801010.SI,农林牧渔,-0.000225918053220084,-0.0005273700845907152,0.0003014520313706313,0.018256330300690314,1,-0.00441676297341174,3.9441217488723514e-08
rolling_48m_replay,000999.SZ,801150.SI,医药生物,-0.002054267722472786,0.001507051955082717,-0.003561319677555503,0.01687008245107542,4,0.037141704335222424,0.0004051774866872895
rolling_48m_replay,001203.SZ,801040.SI,钢铁,-0.0020955378945323637,-6.362881229075326e-05,-0.0020319090822416104,0.01565791388821131,3,-0.005732417809714692,0.0002125605585499928
rolling_48m_replay,001227.SZ,801780.SI,银行,0.0,-9.977217426143772e-05,9.977217426143772e-05,0.0,0,-0.03661846606029445,0.0
rolling_48m_replay,001872.SZ,801170.SI,交通运输,0.0005528604911138893,-7.507930847843841e-05,0.0006279397995923277,0.015230764510098402,1,-0.002185294164426361,-0.00011486948679447937
rolling_48m_replay,001914.SZ,801180.SI,房地产,-0.00028269125304565285,-0.0004219603871570001,0.00013926913411134738,0.015358170769437938,5,-0.0011387477375644772,-0.0010942761246258504
rolling_48m_replay,001965.SZ,801170.SI,交通运输,0.0,6.0411353615196764e-05,-6.0411353615196764e-05,0.0,0,0.004987384365158304,-0.0006450330986590481
rolling_48m_replay,002002.SZ,801030.SI,基础化工,0.0,-2.374198691471853e-05,2.374198691471853e-05,0.0,0,0.012104927307886676,0.0
rolling_48m_replay,002004.SZ,801030.SI,医药生物,0.0,0.0004277007814295807,-0.0004277007814295807,0.0,0,0.029579744755738546,0.0
rolling_48m_replay,002004.SZ,801150.SI,医药生物,0.0,-0.0004532541001133071,0.0004532541001133071,0.0,0,-0.022509868812649148,0.0009720006567394649
rolling_48m_replay,002010.SZ,801170.SI,交通运输,0.00017772932284616864,0.00019958666418234646,-2.185734133617782e-05,0.015868689539836976,1,0.009788472089124048,0.00017772932284616864
rolling_48m_replay,002013.SZ,801740.SI,国防军工,0.0,-0.0003050647084655878,0.0003050647084655878,0.0,0,0.004106344537307464,0.0
rolling_48m_replay,002013.SZ,999999.SI,国防军工,0.0,3.095809735618632e-06,-3.095809735618632e-06,0.0,0,0.0008103727714749986,0.0
rolling_48m_replay,002019.SZ,801150.SI,医药生物,0.0,-0.0008342481950578023,0.0008342481950578023,0.0,0,-0.01371465427626073,0.0
rolling_48m_replay,002028.SZ,801730.SI,电力设备,0.008402962998024148,0.001958033291990893,0.006444929706033256,0.017923918313275222,6,0.03738006247642974,0.006101271391239241
rolling_48m_replay,002030.SZ,801150.SI,医药生物,-0.0026600462525642366,-0.0008977247783069184,-0.0017623214742573173,0.017964547021142127,9,-0.010465014193636222,5.0175998831671845e-06
rolling_48m_replay,002038.SZ,801150.SI,医药生物,0.0,-6.578265847680078e-05,6.578265847680078e-05,0.0,0,0.00110540052254514,0.0011533864310834855
rolling_48m_replay,002048.SZ,801880.SI,汽车,-0.0030029509117403467,4.634030102794616e-05,-0.003049291212768292,0.016417760855785647,10,0.0027362997245037788,-0.0003130700862566944
rolling_48m_replay,002051.SZ,801720.SI,建筑装饰,0.0,-5.311042266635615e-05,5.311042266635615e-05,0.0,0,-0.013260673951324168,0.0
rolling_48m_replay,002056.SZ,801050.SI,有色金属,-0.0007547943360001405,0.0007193929930037228,-0.0014741873290038635,0.014318467433884334,4,0.02018323145586354,0.00047428358976931806
rolling_48m_replay,002064.SZ,801030.SI,基础化工,0.004263829293764658,0.0009425960316126181,0.0033212332621520395,0.018643310893684834,3,0.07227731015336737,1.721348575948415e-05
rolling_48m_replay,002065.SZ,801750.SI,计算机,-0.0015813940705749722,-0.0006801921253702608,-0.0009012019452047115,0.01709121453933524,2,-0.014457344280891472,1.0643391918485254e-05
rolling_48m_replay,002074.SZ,801730.SI,电力设备,0.0,0.001147321529202835,-0.001147321529202835,0.0,0,0.021113006924659273,0.0
rolling_48m_replay,002075.SZ,801040.SI,钢铁,0.0,-0.0013993281963249067,0.0013993281963249067,0.0,0,-0.03099941054459092,0.0
rolling_48m_replay,002078.SZ,801140.SI,轻工制造,-0.00155773463339721,-0.0009428734888680272,-0.0006148611445291828,0.01857923078374799,1,-0.009142524773928453,-1.760456651103172e-07
rolling_48m_replay,002080.SZ,801030.SI,建筑材料,0.00037888000214884285,0.0009023516728701334,-0.0005234716707212906,0.017425392917873827,2,0.029977492722476823,0.000483327490756047
rolling_48m_replay,002080.SZ,801710.SI,建筑材料,-0.0016146817230223425,-0.000564714078147989,-0.0010499676448743533,0.012218021147927844,2,-0.02346470160155978,-0.003369903134289426
rolling_48m_replay,002081.SZ,801720.SI,建筑装饰,0.0004450112025507526,-0.0009524031965206308,0.0013974143990713832,0.01590064699430083,5,-0.020704081353188488,0.0023255119183263435
rolling_48m_replay,002085.SZ,801880.SI,汽车,0.001735432143431676,-0.00046278195354533807,0.002198214096977014,0.01652784045703653,2,-0.015561844490241172,-6.586608807580222e-05
rolling_48m_replay,002092.SZ,801030.SI,基础化工,0.0005349989864941901,0.00038742661970357406,0.000147572366790616,0.018411344431765665,1,0.01771428931687553,0.00053499898649419
rolling_48m_replay,002092.SZ,999999.SI,基础化工,0.0,-0.00020750007092203786,0.00020750007092203786,0.0,0,-0.06781115879828337,0.0
rolling_48m_replay,002093.SZ,801770.SI,通信,0.0,-0.00010303726350417101,0.00010303726350417101,0.0,0,-0.02516912370365328,0.0
rolling_48m_replay,002110.SZ,801040.SI,钢铁,-0.0018872901491223666,-0.0001389589109525622,-0.0017483312381698045,0.016730572132760458,1,-0.0023886047057732666,-0.0011995647373676767
rolling_48m_replay,002124.SZ,801010.SI,农林牧渔,-0.0005115720378996695,-0.0010859105880635846,0.000574338550163915,0.017823036351140662,6,-0.013936689970263464,-0.0007038258271344483
rolling_48m_replay,002127.SZ,801200.SI,商贸零售,0.0,-0.0016462527116684876,0.0016462527116684876,0.0,0,-0.03997386891080276,0.0
rolling_48m_replay,002128.SZ,801950.SI,煤炭,-0.00017006863363517796,0.00014181949358415042,-0.00031188812721932857,0.01672692072568414,3,0.01211140564219581,7.896843450632546e-06
rolling_48m_replay,002131.SZ,801760.SI,传媒,-0.00272925394316481,-0.001555104044708333,-0.0011741498984564776,0.016917345433073744,2,-0.021778850365490227,-0.0004899041510688222
rolling_48m_replay,002138.SZ,801080.SI,电子,0.006944432250912715,0.0004609375864058354,0.0064834946645068794,0.01849933771480643,6,0.009579242708546981,-0.001781120030705803
rolling_48m_replay,002146.SZ,801180.SI,房地产,0.0,-0.0009630187362045843,0.0009630187362045843,0.0,0,-0.03337494282008838,0.0
rolling_48m_replay,002152.SZ,801750.SI,计算机,0.0034550966575943465,-0.00023228854125778803,0.003687385198852135,0.0166822284015264,5,-0.0008380852102309877,0.001952741916869739
rolling_48m_replay,002153.SZ,801750.SI,计算机,0.0,-0.0004094754971617825,0.0004094754971617825,0.0,0,-0.014682698110006545,0.0
rolling_48m_replay,002155.SZ,801050.SI,有色金属,-0.0026753249949513667,0.0007257763274902924,-0.0034011013224416594,0.01545709848473542,4,0.029943396035128366,-0.010895136882698483
rolling_48m_replay,002156.SZ,801080.SI,电子,-0.0032486941097492547,-0.0010420473016972914,-0.0022066468080519635,0.01713204213957176,2,-0.010901380769495733,0.001085378162027114
rolling_48m_replay,002174.SZ,801760.SI,传媒,-0.00123569926049042,-5.8887609688789994e-05,-0.00117681165080163,0.016448377920066024,3,0.00037844123916352484,-0.00123569926049042
rolling_48m_replay,002180.SZ,801080.SI,电子,0.007560221498054726,0.0004460957103562159,0.0071141257876985095,0.020200142098619377,7,0.009346153236677646,0.004589752612162376
rolling_48m_replay,002180.SZ,801750.SI,电子,0.003994839053055161,0.0015109655156863712,0.0024838735373687902,0.019481534148813196,1,0.06824487733775923,-2.166134343474079e-05
rolling_48m_replay,002183.SZ,801170.SI,交通运输,0.0,0.0006077056809156117,-0.0006077056809156117,0.0,0,0.027049079822553664,0.0
rolling_48m_replay,002185.SZ,801080.SI,电子,0.0,-0.0016603211501270514,0.0016603211501270514,0.0,0,-0.014737979729306905,0.0008413014208682232
rolling_48m_replay,002191.SZ,801140.SI,轻工制造,0.011257075770704051,-0.00023430502286499261,0.011491380793569045,0.011559546509110742,3,0.003875812367962509,0.004181623676246648
rolling_48m_replay,002195.SZ,801750.SI,计算机,8.018164026286777e-05,-0.0002384754513677941,0.00031865709163066185,0.01675796281493889,1,-0.0013986103936235543,9.554219627364198e-09
rolling_48m_replay,002203.SZ,801050.SI,有色金属,0.0,0.0006655701587262937,-0.0006655701587262937,0.0,0,0.02076225738482854,0.0005204400782126575
rolling_48m_replay,002212.SZ,801750.SI,计算机,0.0,-0.0020733835078579877,0.0020733835078579877,0.0,0,-0.026892360700194167,-0.00024149417563807622
rolling_48m_replay,002217.SZ,801080.SI,电子,0.0,-5.616948108630512e-05,5.616948108630512e-05,0.0,0,-0.00378679846574285,0.0
rolling_48m_replay,002221.SZ,801030.SI,石油石化,0.0,0.00034886644001639125,-0.00034886644001639125,0.0,0,0.01784213940920264,0.0
rolling_48m_replay,002221.SZ,801960.SI,石油石化,0.0,-0.0008533208325872139,0.0008533208325872139,0.0,0,-0.034843241472185066,0.0
rolling_48m_replay,002223.SZ,801150.SI,医药生物,-0.0014909388951064035,0.00025836345797847107,-0.0017493023530848746,0.01258999907075554,3,0.007428207870445569,-0.0012049398776765108
rolling_48m_replay,002233.SZ,801710.SI,建筑材料,0.0,-0.0006516921846955127,0.0006516921846955127,0.0,0,-0.018932840838390128,0.0
rolling_48m_replay,002240.SZ,801050.SI,有色金属,0.0,-0.002157626944952467,0.002157626944952467,0.0,0,-0.07414541328098385,0.0008281054633597303
rolling_48m_replay,002242.SZ,801110.SI,家用电器,0.00019701104321222278,-0.0006128038251219014,0.0008098148683341242,0.006004553969207211,1,-0.017752878013525306,-0.0003366394511153341
rolling_48m_replay,002244.SZ,801180.SI,房地产,0.0,0.0008531333064968308,-0.0008531333064968308,0.0,0,0.03739182887933826,0.0
rolling_48m_replay,002249.SZ,801730.SI,电力设备,0.0,0.00027293564471407615,-0.00027293564471407615,0.0,0,0.017602559176403566,0.0
rolling_48m_replay,002250.SZ,801030.SI,基础化工,-0.0026085852648223724,-0.001046101564074632,-0.0015624837007477404,0.015152089010791648,3,-0.013980416141374005,-0.00035208349582758927
rolling_48m_replay,002266.SZ,801160.SI,环保,0.006055960207458008,0.0006678619668322848,0.005388098240625723,0.015729411035839688,6,0.04168345530609305,0.00020817959681865804
rolling_48m_replay,002266.SZ,801970.SI,环保,0.0,-0.0010021443749453848,0.0010021443749453848,0.0,0,-0.04403657857624498,-0.0004088021634938838
rolling_48m_replay,002268.SZ,801750.SI,计算机,0.00889941275220059,0.0010594665042628426,0.007839946247937747,0.017336328436142436,3,0.04064019816807302,-0.000751716350134787
rolling_48m_replay,002273.SZ,801080.SI,电子,0.0,0.00027433637666394165,-0.00027433637666394165,0.0,0,0.007322772158696668,0.0
rolling_48m_replay,002281.SZ,801770.SI,通信,0.003917763764649372,-0.0008562929642170786,0.00477405672886645,0.016598713535078566,3,-0.020773804196114038,0.0032214931130018845
rolling_48m_replay,002294.SZ,801150.SI,医药生物,-0.0009022059715416125,0.0005396563329961838,-0.0014418623045377964,0.016564609464248203,2,0.012016052524884144,-0.003397602327554521
rolling_48m_replay,002299.SZ,801010.SI,农林牧渔,0.0,-0.00013210020050124352,0.00013210020050124352,0.0,0,0.0029523660805800176,0.0
rolling_48m_replay,002302.SZ,801710.SI,建筑材料,0.0,-7.717433163738746e-05,7.717433163738746e-05,0.0,0,-0.004059612939247547,0.0
rolling_48m_replay,002317.SZ,801150.SI,医药生物,0.004817751342897537,0.00019178703444620423,0.004625964308451333,0.015322899490156612,3,0.026235083441662865,0.00558866292531174
rolling_48m_replay,002326.SZ,801030.SI,基础化工,0.00331002215232893,-0.0010330520612367282,0.004343074213565658,0.017958105259277178,1,-0.05897696562257957,0.00331002215232893
rolling_48m_replay,002340.SZ,801050.SI,电力设备,0.0,0.0018939772067107104,-0.0018939772067107104,0.0,0,0.03225645200749346,0.0
rolling_48m_replay,002340.SZ,801730.SI,电力设备,-0.00028530490480346,-0.0008725832224513886,0.0005872783176479285,0.0022450222017321424,1,-0.0148500158924695,0.0024622551876816276
rolling_48m_replay,002353.SZ,801890.SI,机械设备,0.0,-0.0011453940617568719,0.0011453940617568719,0.0,0,-0.006645677600541512,0.0
rolling_48m_replay,002368.SZ,801750.SI,计算机,-0.0027407357418375426,2.060999963441766e-05,-0.0027613457414719603,0.016600655918493433,1,0.008675734081439767,1.7972774179648987e-06
rolling_48m_replay,002372.SZ,801710.SI,建筑材料,-0.0016463684013740248,0.0003094468165152737,-0.0019558152178892987,0.01718180228357424,2,0.014300030259556248,-0.0024373740177321642
rolling_48m_replay,002373.SZ,801750.SI,计算机,0.0,-0.0015782256934932372,0.0015782256934932372,0.0,0,-0.025990426855100338,0.0
rolling_48m_replay,002375.SZ,801720.SI,建筑装饰,-4.209204365555699e-05,-0.00021560988420195172,0.00017351784054639473,0.015700332283523397,1,-0.01337435910649811,-2.486109786637412e-07
rolling_48m_replay,002382.SZ,801150.SI,医药生物,0.0017701216464489874,-0.001378523038522369,0.0031486446849713565,0.017023231155212922,7,-0.03102161276041249,0.01102454904836579
rolling_48m_replay,002384.SZ,801080.SI,电子,-0.001757361314150956,-0.0005931239406315899,-0.001164237373519366,0.02077320197197481,2,-0.005326458643119055,-0.0021188150652671194
rolling_48m_replay,002385.SZ,801010.SI,农林牧渔,0.0,-0.0003097375107091626,0.0003097375107091626,0.0,0,0.001572789163752128,0.0
rolling_48m_replay,002387.SZ,801080.SI,电子,0.0,-0.0008658058359820704,0.0008658058359820704,0.0,0,-0.025649443899574825,0.0
rolling_48m_replay,002390.SZ,801150.SI,医药生物,0.0,-0.000627691456327782,0.000627691456327782,0.0,0,-0.013515202636527687,0.0
rolling_48m_replay,002396.SZ,801770.SI,通信,0.002356032784282356,-0.00034145702617036983,0.0026974898104527257,0.00997515304458186,2,-0.004004503489576057,-0.005494804258162325
rolling_48m_replay,002399.SZ,801150.SI,医药生物,-0.0035954779282485103,-0.000257215323790184,-0.003338262604458326,0.015883171846726468,5,-0.009102020570158645,-0.0005188989575241987
rolling_48m_replay,002407.SZ,801030.SI,基础化工,-0.005690821160551539,-0.0017508389739309355,-0.003939982186620603,0.020588110598600076,3,-0.04962991818493837,-0.0034266846351373283
rolling_48m_replay,002408.SZ,801030.SI,石油石化,0.0031474912958115494,0.0010257278297710413,0.0021217634660405083,0.015974103918394298,1,0.054574417484434805,0.0006222019624303723
rolling_48m_replay,002408.SZ,801960.SI,石油石化,0.0,-0.0008802414627725804,0.0008802414627725804,0.0,0,-0.034673952065189646,0.0
rolling_48m_replay,002409.SZ,801080.SI,电子,-0.0012113052744219372,-0.0012567065145212965,4.540124009935905e-05,0.017267475451430595,1,-0.030647504235536693,-0.0012113052744219374
rolling_48m_replay,002416.SZ,801200.SI,商贸零售,-0.011335607049387342,0.00017390717204003594,-0.011509514221427378,0.01610744397006423,7,0.015848854970197404,-0.007156188282433979
rolling_48m_replay,002419.SZ,801200.SI,商贸零售,0.0,-0.00010538671400094868,0.00010538671400094868,0.0,0,-0.011036686735753217,0.0
rolling_48m_replay,002422.SZ,801150.SI,医药生物,0.00421954644178873,0.001198160400316076,0.0030213860414726535,0.018602678479181865,4,0.020592665636981464,0.001410826528520388
rolling_48m_replay,002423.SZ,801790.SI,非银金融,-1.9827300917255494e-05,-7.824110324159738e-05,5.8413802324341904e-05,0.0007090348197726159,15,-0.008747414469846587,-2.1822822587388188e-05
rolling_48m_replay,002424.SZ,801150.SI,医药生物,0.0,2.6980703557355078e-05,-2.6980703557355078e-05,0.0,0,0.016208131827968417,0.0
rolling_48m_replay,002429.SZ,801110.SI,家用电器,0.0,-0.0004796307043292803,0.0004796307043292803,0.0,0,-0.011452668687923476,0.0
rolling_48m_replay,002429.SZ,999999.SI,家用电器,0.0,-0.0003100452954269129,0.0003100452954269129,0.0,0,-0.25204918032786894,0.0
rolling_48m_replay,002430.SZ,801890.SI,机械设备,-0.0032401680839961554,0.0007218504474879641,-0.00396201853148412,0.016596184919430126,3,0.032445958909666915,-0.003240168083996156
rolling_48m_replay,002434.SZ,801880.SI,汽车,-0.0018785050745259752,2.8402685144579353e-05,-0.0019069077596705545,0.013353252390173846,4,0.008545052637371047,-0.0018736385427145371
rolling_48m_replay,002439.SZ,801750.SI,计算机,0.0,-0.0003775217809801441,0.0003775217809801441,0.0,0,-0.002334503463425841,-6.84701429766591e-05
rolling_48m_replay,002440.SZ,801030.SI,基础化工,0.0029837816724249382,-0.0001286606569760656,0.003112442329401004,0.016273181217963024,3,-0.004797893780538718,0.0007709993113424042
rolling_48m_replay,002444.SZ,801890.SI,机械设备,0.0002345322861105185,-0.0016249520366108925,0.001859484322721411,0.01857800701844156,2,-0.019296012496132598,0.0002345322861105185
rolling_48m_replay,002458.SZ,801010.SI,农林牧渔,0.0010184846244193065,-0.00015907333524790601,0.001177557959667212,0.0040898996507819545,12,0.011115884112743587,-4.09940774576947e-06
rolling_48m_replay,002465.SZ,801740.SI,国防军工,-0.0003052339318291182,-0.0008478666980756939,0.0005426327662465757,0.01736017987278105,1,-0.010523629592296394,0.002134923288618777
rolling_48m_replay,002468.SZ,801170.SI,交通运输,0.0008279724612834053,-1.4875854711213308e-05,0.0008428483159946187,0.015398951117676835,3,0.006329297782784844,0.002068335751476318
rolling_48m_replay,002497.SZ,801030.SI,有色金属,-0.00214444874099435,-0.0005638387141212989,-0.001580610026873051,0.021679036490989755,1,-0.09891808346213293,-0.00214444874099435
rolling_48m_replay,002497.SZ,801050.SI,有色金属,0.000530627063198891,-0.0009442947385323632,0.0014749218017312542,0.02049450903514531,1,-0.04632016594930066,0.0021535376643407158
rolling_48m_replay,002497.SZ,999999.SI,有色金属,-0.00029006194851081057,-7.415111035642281e-05,-0.00021591083815438776,0.02045997939251919,1,-0.014177040110649686,-0.00029006194851081057
rolling_48m_replay,002500.SZ,801790.SI,非银金融,-0.00029494923676961246,-0.0013931485973016485,0.001098199360532036,0.0005738922729788118,19,-0.020257500202186866,-8.876616249658227e-05
rolling_48m_replay,002503.SZ,801130.SI,纺织服饰,0.0,-0.00014706157274488874,0.00014706157274488874,0.0,0,-0.03380971041482047,0.0
rolling_48m_replay,002505.SZ,801010.SI,农林牧渔,0.003441457653502841,-0.0005978820897254804,0.004039339743228321,0.01474402617701399,2,-0.02667610172210837,0.0034414576535028406
rolling_48m_replay,002505.SZ,801200.SI,农林牧渔,0.0,0.0006182513264887684,-0.0006182513264887684,0.0,0,0.03891838890662618,0.0
rolling_48m_replay,002506.SZ,801730.SI,电力设备,0.0017511136755783423,-0.0007076867662854582,0.0024588004418638005,0.015943758695518378,3,-0.004933923921904652,-0.0010474626521273889
rolling_48m_replay,002507.SZ,801120.SI,食品饮料,-0.0022724270015832626,-0.0017067894447110716,-0.0005656375568721912,0.011037563119110336,2,-0.015368966594128652,0.003300694908235553
rolling_48m_replay,002508.SZ,801110.SI,家用电器,0.0,-0.0005979477715026548,0.0005979477715026548,0.0,0,-0.016433240581355407,0.0
rolling_48m_replay,002511.SZ,801140.SI,美容护理,0.0,-0.00036920882756695983,0.00036920882756695983,0.0,0,-0.007282986571872346,0.0
rolling_48m_replay,002511.SZ,801980.SI,美容护理,0.0,-0.00025243344317717626,0.00025243344317717626,0.0,0,-0.005585721620781035,0.0
rolling_48m_replay,002532.SZ,801050.SI,有色金属,0.00016498990427484957,-0.00022514644277446907,0.00039013634704931867,0.016808346498000778,1,-0.00505767069626344,0.0001649899042748496
rolling_48m_replay,002532.SZ,801890.SI,有色金属,0.00033618423240846677,2.4250518718626503e-05,0.0003119337136898402,0.015793133233489937,1,0.011584907480528947,0.0003361842324084667
rolling_48m_replay,002544.SZ,801770.SI,通信,0.0,-0.00022683221804618386,0.00022683221804618386,0.0,0,-0.03567752014054618,0.0
rolling_48m_replay,002557.SZ,801120.SI,食品饮料,-0.005200368292532218,-0.00014700711839719287,-0.005053361174135025,0.017614604865968872,11,0.003791507857728476,-0.0015987617154212671
rolling_48m_replay,002563.SZ,801130.SI,纺织服饰,-0.003575839025057045,-0.0005868034594820094,-0.0029890355655750353,0.016664510851598542,4,-0.022112471194032656,-4.800105854359249e-07
rolling_48m_replay,002568.SZ,801120.SI,食品饮料,0.0010241209007597067,0.0014181849516591099,-0.0003940640508994032,0.019994510059722994,3,0.04964394767176922,0.002308057580343907
rolling_48m_replay,002572.SZ,801140.SI,轻工制造,0.0003903013510673241,-0.00018378733104735084,0.0005740886821146749,0.0180517811282197,2,0.005576749917758754,0.0007993321704718271
rolling_48m_replay,002583.SZ,801770.SI,通信,0.0,-0.00011697913297869646,0.00011697913297869646,0.0,0,-0.0068603171600096395,0.0
rolling_48m_replay,002589.SZ,801150.SI,医药生物,0.0,-0.0001370967225621251,0.0001370967225621251,0.0,0,-0.02187126505586867,0.0
rolling_48m_replay,002595.SZ,801890.SI,机械设备,0.0,-0.0003816023890964816,0.0003816023890964816,0.0,0,-0.006318666010305475,0.00016506536309963656
rolling_48m_replay,002603.SZ,801150.SI,医药生物,0.0,0.0014356479762393085,-0.0014356479762393085,0.0,0,0.03345669213716892,0.0
rolling_48m_replay,002624.SZ,801760.SI,传媒,0.0010689296916537542,-0.00039516708273957114,0.0014640967743933253,0.014642062637534356,3,-0.017119748818294162,0.00022592181785020338
rolling_48m_replay,002625.SZ,801740.SI,国防军工,0.0,6.781491534275211e-05,-6.781491534275211e-05,0.0,0,0.006787796594669031,0.0004976082338816294
rolling_48m_replay,002625.SZ,801880.SI,国防军工,0.0,5.69051680543342e-05,-5.69051680543342e-05,0.0,0,0.002537029571362176,0.0
rolling_48m_replay,002635.SZ,801080.SI,电子,0.0,-7.916826573719544e-05,7.916826573719544e-05,0.0,0,-0.0012161103044321109,0.0
rolling_48m_replay,002640.SZ,801200.SI,商贸零售,0.0,-0.0005900535719056108,0.0005900535719056108,0.0,0,-0.10054794121961418,0.0
rolling_48m_replay,002648.SZ,801960.SI,基础化工,0.003695032157446133,0.0020393678310579046,0.0016556643263882288,0.019530339597164822,3,0.06328211962185126,0.003085166897261035
rolling_48m_replay,002653.SZ,801150.SI,医药生物,-0.006425514827233024,0.0001810041631811837,-0.006606518990414207,0.015755935352551757,4,0.016902222633858596,-0.0036356241090784213
rolling_48m_replay,002670.SZ,801790.SI,非银金融,-0.0012550813813085571,-0.0009236074927350259,-0.00033147388857353104,0.0035175087073366458,23,-0.014844246498401074,-8.024755621616132e-05
rolling_48m_replay,002670.SZ,999999.SI,非银金融,-0.00030339460122850173,-0.00011909515068305021,-0.00018429945054545152,0.004305313865052082,1,-0.07046979865771796,-0.00016050638647221167
rolling_48m_replay,002673.SZ,801790.SI,非银金融,-0.000221339956208224,-0.0008189960550397603,0.0005976560988315363,0.0008449206918417633,12,-0.021761681459431526,-5.85205421692889e-07
rolling_48m_replay,002683.SZ,801030.SI,基础化工,0.0,-0.0006296087459376033,0.0006296087459376033,0.0,0,-0.003426236915305129,0.0
rolling_48m_replay,002683.SZ,999999.SI,基础化工,0.0,-0.0002988357213202069,0.0002988357213202069,0.0,0,-0.15483870967741975,0.0
rolling_48m_replay,002690.SZ,801890.SI,机械设备,-0.0084586295482705,-0.0005321384735868705,-0.007926491074683628,0.016836080779560062,11,-0.010549178860526023,0.0029353210587905534
rolling_48m_replay,002701.SZ,801140.SI,轻工制造,0.002306906408404117,5.7519532376012916e-06,0.002301154455166516,0.01463081003982291,4,0.0014100923310655007,-0.0005121262835621871
rolling_48m_replay,002705.SZ,801110.SI,家用电器,-0.0020834725428298586,-0.0013172746804370095,-0.0007661978623928493,0.017298856636795482,5,-0.030255497171737172,-0.0005584375577549707
rolling_48m_replay,002709.SZ,801030.SI,电力设备,0.005008833895192474,0.004766285576812191,0.00024254831838028262,0.023819426784426848,8,0.06802864765019041,0.009937963605713442
rolling_48m_replay,002739.SZ,801760.SI,传媒,-0.0021007572961525616,-4.541707099149002e-05,-0.0020553402251610713,0.014200850525116179,2,0.0015530954339652108,-0.0013303279391807075
rolling_48m_replay,002745.SZ,801080.SI,电子,0.0016145385138768818,-0.0009507494829670304,0.002565287996843912,0.0174293553686014,1,-0.01890081594171995,0.0023944671485533055
rolling_48m_replay,002756.SZ,801040.SI,有色金属,-0.001173458172481954,-0.0002592111680778013,-0.0009142470044041526,0.02118673823482345,1,-0.05538644785600866,5.998859126231859e-06
rolling_48m_replay,002756.SZ,801050.SI,有色金属,-0.00530092386709169,-0.00139072528099614,-0.00391019858609555,0.019244039976055626,3,-0.08835428130371781,3.7539412671401887e-06
rolling_48m_replay,002756.SZ,999999.SI,有色金属,-0.0010353560249070901,-0.0002356632818673762,-0.0007996927430397139,0.01981548640122045,1,-0.052249841560453536,2.057649438915376e-06
rolling_48m_replay,002791.SZ,801710.SI,建筑材料,-0.0014875516121986725,0.001079862226686126,-0.0025674138388847986,0.01184874291471593,1,0.054382402236999396,0.0008650852616616713
rolling_48m_replay,002797.SZ,801790.SI,非银金融,-0.00038199814891982605,-0.0022173710718951484,0.0018353729229753225,0.0005287081508386325,21,-0.019917653971359348,-9.578239331858927e-05
rolling_48m_replay,002807.SZ,801780.SI,银行,0.0,-4.92088561242508e-05,4.92088561242508e-05,0.0,0,-0.004928039726293447,0.0
rolling_48m_replay,002815.SZ,801080.SI,电子,0.0002438096609213695,-0.00022656250248564603,0.0004703721634070158,0.01582359834183355,5,-0.008315141070770657,0.0015875264983385654
rolling_48m_replay,002818.SZ,801200.SI,商贸零售,-0.0002506652418797449,-4.276654586714833e-05,-0.0002078986960125967,0.015540708811560536,7,-0.008919922760750681,0.0006490282512627925
rolling_48m_replay,002831.SZ,801140.SI,轻工制造,0.0053492076593960524,0.00014661344671185346,0.005202594212684199,0.017148646250144745,5,0.005505017916555934,-0.00030224618890764294
rolling_48m_replay,002839.SZ,801780.SI,银行,0.0,-4.701989992086773e-05,4.701989992086773e-05,0.0,0,-0.0008869547286987726,0.0
rolling_48m_replay,002867.SZ,801130.SI,纺织服饰,-0.002118699609158358,-0.00024395251977410678,-0.001874747089384251,0.015595948573660782,2,-0.015042391112123807,-0.0002320310751453027
rolling_48m_replay,002867.SZ,801140.SI,纺织服饰,0.0020837657163840094,-6.494931344382663e-05,0.0021487150298278358,0.01584870517449422,3,0.0011204689927674278,0.002735924439560433
rolling_48m_replay,002901.SZ,801150.SI,医药生物,-0.0028607661480722457,-0.00027457764736030894,-0.002586188500711937,0.015333561521162917,1,-0.022220458077837693,1.9981086444567295e-07
rolling_48m_replay,002920.SZ,801750.SI,计算机,0.0,0.0007600042283860319,-0.0007600042283860319,0.0,0,0.059777365564981644,0.0
rolling_48m_replay,002925.SZ,801080.SI,电子,0.0,-0.0009225186706807465,0.0009225186706807465,0.0,0,-0.028652888167321536,0.0
rolling_48m_replay,002926.SZ,801790.SI,非银金融,-0.0003538165389888317,-0.001236805419884079,0.0008829888808952471,0.0007390374378559798,16,-0.018725796280402038,-0.000109585565201375
rolling_48m_replay,002936.SZ,801780.SI,银行,0.0,-0.0009588188200072604,0.0009588188200072604,0.0,0,-0.021480436574526324,0.0
rolling_48m_replay,002939.SZ,801790.SI,非银金融,-0.00033717937511134905,-0.0006301813110795472,0.0002930019359681981,0.0008395325281090261,12,-0.029521487118178185,0.0005160533085226805
rolling_48m_replay,002941.SZ,801720.SI,建筑装饰,0.0,7.322040411124148e-06,-7.322040411124148e-06,0.0,0,0.030481307239585698,0.0
rolling_48m_replay,002945.SZ,801790.SI,非银金融,-8.902174962322813e-05,-7.105493646609708e-06,-8.191625597661842e-05,0.0008368234127376482,12,-0.000708674367271798,8.153023028830051e-06
rolling_48m_replay,002946.SZ,801120.SI,食品饮料,0.002479834791197164,-0.00012310934955920622,0.00260294414075637,0.015719797727616926,5,-0.00861354985780432,0.002945687944129289
rolling_48m_replay,002948.SZ,801780.SI,银行,0.0,-0.00027936594825609805,0.00027936594825609805,0.0,0,-0.013862118835026591,0.0
rolling_48m_replay,002957.SZ,801890.SI,机械设备,0.0,4.5437100131089935e-05,-4.5437100131089935e-05,0.0,0,0.02791920351901267,0.0
rolling_48m_replay,002958.SZ,801780.SI,银行,0.0,-0.0006023059278969663,0.0006023059278969663,0.0,0,-0.018432291431539516,0.0
rolling_48m_replay,002966.SZ,801780.SI,银行,0.0,0.00037365208029058633,-0.00037365208029058633,0.0,0,0.00867962189180684,0.0
rolling_48m_replay,002985.SZ,801740.SI,国防军工,-0.010181243803754111,-0.0014840052316459921,-0.008697238572108119,0.01403818778508274,12,-0.02348555383040364,0.00019991643571206502
rolling_48m_replay,003022.SZ,801030.SI,电力设备,0.0,0.000135226338456119,-0.000135226338456119,0.0,0,0.04411314162801644,0.0
rolling_48m_replay,003022.SZ,801730.SI,电力设备,-0.002287023826224578,-8.451088436729759e-06,-0.002278572737787848,0.01570717243005683,2,0.01793439215914318,-0.002287023826224578
rolling_48m_replay,003035.SZ,801160.SI,公用事业,-0.0036101667516559507,-0.000582324721958613,-0.0030278420296973377,0.01584539422575179,2,-0.028098242651364107,-0.0022638422526345724
rolling_48m_replay,300001.SZ,801730.SI,电力设备,0.00317868465758139,-0.001557722706779681,0.0047364073643610715,0.01646518557321984,1,-0.02164359580554708,0.005108660981661968
rolling_48m_replay,300002.SZ,801750.SI,传媒,-0.0006129305168225995,0.00028888344366352273,-0.0009018139604861223,0.016233915244920953,8,0.018774020727385366,-0.0008407259097695281
rolling_48m_replay,300009.SZ,801150.SI,医药生物,-0.0017875050739934537,-0.00030976641444471244,-0.0014777386595487413,0.012723448363106252,5,-0.004337492308951085,9.248346631245846e-05
rolling_48m_replay,300010.SZ,801750.SI,社会服务,0.0,-0.0007464451057174674,0.0007464451057174674,0.0,0,-0.060403776402409355,0.0
rolling_48m_replay,300012.SZ,801210.SI,社会服务,-0.0006297254142594907,-0.00023066047512718715,-0.0003990649391323033,0.020825875852176517,3,-0.003303426742170638,-0.0011764552289303082
rolling_48m_replay,300012.SZ,801230.SI,社会服务,0.0,0.0013286507478316556,-0.0013286507478316556,0.0,0,0.03116813143852909,0.0
rolling_48m_replay,300017.SZ,801750.SI,计算机,0.00038134557977306647,-0.00042948920080121525,0.0008108347805742817,0.017402832990428874,2,-0.012024768054582089,-2.8488805265498504e-07
rolling_48m_replay,300017.SZ,801770.SI,计算机,0.0,-0.00025215743576652066,0.00025215743576652066,0.0,0,-0.004586541997711839,0.0
rolling_48m_replay,300024.SZ,801890.SI,机械设备,0.0,-0.00033685158692817847,0.00033685158692817847,0.0,0,-0.0035987436846259733,0.0
rolling_48m_replay,300026.SZ,801150.SI,医药生物,0.0,0.00037760423181988645,-0.00037760423181988645,0.0,0,0.02723717780679472,0.0
rolling_48m_replay,300037.SZ,801030.SI,电力设备,0.0019513118702804834,7.300451387394502e-05,0.001878307356406538,0.01984371842450196,3,0.02167733742292699,7.251394167906867e-06
rolling_48m_replay,300037.SZ,801730.SI,电力设备,-0.002533147015736842,-0.0015401410097844364,-0.0009930060059524062,0.019081051304379888,6,-0.024376365618045893,-0.0004304374307105125
rolling_48m_replay,300058.SZ,801760.SI,传媒,0.0,-0.0006848898303803603,0.0006848898303803603,0.0,0,0.00623272125899367,0.0
rolling_48m_replay,300070.SZ,801160.SI,环保,0.0,-0.00017658941256667272,0.00017658941256667272,0.0,0,-0.00298158511260325,0.0
rolling_48m_replay,300070.SZ,801970.SI,环保,0.0,-0.0008047000542718986,0.0008047000542718986,0.0,0,-0.030110693068830213,0.0
rolling_48m_replay,300072.SZ,801030.SI,环保,0.0,0.0004241171793921539,-0.0004241171793921539,0.0,0,0.028772289448273602,0.0
rolling_48m_replay,300072.SZ,801970.SI,环保,0.0,-0.0008743687268147962,0.0008743687268147962,0.0,0,-0.04295004461051403,0.0
rolling_48m_replay,300073.SZ,801730.SI,电力设备,-0.003150613996914421,-0.001938290522968658,-0.0012123234739457628,0.01916077796429865,1,-0.07154864364793206,0.0007751968416375506
rolling_48m_replay,300088.SZ,801080.SI,电子,-0.004224866946501658,-0.0012407974585776312,-0.0029840694879240265,0.01594358660091179,2,-0.009094746830817152,-0.001418414458279134
rolling_48m_replay,300113.SZ,801760.SI,传媒,0.0,-7.749887026448847e-05,7.749887026448847e-05,0.0,0,0.0034724378415836956,0.0
rolling_48m_replay,300115.SZ,801080.SI,电子,-0.003228354712411009,-0.0015042100595697452,-0.0017241446528412636,0.017451678870359748,4,-0.021549143189750958,-0.00015263168653972922
rolling_48m_replay,300133.SZ,801760.SI,传媒,-0.0007861353811638422,-0.0001926230570756502,-0.0005935123240881922,0.014755241621451034,4,-0.007656884856088033,0.002180374834142651
rolling_48m_replay,300134.SZ,801770.SI,通信,0.0,5.614043071498138e-05,-5.614043071498138e-05,0.0,0,0.019838136853626714,0.0
rolling_48m_replay,300136.SZ,801080.SI,电子,-0.0004000305047978643,-0.0013231892756497936,0.0009231587708519294,0.01777496300839221,2,-0.03135616224715545,1.1812213596612336e-06
rolling_48m_replay,300144.SZ,801210.SI,社会服务,0.0,-0.0002304321415378976,0.0002304321415378976,0.0,0,-0.00635147550547438,0.0
rolling_48m_replay,300146.SZ,801120.SI,食品饮料,-0.0017051138169240953,0.0006632492102560236,-0.002368363027180119,0.01574522934478803,8,0.012022267144543622,0.00020698543583299667
rolling_48m_replay,300166.SZ,801750.SI,计算机,0.0037213561984402142,-0.0004985433817107759,0.00421989958015099,0.012064068177489342,2,-0.008050128470399464,0.003721356198440214
rolling_48m_replay,300168.SZ,801750.SI,计算机,-0.010228836973912022,-0.0022565051776575764,-0.007972331796254445,0.016531917431661203,12,-0.035634797364532275,-0.003262932735548823
rolling_48m_replay,300180.SZ,801030.SI,基础化工,0.0,-0.00018764773112162582,0.00018764773112162582,0.0,0,-0.011651615893650222,0.0
rolling_48m_replay,300182.SZ,801760.SI,传媒,0.0015738845673220392,0.0006332409428685918,0.0009406436244534474,0.010267723129672371,1,0.02879610822534881,0.0015738845673220392
rolling_48m_replay,300182.SZ,999999.SI,传媒,0.0,-0.00011338772400719296,0.00011338772400719296,0.0,0,-0.09609609609609604,0.0
rolling_48m_replay,300207.SZ,801080.SI,电力设备,-0.0059772432040580276,0.001927119103704984,-0.007904362307763011,0.019916420316718593,2,0.03907125772954692,-0.0059772432040580276
rolling_48m_replay,300212.SZ,801750.SI,计算机,0.0,-0.0005331615773272798,0.0005331615773272798,0.0,0,-0.003351320119830345,0.0
rolling_48m_replay,300223.SZ,801080.SI,电子,-0.0011534693128311367,0.0006775932627335092,-0.001831062575564646,0.018600254852881432,3,0.03450578257343663,-0.0011534693128311367
rolling_48m_replay,300244.SZ,801150.SI,医药生物,-0.004229427643570227,-0.0008907344216923544,-0.003338693221877872,0.01624036874185182,22,-0.012722402356019758,-0.00039296604663698314
rolling_48m_replay,300251.SZ,801760.SI,传媒,-0.0026393408169021323,-0.00011258679266857545,-0.002526754024233557,0.01683441204026179,3,0.004872224039172769,0.0021516673683505405
rolling_48m_replay,300253.SZ,801750.SI,计算机,0.0,-0.0013286233411795114,0.0013286233411795114,0.0,0,-0.01230732876254926,0.003357804843940304
rolling_48m_replay,300257.SZ,801890.SI,机械设备,0.0064327527331640546,7.735712548992608e-08,0.006432675376038565,0.016083563494077215,4,0.0038670402677494034,-4.9386288618613605e-06
rolling_48m_replay,300271.SZ,801750.SI,计算机,-0.0013093696969683512,-0.002069326753647547,0.0007599570566791961,0.014063917221656065,3,-0.0546257547150378,-0.0010213777473447104
rolling_48m_replay,300274.SZ,801730.SI,电力设备,0.012809245965285425,0.007218390485302607,0.005590855479982818,0.007293511927950769,5,0.09905846821398484,0.013173558810046644
rolling_48m_replay,300285.SZ,801030.SI,电子,0.0,-0.001537408257780669,0.001537408257780669,0.0,0,-0.016202841334061715,-0.0021754941056974482
rolling_48m_replay,300285.SZ,801080.SI,电子,0.0,-0.0005564966625771002,0.0005564966625771002,0.0,0,-0.024520096335993474,0.0013403023985929113
rolling_48m_replay,300285.SZ,999999.SI,电子,0.0,-1.9988844291291877e-05,1.9988844291291877e-05,0.0,0,-0.005021971123666202,0.0
rolling_48m_replay,300296.SZ,801080.SI,电子,0.0,-0.00028784678760631,0.00028784678760631,0.0,0,-0.0026564369021987444,0.0
rolling_48m_replay,300308.SZ,801770.SI,通信,0.0,-0.0009567229387901345,0.0009567229387901345,0.0,0,-0.014775782130910377,0.0001335524381259189
rolling_48m_replay,300315.SZ,801760.SI,传媒,0.0,-0.0008800236274632343,0.0008800236274632343,0.0,0,-0.019371721989886792,0.0
rolling_48m_replay,300316.SZ,801730.SI,电力设备,0.0017771654516650233,0.0032367372114821373,-0.0014595717598171135,0.02093000506341694,5,0.06902324322322569,3.9772112865072524e-05
rolling_48m_replay,300324.SZ,801750.SI,计算机,0.0,6.429766888641419e-06,-6.429766888641419e-06,0.0,0,0.014564365863506587,0.0
rolling_48m_replay,300357.SZ,801150.SI,医药生物,-0.003185633018158331,-0.0009502780709397127,-0.002235354947218619,0.016911515560696592,6,-0.00656016253920257,-0.0026782541421357282
rolling_48m_replay,300363.SZ,801150.SI,医药生物,-0.009428382197449223,-0.0024672333731071217,-0.006961148824342101,0.016504158442673104,6,-0.05441144641241244,-0.006669928042558703
rolling_48m_replay,300376.SZ,801730.SI,电力设备,0.0,-0.00021623104259697716,0.00021623104259697716,0.0,0,0.0033971984434503035,0.0
rolling_48m_replay,300383.SZ,801750.SI,计算机,0.0,-0.001427916593999922,0.001427916593999922,0.0,0,-0.04810670823778854,0.0
rolling_48m_replay,300383.SZ,801770.SI,计算机,0.0,5.186770925848706e-05,-5.186770925848706e-05,0.0,0,0.007765086023631092,0.0
rolling_48m_replay,300390.SZ,801050.SI,有色金属,-0.0003164708181032072,-0.001479567475491532,0.001163096657388325,0.019784221143845197,1,-0.07977262801511664,0.0018075268406411546
rolling_48m_replay,300390.SZ,801080.SI,有色金属,-0.0025697546871434065,-0.0006255176188125517,-0.0019442370683308548,0.022389941828576218,1,-0.11477272727272725,-0.0025697546871434065
rolling_48m_replay,300390.SZ,999999.SI,有色金属,0.00013588931005072323,3.348795520345198e-05,0.00010240135484727125,0.02025012045351962,1,0.006710543295909366,0.00013588931005072323
rolling_48m_replay,300418.SZ,801760.SI,传媒,0.0,-0.0010327835902901896,0.0010327835902901896,0.0,0,-0.010343809414910032,0.0
rolling_48m_replay,300459.SZ,801760.SI,传媒,3.3543751687574355e-05,1.581666671833262e-05,1.7727084969241754e-05,0.014916286076705938,2,0.007544735934762477,0.0002884066537965823
rolling_48m_replay,300463.SZ,801150.SI,医药生物,-0.013551694732090978,-0.0021109321613302754,-0.011440762570760703,0.017206250086476384,14,-0.04048769129387515,-0.0005562081418416
rolling_48m_replay,300474.SZ,801740.SI,国防军工,-0.00017499481294431106,0.0003607949875599777,-0.0005357898005042888,0.002538063454893062,1,0.017455963509751343,0.0003022947961944008
rolling_48m_replay,300482.SZ,801150.SI,医药生物,-0.0010498011327651118,-0.0015743874683778647,0.000524586335612753,0.016465756562454144,2,-0.01668712442037068,0.0009145217261677082
rolling_48m_replay,300496.SZ,801750.SI,计算机,0.0024378367753427853,0.00190383942914911,0.0005339973461936755,0.021414736033323112,4,0.05393610432161877,0.004484148415430535
rolling_48m_replay,300558.SZ,801150.SI,医药生物,0.0,-0.0003868089741375003,0.0003868089741375003,0.0,0,-0.027568361466378366,0.0
rolling_48m_replay,300595.SZ,801150.SI,医药生物,0.0,0.0032205992828591473,-0.0032205992828591473,0.0,0,0.11073949766704146,0.0
rolling_48m_replay,300618.SZ,801050.SI,有色金属,-0.002690793705128209,-0.0017447291629530681,-0.0009460645421751407,0.017265518667208393,2,-0.02725017300891989,-0.00036502443702582463
rolling_48m_replay,300630.SZ,801150.SI,医药生物,0.0,-0.0006413132617036884,0.0006413132617036884,0.0,0,-0.012085371924853571,0.0
rolling_48m_replay,300676.SZ,801150.SI,医药生物,0.0,-0.0007565063233211414,0.0007565063233211414,0.0,0,-0.04952533906864598,0.0
rolling_48m_replay,300677.SZ,801150.SI,医药生物,0.0,-0.00028980940755167636,0.00028980940755167636,0.0,0,-0.025775628126311383,0.0
rolling_48m_replay,300699.SZ,801030.SI,国防军工,-0.0010219387185121111,-0.000304618690370869,-0.000717320028141242,0.01838487792617386,1,-0.0004014348705020561,0.0034005798886251495
rolling_48m_replay,300699.SZ,801740.SI,国防军工,0.0,-0.0004978637783735245,0.0004978637783735245,0.0,0,-0.005156760349528046,-0.00319283110476429
rolling_48m_replay,300724.SZ,801730.SI,电力设备,0.0,0.0003914425817856848,-0.0003914425817856848,0.0,0,0.021542625476198795,0.0
rolling_48m_replay,300741.SZ,801030.SI,基础化工,0.0,-0.00040454798741376425,0.00040454798741376425,0.0,0,-0.0432940792647619,0.0
rolling_48m_replay,300741.SZ,801120.SI,基础化工,0.0,-5.248462065694695e-06,5.248462065694695e-06,0.0,0,0.038203971689967274,0.0
rolling_48m_replay,300751.SZ,801730.SI,电力设备,0.0,0.0015573912861618217,-0.0015573912861618217,0.0,0,0.046961145792271175,-0.00160317912215545
rolling_48m_replay,300763.SZ,801730.SI,电力设备,0.011111670980055569,0.0016462607951786368,0.009465410184876932,0.01852940728269689,2,0.06842744126662308,0.011111670980055569
rolling_48m_replay,300769.SZ,801730.SI,电力设备,-0.005032124246442536,-0.0031405808499357637,-0.0018915433965067728,0.02126615848932086,2,-0.09621532896747152,1.8608907761671206e-05
rolling_48m_replay,300832.SZ,801150.SI,医药生物,-0.001587456418892651,0.0003003053349738863,-0.001887761753866537,0.011225080924755286,2,0.03789230158698418,0.0001828780096373502
rolling_48m_replay,300869.SZ,801150.SI,医药生物,0.0,-0.00013097187123518154,0.00013097187123518154,0.0,0,-0.012811728526359265,0.0
rolling_48m_replay,300888.SZ,801980.SI,美容护理,-0.0004992223890157267,6.433899084480743e-05,-0.0005635613798605339,0.016657359457684175,3,0.008718049071901157,-0.0004992223890157265
rolling_48m_replay,600006.SH,801880.SI,汽车,0.0,-0.0005272930018927998,0.0005272930018927998,0.0,0,-0.01720232516180731,0.0
rolling_48m_replay,600006.SH,999999.SI,汽车,0.0,-4.3108808290155275e-05,4.3108808290155275e-05,0.0,0,-0.05526770293609651,0.0
rolling_48m_replay,600008.SH,801160.SI,环保,-0.002447197637399209,0.00038444047738942107,-0.00283163811478863,0.012492276493336169,3,0.01669566287220774,9.207383048548184e-05
rolling_48m_replay,600008.SH,801970.SI,环保,0.00033473798166339883,-0.00034441193656475515,0.0006791499182281539,0.016933948762867062,2,-0.013044819124207565,1.0042228841203185e-06
rolling_48m_replay,600021.SH,801160.SI,公用事业,0.0,0.0004252875622488528,-0.0004252875622488528,0.0,0,0.027600927015494246,0.0
rolling_48m_replay,600022.SH,801040.SI,钢铁,0.0,0.0002869174076733333,-0.0002869174076733333,0.0,0,0.008929788128506222,0.0
rolling_48m_replay,600026.SH,801170.SI,交通运输,0.000799849593353036,0.0014917813894296961,-0.00069193179607666,0.016332412664273252,1,0.03754363689885174,-5.848452468441758e-07
rolling_48m_replay,600027.SH,801160.SI,公用事业,0.001261366280757935,0.001594218343664004,-0.00033285206290606904,0.016457826710841564,1,0.052385083489733204,0.001261366280757935
rolling_48m_replay,600037.SH,801760.SI,传媒,-0.0009019967348670355,-5.1388235664223816e-05,-0.0008506084992028117,0.016523812525968358,1,-0.0001566334723521375,1.7648984726576205e-06
rolling_48m_replay,600038.SH,801740.SI,国防军工,0.0,-0.0006762390966786414,0.0006762390966786414,0.0,0,-0.004550417053169345,0.0
rolling_48m_replay,600039.SH,801720.SI,建筑装饰,0.009797920237372845,0.0011760364456710342,0.008621883791701812,0.017221245629575686,10,0.031822231977914194,0.0012600621352886789
rolling_48m_replay,600039.SH,999999.SI,建筑装饰,0.0,0.0005581280935984245,-0.0005581280935984245,0.0,0,0.29525862068965547,0.0
rolling_48m_replay,600053.SH,801790.SI,非银金融,-3.952910489140375e-05,-2.7076144473967914e-05,-1.2452960417435829e-05,0.0002299430322794897,2,-0.0074181353106965164,-1.243779504207884e-05
rolling_48m_replay,600056.SH,801150.SI,医药生物,0.0,0.0009079794436791501,-0.0009079794436791501,0.0,0,0.07907998118695836,0.0
rolling_48m_replay,600060.SH,801110.SI,家用电器,0.0,0.00020805043310487552,-0.00020805043310487552,0.0,0,0.011015759851442231,0.0
rolling_48m_replay,600062.SH,801150.SI,医药生物,3.7700116365079404e-06,0.0007694528090684964,-0.0007656827974319886,0.0004380753521622124,1,0.03273320958296343,0.0002542810972153154
rolling_48m_replay,600064.SH,801180.SI,房地产,-0.0011102896961750388,-3.959595480305467e-05,-0.001070693741371984,0.015160647927747142,4,0.0014234302040012174,-0.0019027351862666401
rolling_48m_replay,600066.SH,801880.SI,汽车,0.0,-0.0009409128984950125,0.0009409128984950125,0.0,0,-0.023433962836236624,0.003078884192073592
rolling_48m_replay,600068.SH,801720.SI,建筑装饰,0.0,0.0013646526125723412,-0.0013646526125723412,0.0,0,0.12396751292559298,0.0
rolling_48m_replay,600073.SH,801120.SI,食品饮料,0.0,-0.00024886817183898246,0.00024886817183898246,0.0,0,-0.03632298374853302,0.0
rolling_48m_replay,600079.SH,801150.SI,医药生物,0.0,0.00019753809480191394,-0.00019753809480191394,0.0,0,0.022844223876180837,0.0
rolling_48m_replay,600089.SH,801730.SI,电力设备,0.015609515533046424,0.006584480285936459,0.009025035247109967,0.013848740341807502,4,0.07723902428539256,0.0011903859031083038
rolling_48m_replay,600094.SH,801180.SI,房地产,0.0,-0.0001260474629422251,0.0001260474629422251,0.0,0,-0.008916750644433693,0.0
rolling_48m_replay,600095.SH,801790.SI,非银金融,-0.0007294905884866645,-0.00034574435288267446,-0.00038374623560399006,0.0020873954515821065,18,-0.017029835305050714,0.0005935408320729388
rolling_48m_replay,600096.SH,801030.SI,基础化工,0.0,-0.0021279485647980522,0.0021279485647980522,0.0,0,-0.06129921690767672,0.0
rolling_48m_replay,600109.SH,801790.SI,非银金融,-2.439254334420843e-05,-9.073088397423094e-05,6.633834063002241e-05,0.0006893727212965581,6,-0.0034540389987797737,9.55550970597373e-07
rolling_48m_replay,600118.SH,801740.SI,国防军工,0.0,-0.0004618856790451168,0.0004618856790451168,0.0,0,-0.014201170690977094,0.0
rolling_48m_replay,600120.SH,801790.SI,非银金融,-0.00021661638445685122,-0.00027649119416926456,5.987480971241335e-05,0.000709339530029773,15,-0.008753767591304315,-8.603360307525615e-06
rolling_48m_replay,600126.SH,801040.SI,钢铁,0.0,-8.41027497846294e-05,8.41027497846294e-05,0.0,0,-0.002468072061076363,0.0
rolling_48m_replay,600131.SH,801160.SI,计算机,0.0,0.0005737526801105788,-0.0005737526801105788,0.0,0,0.04252380683015339,0.0
rolling_48m_replay,600131.SH,801750.SI,计算机,0.0026824624469417926,-0.0004518123782756571,0.0031342748252174498,0.01221850218184164,2,-0.016984124190411582,0.0032577303390586895
rolling_48m_replay,600132.SH,801120.SI,食品饮料,0.013947678411010408,0.0035515145103505383,0.01039616390065987,0.021091232967775413,3,0.10703466909106879,0.008512344427812284
rolling_48m_replay,600141.SH,801030.SI,基础化工,0.007942546196925806,0.0023469988931341503,0.005595547303791656,0.017011087468940467,7,0.06072718024200372,0.006722231449687288
rolling_48m_replay,600143.SH,801030.SI,基础化工,0.009201053917577886,0.0011738511135983552,0.00802720280397953,0.022183970011674443,2,0.03121324317456074,-0.003637502112441236
rolling_48m_replay,600153.SH,801170.SI,交通运输,0.0,0.0016874440449189555,-0.0016874440449189555,0.0,0,0.03146150910619331,0.0
rolling_48m_replay,600155.SH,801790.SI,非银金融,-0.0005387000476993205,-0.0014493919535380677,0.0009106919058387472,0.0007804767929934996,16,-0.026234972944963537,0.0014667835139319718
rolling_48m_replay,600157.SH,801950.SI,公用事业,0.0,-0.001306446650962064,0.001306446650962064,0.0,0,-0.01752080894260331,0.0
rolling_48m_replay,600158.SH,801210.SI,社会服务,0.0,-0.0008501969429205177,0.0008501969429205177,0.0,0,-0.09818708203213496,0.0
rolling_48m_replay,600158.SH,801760.SI,社会服务,0.0,0.0002820677336761387,-0.0002820677336761387,0.0,0,0.021884444027438842,0.0
rolling_48m_replay,600160.SH,801030.SI,基础化工,0.010835970782790038,0.001703548338274104,0.009132422444515934,0.018206871784784282,6,0.03754886543954532,0.00296035830799806
rolling_48m_replay,600166.SH,801880.SI,汽车,0.0,-1.5009828317903205e-05,1.5009828317903205e-05,0.0,0,0.0034125500327323913,0.0
rolling_48m_replay,600167.SH,801160.SI,公用事业,0.0008269852818102362,-0.0007156499047682632,0.0015426351865784993,0.01599614652950527,4,-0.01997077591135782,0.00032703279861653087
rolling_48m_replay,600170.SH,801720.SI,建筑装饰,0.0,-0.00014253218891909522,0.00014253218891909522,0.0,0,0.0038402942551023687,0.0
rolling_48m_replay,600171.SH,801080.SI,电子,-0.0006080603888798893,0.0006292971585183993,-0.001237357547398288,0.017330201517377148,2,0.02499349745670466,-0.0031646413649876765
rolling_48m_replay,600177.SH,801130.SI,纺织服饰,-0.0001414096121224058,-0.00017006415948084104,2.8654547358435216e-05,0.01807333748159211,2,-0.004861876828644464,0.00032599132966324373
rolling_48m_replay,600177.SH,801180.SI,纺织服饰,0.0,0.00013406021064784425,-0.00013406021064784425,0.0,0,0.008339855600771088,-0.0009883621779348398
rolling_48m_replay,600188.SH,801950.SI,煤炭,0.0,0.004245487288158833,-0.004245487288158833,0.0,0,0.09227333968660699,0.0
rolling_48m_replay,600195.SH,801010.SI,农林牧渔,0.004140031067028186,-0.00016405702036342284,0.004304088087391609,0.01619423114337099,8,-0.000959342886786424,0.001088548890348175
rolling_48m_replay,600201.SH,801010.SI,农林牧渔,-0.013093221093331865,-0.0021741694635446893,-0.010919051629787176,0.018293654331011995,10,-0.031211405860006185,0.001570513344929865
rolling_48m_replay,600208.SH,801180.SI,房地产,-0.0002073884548306937,-0.0002885451537948954,8.115669896420166e-05,0.005019082919361044,2,-0.007753215077406623,0.000585632852125745
rolling_48m_replay,600216.SH,801150.SI,医药生物,0.002215614273431004,-0.00011396270344135388,0.0023295769768723576,0.016927802923344535,2,-0.0020122208413691314,0.0010436086289833887
rolling_48m_replay,600219.SH,801050.SI,有色金属,0.0,0.0020042638006041425,-0.0020042638006041425,0.0,0,0.04692943656704355,0.0
rolling_48m_replay,600233.SH,801170.SI,交通运输,0.0028540195099882805,0.0009115129789979091,0.0019425065309903713,0.01947418017636285,8,0.018452590305842658,1.3103246542603593e-05
rolling_48m_replay,600236.SH,801160.SI,公用事业,-0.0015388686647190663,-0.00013793117546198526,-0.001400937489257081,0.016173351162708797,6,-0.005813708902886581,-0.0023356970394181453
rolling_48m_replay,600256.SH,801030.SI,石油石化,0.0037149363061498575,0.002502461912660231,0.0012124743934896266,0.018520549839976388,3,0.09522015953657122,0.002797808474983087
rolling_48m_replay,600256.SH,801960.SI,石油石化,0.015467330360323585,0.0018891137682522413,0.013578216592071344,0.021434417849632837,7,0.036551205124848336,0.010992506691978394
rolling_48m_replay,600258.SH,801210.SI,社会服务,0.0011396841094018482,0.0005350332291034292,0.0006046508802984191,0.017264006625394002,3,0.01630669703855798,5.929068099361332e-06
rolling_48m_replay,600259.SH,801050.SI,有色金属,0.0,0.0004928115469721474,-0.0004928115469721474,0.0,0,0.025572964174335494,0.0
rolling_48m_replay,600260.SH,801770.SI,通信,-0.004493228472008468,-0.0013281354547856222,-0.003165093017222846,0.017481138419588847,1,-0.12145653869125034,-0.004493228472008468
rolling_48m_replay,600266.SH,801180.SI,房地产,0.0,-0.0002156207703027388,0.0002156207703027388,0.0,0,-0.006763161112567566,0.0
rolling_48m_replay,600271.SH,801750.SI,计算机,0.0,-0.0004556196831152112,0.0004556196831152112,0.0,0,-0.009845873815643355,-0.0025596539856317037
rolling_48m_replay,600273.SH,801030.SI,基础化工,-0.0010330520586113074,-6.403489566981272e-05,-0.0009690171629414947,0.010895980660300283,1,-0.0023124660174003164,0.0005229621286219812
rolling_48m_replay,600277.SH,801030.SI,基础化工,0.0,6.724729933825434e-05,-6.724729933825434e-05,0.0,0,0.016443152540213706,0.0
rolling_48m_replay,600282.SH,801040.SI,钢铁,0.0,0.00030063086948954197,-0.00030063086948954197,0.0,0,0.008107404460412826,0.0004521809313138745
rolling_48m_replay,600291.SH,801790.SI,未分类,0.00016453857476852454,-0.00013776322902313794,0.00030230180379166245,0.0011729241063211007,5,0.044389250043916514,0.00027691521439592926
rolling_48m_replay,600291.SH,999999.SI,未分类,-0.00012138361666823076,-3.0463403410086033e-05,-9.092021325814474e-05,0.0011555720306815548,1,-0.10504201680672287,-0.00011670758651039996
rolling_48m_replay,600297.SH,801880.SI,汽车,-0.0009251743564388519,-0.0005750435374163545,-0.0003501308190224975,0.016653138415899327,1,-0.022590087449431452,0.001247774702431664
rolling_48m_replay,600298.SH,801120.SI,食品饮料,0.0,-0.0010875543918314038,0.0010875543918314038,0.0,0,-0.01749871795895047,0.0
rolling_48m_replay,600299.SH,801030.SI,基础化工,0.0,-0.0002646660020264615,0.0002646660020264615,0.0,0,-0.03063957588848623,0.0
rolling_48m_replay,600307.SH,801040.SI,钢铁,-0.0019431191349223564,6.414335065523377e-05,-0.0020072624855775904,0.015993365187437825,1,0.004237828373935294,1.3572263864603668e-07
rolling_48m_replay,600312.SH,801730.SI,电力设备,0.0,0.0002516760036777141,-0.0002516760036777141,0.0,0,0.028981459217415656,-0.0009977875953819737
rolling_48m_replay,600315.SH,801980.SI,美容护理,0.0,8.153962306834664e-05,-8.153962306834664e-05,0.0,0,0.0027227328356571414,0.0
rolling_48m_replay,600316.SH,801740.SI,国防军工,0.0,-0.002515247143015659,0.002515247143015659,0.0,0,-0.0254161439913819,0.0
rolling_48m_replay,600325.SH,801180.SI,房地产,-0.004029635082243536,0.0008232780065273086,-0.004852913088770844,0.0169159259035525,5,0.024059576618119843,-0.005435436729034743
rolling_48m_replay,600329.SH,801150.SI,医药生物,0.0,0.0006632564656569069,-0.0006632564656569069,0.0,0,0.032880674413593436,0.0
rolling_48m_replay,600329.SH,999999.SI,医药生物,0.0,8.157123616053893e-05,-8.157123616053893e-05,0.0,0,0.0679733110925771,0.0
rolling_48m_replay,600338.SH,801050.SI,有色金属,0.002538142158395456,0.00029514583981633086,0.0022429963185791255,0.01650669806962258,2,0.06432366902370266,0.002538142158395456
rolling_48m_replay,600339.SH,801960.SI,石油石化,-0.00035184713810780055,-3.469077226089978e-05,-0.00031715636584690043,0.015683038095487777,2,0.0047999414848808875,0.0010891001970163691
rolling_48m_replay,600348.SH,801950.SI,煤炭,0.004397577471867935,0.0017607310924915806,0.002636846379376355,0.018264605099824843,1,0.054909683987288516,0.004398962209592155
rolling_48m_replay,600350.SH,801170.SI,交通运输,-0.0006730178375151283,2.470626634633809e-05,-0.0006977241038614663,0.012981764194480485,3,0.0026516553358708708,-0.000348613461486763
rolling_48m_replay,600369.SH,801790.SI,非银金融,-0.00023485455235615062,-0.0005006978309850941,0.0002658432786289436,0.0007818969926225905,13,-0.010828841556843882,-8.018328189950087e-07
rolling_48m_replay,600372.SH,801740.SI,国防军工,0.0,-0.0001005981614303627,0.0001005981614303627,0.0,0,0.0015804444315207994,0.0
rolling_48m_replay,600372.SH,999999.SI,国防军工,0.0,-0.0003025292325045904,0.0003025292325045904,0.0,0,-0.10960546404008698,0.0
rolling_48m_replay,600373.SH,801760.SI,传媒,0.0005833623253609664,3.2864251916468774e-05,0.000550498073444498,0.0161826129350671,19,0.0022425085685434804,0.00035396865489343833
rolling_48m_replay,600376.SH,801180.SI,房地产,0.0,0.0001394638914281548,-0.0001394638914281548,0.0,0,0.01179742751739061,0.0011346596017676525
rolling_48m_replay,600377.SH,801170.SI,交通运输,-0.0009478333011876134,-3.9746670723908836e-05,-0.0009080866304637045,0.014058415729106063,7,-0.0024031273219132666,0.0003802546116975661
rolling_48m_replay,600380.SH,801150.SI,医药生物,-0.0010027530260386772,-0.00041778326024827814,-0.0005849697657903988,0.016874893309530566,7,-0.006184668053205551,-0.004237173844937874
rolling_48m_replay,600388.SH,801890.SI,环保,0.0,-1.9099993280742366e-05,1.9099993280742366e-05,0.0,0,0.0003826339880474705,0.0011572456586760294
rolling_48m_replay,600390.SH,801790.SI,非银金融,2.518414415887075e-05,-0.00018514082286898932,0.00021032496702786,0.0007894453761814751,13,-0.0036281352850768525,8.887743892796916e-05
rolling_48m_replay,600392.SH,801050.SI,有色金属,-0.0007739998752669197,0.0018765121327542931,-0.0026505120080212124,0.019173572622582714,6,0.04380639967684811,2.5533657227777302e-05
rolling_48m_replay,600398.SH,801130.SI,纺织服饰,-2.4180302907853045e-06,-8.69517992636051e-06,6.277149635575206e-06,0.01635756161340189,2,-0.001286029189211298,-1.3182730066017443e-06
rolling_48m_replay,600399.SH,801040.SI,钢铁,0.0,-0.002309124814914346,0.002309124814914346,0.0,0,-0.03182195296634035,0.0
rolling_48m_replay,600409.SH,801030.SI,基础化工,-0.0009885862456403426,-0.0004566789175724151,-0.0005319073280679275,0.008075774964385898,1,-0.006386483648716519,-0.0009885862456403426
rolling_48m_replay,600410.SH,801750.SI,计算机,0.0,-0.0004179922596074795,0.0004179922596074795,0.0,0,-0.018667205888357425,0.0
rolling_48m_replay,600415.SH,801200.SI,商贸零售,0.0013096772345635623,6.924362141855081e-06,0.0013027528724217075,0.012220917251592441,3,0.0019116215448980501,0.003279017638341329
rolling_48m_replay,600418.SH,801880.SI,汽车,0.0,0.0002020398214571898,-0.0002020398214571898,0.0,0,0.024586496645976907,0.0
rolling_48m_replay,600426.SH,801030.SI,基础化工,-0.0011067819188563394,0.00041795715780543,-0.0015247390766617694,0.02325502311895185,1,0.013041410379615278,1.9322034335261633e-07
rolling_48m_replay,600435.SH,801740.SI,国防军工,0.0031836200682666405,0.00033027894455652114,0.0028533411237101195,0.014145844300875968,4,0.013401993005838561,-0.002516337787311616
rolling_48m_replay,600446.SH,801750.SI,计算机,-0.004258770627551982,-0.0006824481359326562,-0.0035763224916193254,0.013483044305026287,5,-0.015214717944273051,-0.0015519195547446679
rolling_48m_replay,600460.SH,801080.SI,电子,0.0,0.0023255838380486426,-0.0023255838380486426,0.0,0,0.07080571168239919,0.0
rolling_48m_replay,600460.SH,999999.SI,电子,0.0,0.0012430039113273763,-0.0012430039113273763,0.0,0,0.17145738779626796,0.0
rolling_48m_replay,600466.SH,801180.SI,房地产,0.0,-0.000707060663157921,0.000707060663157921,0.0,0,-0.041277375129243885,0.0
rolling_48m_replay,600482.SH,801730.SI,电力设备,0.0,-0.0001504137008971811,0.0001504137008971811,0.0,0,-0.01379930893326084,0.0
rolling_48m_replay,600482.SH,801740.SI,电力设备,0.0,-0.0005751452782167768,0.0005751452782167768,0.0,0,-0.026338820871897744,0.0
rolling_48m_replay,600482.SH,999999.SI,电力设备,0.0,-5.718487516386922e-05,5.718487516386922e-05,0.0,0,-0.02079304444458463,0.0
rolling_48m_replay,600486.SH,801030.SI,基础化工,-0.0032514113795132334,-0.0010830023180850457,-0.002168409061428188,0.018931745573361143,5,-0.009068436052659784,1.5166334498742558e-05
rolling_48m_replay,600487.SH,801770.SI,通信,-0.0017863415434345577,0.0008352844512466298,-0.002621625994681187,0.019316360287430074,2,0.021090886280228593,-0.0017863415434345572
rolling_48m_replay,600497.SH,801050.SI,有色金属,0.0,0.00024765061985787876,-0.00024765061985787876,0.0,0,0.006629544493656432,-0.0018227657069192047
rolling_48m_replay,600498.SH,801770.SI,通信,-0.0015549680934682977,-0.0005588813418029021,-0.0009960867516653955,0.01705724146432604,1,-0.017011348161353874,-1.7791721670606594e-05
rolling_48m_replay,600499.SH,801890.SI,机械设备,-0.002519294986067762,-0.001264599543800404,-0.0012546954422673583,0.018512037534199374,2,-0.055544573060420654,-0.0012891817924054905
rolling_48m_replay,600500.SH,801030.SI,基础化工,-0.0004367990109360074,0.0002709713990708717,-0.0007077704100068791,0.016391645030504293,2,0.013080297609671443,0.0007672592056181256
rolling_48m_replay,600507.SH,801040.SI,钢铁,0.0033912825880794877,0.00017810938204168767,0.0032131732060378,0.01677100655656651,4,0.007680101760491294,0.0015029837134403793
rolling_48m_replay,600511.SH,801150.SI,医药生物,-0.0012882862020404283,-0.0013066506543254043,1.8364452284976e-05,0.010381114319977252,1,-0.020087204251779223,-0.00013153746522513482
rolling_48m_replay,600515.SH,801180.SI,综合,0.0,0.0008597679955907441,-0.0008597679955907441,0.0,0,0.14156948985118856,0.0
rolling_48m_replay,600516.SH,801040.SI,钢铁,0.0015912595510099963,-0.0016444033748304631,0.0032356629258404592,0.0174157964109905,2,-0.04276221888751811,8.743472556735354e-07
rolling_48m_replay,600516.SH,801050.SI,钢铁,-0.0009037772237759842,0.0017686309905197582,-0.0026724082142957424,0.00912131467020972,1,0.054748386813434836,-0.0009037772237759842
rolling_48m_replay,600517.SH,801730.SI,非银金融,0.0,-0.00017526009050390865,0.00017526009050390865,0.0,0,0.007465058813873008,0.0
rolling_48m_replay,600517.SH,801790.SI,非银金融,-4.331907490703993e-05,-0.00021547255215119296,0.00017215347724415303,0.00024213564535102152,4,-0.03498971444673005,-6.132875919268271e-06
rolling_48m_replay,600517.SH,999999.SI,非银金融,0.0,-5.331383649817116e-05,5.331383649817116e-05,0.0,0,-0.034843205574912606,0.0
rolling_48m_replay,600521.SH,801150.SI,医药生物,0.0003867290587357037,0.000282074109497078,0.00010465494923862572,0.01812339946569144,3,0.0127782105767216,-0.0007480084342065961
rolling_48m_replay,600522.SH,801770.SI,通信,0.0,-0.0002957192599182869,0.0002957192599182869,0.0,0,0.0007949369018819078,0.0
rolling_48m_replay,600528.SH,801890.SI,机械设备,0.0,-0.00019470529711006034,0.00019470529711006034,0.0,0,-0.0035923958412976084,0.0
rolling_48m_replay,600529.SH,801150.SI,医药生物,-0.0019059107383769557,-0.0016671759086835415,-0.0002387348296934144,0.014643658101898814,3,-0.015192769732827419,-0.001905910738376956
rolling_48m_replay,600535.SH,801150.SI,医药生物,0.0,-0.0005219584341937175,0.0005219584341937175,0.0,0,-0.006827164152508197,0.0
rolling_48m_replay,600536.SH,801750.SI,计算机,0.003921763732237538,0.0011822690667055119,0.0027394946655320265,0.016990776385883182,1,0.03203869122894429,0.0012491081173309293
rolling_48m_replay,600545.SH,801890.SI,机械设备,0.0,-8.305821153109645e-05,8.305821153109645e-05,0.0,0,-0.014364021983231723,0.0
rolling_48m_replay,600546.SH,801950.SI,煤炭,0.009166118811987051,0.001228516970874774,0.007937601841112278,0.01655678069404983,5,0.03820763871901354,0.009166118811987051
rolling_48m_replay,600549.SH,801050.SI,有色金属,-0.002636713572919989,0.0003722816934339174,-0.0030089952663539064,0.018189194000537052,3,0.01391127480949555,-0.00033174691140828343
rolling_48m_replay,600556.SH,801760.SI,传媒,0.0,-0.0004819418948198002,0.0004819418948198002,0.0,0,-0.015550514266853716,0.0
rolling_48m_replay,600563.SH,801080.SI,电子,0.015173113229528608,0.0012992371528603751,0.013873876076668233,0.01826529183918547,11,0.024848207731012182,-0.003190796422552154
rolling_48m_replay,600566.SH,801150.SI,医药生物,0.0029530573999265015,0.0003201924797761736,0.002632864920150328,0.016474582176047494,6,0.022237484810570377,0.0022615740745777816
rolling_48m_replay,600567.SH,801140.SI,轻工制造,0.0,-0.0002791806205371978,0.0002791806205371978,0.0,0,-0.006371808694705656,0.0
rolling_48m_replay,600572.SH,801150.SI,医药生物,0.0,3.873361884422659e-05,-3.873361884422659e-05,0.0,0,0.0030578435589927316,0.0
rolling_48m_replay,600575.SH,801170.SI,煤炭,0.0,-3.3785458116176155e-05,3.3785458116176155e-05,0.0,0,-0.0067360711507866156,-0.0007414844620184413
rolling_48m_replay,600580.SH,801730.SI,电力设备,0.005482249816498448,-0.0004589081177204137,0.005941157934218861,0.011455582829387505,2,-0.0014096270721156389,-0.0005171419193471674
rolling_48m_replay,600582.SH,801890.SI,机械设备,-0.0003326564259798709,0.0005637833049918957,-0.0008964397309717666,0.013778157692188235,7,0.024947236925578875,-0.00018869717424413338
rolling_48m_replay,600597.SH,801120.SI,食品饮料,0.0,-0.0006608674130106274,0.0006608674130106274,0.0,0,-0.017641080004934067,0.0
rolling_48m_replay,600598.SH,801010.SI,农林牧渔,-0.0016338305932187469,-0.0005479018766845569,-0.0010859287165341897,0.016980258447770197,7,-0.009351501518921135,0.000881738847136932
rolling_48m_replay,600623.SH,801030.SI,基础化工,-0.005255612296519192,2.9371754705146214e-05,-0.005284984051224338,0.014496114134278109,6,0.00958173161234529,-0.002649313706604931
rolling_48m_replay,600633.SH,801760.SI,传媒,-0.0009750780807674962,1.779969826266791e-05,-0.000992877779030164,0.015767220029431903,1,0.004470417452816983,4.054917725118418e-06
rolling_48m_replay,600637.SH,801760.SI,传媒,0.0,-0.0004302121034537471,0.0004302121034537471,0.0,0,-0.00807278762785659,0.0
rolling_48m_replay,600639.SH,801180.SI,房地产,0.00044460630151467104,3.423048982524749e-05,0.0004103758116894233,0.015581180918832793,5,0.00768631732044729,-0.0003685132935615544
rolling_48m_replay,600640.SH,801760.SI,传媒,0.0,0.00016468677934433341,-0.00016468677934433341,0.0,0,0.028665624634891845,0.0
rolling_48m_replay,600642.SH,801160.SI,公用事业,0.0,0.00019623113095749842,-0.00019623113095749842,0.0,0,0.008705671332202547,0.0
rolling_48m_replay,600643.SH,801790.SI,非银金融,-9.865349612175507e-05,-0.0001816647460234699,8.301124990171481e-05,0.0004680179581975114,9,-0.008770222753646195,-1.2355220867615998e-05
rolling_48m_replay,600645.SH,801150.SI,医药生物,0.0,0.00032174445408594376,-0.00032174445408594376,0.0,0,0.02929792548240669,0.0
rolling_48m_replay,600648.SH,801180.SI,房地产,-0.0012880682080813662,-8.166289234400487e-05,-0.0012064053157373612,0.015815957021628715,13,-0.004173598444367756,-0.0006227634082025756
rolling_48m_replay,600649.SH,801180.SI,房地产,-0.0018360649564051535,-0.00024549838202624346,-0.00159056657437891,0.017112125393696057,1,-0.011486477224065643,-0.0015485240136071266
rolling_48m_replay,600657.SH,801180.SI,房地产,-0.001304464146387974,0.00028031750695485573,-0.0015847816533428299,0.01536577644618826,4,0.046091317715880695,-0.0002708121282498099
rolling_48m_replay,600663.SH,801180.SI,房地产,-0.0013968973841884274,-0.0005174388893432612,-0.0008794584948451662,0.01679187063909835,1,-0.016871721555736487,0.000977681889795339
rolling_48m_replay,600664.SH,801150.SI,医药生物,0.0,-7.058490023419329e-05,7.058490023419329e-05,0.0,0,-0.010019335534246832,0.0
rolling_48m_replay,600667.SH,801080.SI,建筑装饰,0.0007583948861388805,-0.0004596804001557759,0.0012180752862946563,0.014278900984813648,2,-0.00986350061856159,0.0027682007556059825
rolling_48m_replay,600667.SH,801720.SI,建筑装饰,0.0,-0.00029358988985018775,0.00029358988985018775,0.0,0,-0.051118062590311736,0.0
rolling_48m_replay,600667.SH,999999.SI,建筑装饰,0.0,-0.00020665346989227063,0.00020665346989227063,0.0,0,-0.12448132780083021,0.0020802370053392017
rolling_48m_replay,600673.SH,801050.SI,有色金属,0.0010059096946813282,-0.00033163898879854173,0.00133754868347987,0.017356873163128825,1,-0.03463856292640552,0.0010059096946813282
rolling_48m_replay,600673.SH,801150.SI,有色金属,0.01220952395101569,0.0014372369817638305,0.010772286969251858,0.016937287381302426,5,0.05221607340549586,0.0023145538091573076
rolling_48m_replay,600673.SH,999999.SI,有色金属,0.0,-0.00033556949158410033,0.00033556949158410033,0.0,0,-0.12381771281169351,0.0
rolling_48m_replay,600675.SH,801180.SI,房地产,-0.000800284131307959,-8.193756762105732e-05,-0.0007183465636869018,0.016052758163294958,1,-0.012850140188849465,-0.000800284131307959
rolling_48m_replay,600699.SH,801880.SI,汽车,-0.0013782827846555827,-0.0016582286817392723,0.00027994589708368964,0.016870181284184393,1,-0.0076809926801754275,2.696831969459636e-06
rolling_48m_replay,600704.SH,801170.SI,交通运输,0.0,0.00026264955493348664,-0.00026264955493348664,0.0,0,0.01476722504082402,0.0
rolling_48m_replay,600705.SH,801790.SI,非银金融,-7.591270090247007e-05,-0.0004145738996207167,0.0003386611987182467,0.0008440517571822378,12,-0.00802700463598599,1.3410032722316768e-05
rolling_48m_replay,600707.SH,801080.SI,电子,-0.00803421471862225,-0.0006784998992362701,-0.0073557148193859785,0.016672394560562673,9,-0.008096658447086744,0.002769811927220195
rolling_48m_replay,600717.SH,801170.SI,交通运输,0.0,3.5183286440641515e-05,-3.5183286440641515e-05,0.0,0,0.002421919189236283,0.0
rolling_48m_replay,600718.SH,801750.SI,计算机,0.0,-0.00020455332834249897,0.00020455332834249897,0.0,0,-0.001428254282497381,0.0
rolling_48m_replay,600728.SH,801750.SI,计算机,-0.005060865139850202,-0.0006039198685113536,-0.0044569452713388484,0.016984532593496568,4,-0.01418115639238148,-4.080180977450096e-07
rolling_48m_replay,600729.SH,801200.SI,商贸零售,-0.0018334546652149877,-1.4547252024159115e-05,-0.0018189074131908286,0.015926084515286633,5,0.00010860281901000881,-0.0019476793986338884
rolling_48m_replay,600732.SH,801730.SI,电力设备,-0.00042910872722102525,0.0027984019305877426,-0.0032275106578087674,0.019358397195886775,5,0.06759820467953662,-0.003299513027563343
rolling_48m_replay,600733.SH,801880.SI,汽车,0.0,0.0008177248476600749,-0.0008177248476600749,0.0,0,0.025422953810417273,0.0
rolling_48m_replay,600737.SH,801010.SI,农林牧渔,-0.006520624408976245,-0.00040586618770771727,-0.0061147582212685275,0.015204453394356415,9,-0.009780346448947189,-0.003743976619545451
rolling_48m_replay,600739.SH,801150.SI,医药生物,0.0,-0.0019020547212205802,0.0019020547212205802,0.0,0,-0.02133479697200841,0.0
rolling_48m_replay,600748.SH,801180.SI,房地产,0.0,-4.106492214513366e-05,4.106492214513366e-05,0.0,0,-0.00810818040577301,0.0
rolling_48m_replay,600754.SH,801210.SI,社会服务,0.0004905453638335786,0.0009513903261551271,-0.0004608449623215484,0.019734153186282452,1,0.019732019385976414,-0.0014467830548347512
rolling_48m_replay,600755.SH,801170.SI,交通运输,0.0,0.0001168507623361471,-0.0001168507623361471,0.0,0,0.005965584869436556,0.0
rolling_48m_replay,600755.SH,801200.SI,交通运输,-0.001961628637328573,0.00022242273699205704,-0.00218405137432063,0.016737809568510127,1,0.013651688458377859,-0.0019616286373285727
rolling_48m_replay,600764.SH,801740.SI,国防军工,0.0,-0.000293712186239353,0.000293712186239353,0.0,0,0.0010151079758480657,-0.003985408070083804
rolling_48m_replay,600765.SH,801740.SI,国防军工,-0.001027711121396525,0.0014166823908651491,-0.0024443935122616736,0.016611709936366254,1,0.03137055488137336,-0.0010277111213965245
rolling_48m_replay,600776.SH,801770.SI,通信,0.0,-0.00017095028510970842,0.00017095028510970842,0.0,0,-0.0035892498329097885,0.0
rolling_48m_replay,600779.SH,801120.SI,食品饮料,-0.0012790081046312096,0.0013214121391307745,-0.0026004202437619837,0.01942394799380937,4,0.04556914738173055,0.00043908913966456955
rolling_48m_replay,600782.SH,801040.SI,钢铁,-0.0015225562068710082,0.0001871109935850159,-0.0017096672004560242,0.011045048698119895,3,0.011084651995466724,-0.007437965926259776
rolling_48m_replay,600787.SH,801170.SI,交通运输,0.004692988544014404,0.00010675605711221262,0.004586232486902192,0.015990833442517106,5,0.008682125996623375,0.005157573709619815
rolling_48m_replay,600801.SH,801710.SI,建筑材料,0.0,-0.0004655731914603576,0.0004655731914603576,0.0,0,-0.003869068655934981,0.0
rolling_48m_replay,600803.SH,801160.SI,公用事业,-0.00030357495858331367,0.00020157788839209316,-0.000505152846975407,0.017172434786535528,10,0.00913284556918901,-2.2419791978497354e-05
rolling_48m_replay,600804.SH,801770.SI,通信,-0.002703351302828951,-0.00017621773432090998,-0.002527133568508041,0.016499240034526148,3,0.0007182425503285036,-0.0008886031619165973
rolling_48m_replay,600808.SH,801040.SI,钢铁,0.0006559649559656073,0.0003990022944101058,0.0002569626615555015,0.015024062447010737,6,0.01685012550542721,6.831288735398338e-05
rolling_48m_replay,600811.SH,801200.SI,商贸零售,-0.0013795883563618404,-0.00017195772764848593,-0.0012076306287133545,0.016015221354287474,1,-0.037568895766121796,-0.0013795883563618404
rolling_48m_replay,600811.SH,801230.SI,商贸零售,0.0,-0.00019811651176017468,0.00019811651176017468,0.0,0,-0.001645832580113286,0.0
rolling_48m_replay,600811.SH,999999.SI,商贸零售,0.0,-0.000214930679722995,0.000214930679722995,0.0,0,-0.07341269841269854,0.0
rolling_48m_replay,600820.SH,801720.SI,建筑装饰,0.0,2.336943864394468e-05,-2.336943864394468e-05,0.0,0,0.002135953576286024,0.0018531247643469124
rolling_48m_replay,600823.SH,801180.SI,房地产,-0.0018443901673313888,-0.00038662538737381047,-0.0014577647799575784,0.016059689993592804,1,-0.019636989119245638,-1.0893239195640175e-05
rolling_48m_replay,600827.SH,801200.SI,商贸零售,0.0,-0.00019506097218810242,0.00019506097218810242,0.0,0,-0.0028863720697148987,0.0
rolling_48m_replay,600835.SH,801890.SI,机械设备,0.0,-0.00040689411524163165,0.00040689411524163165,0.0,0,-0.01872295677337961,-0.0024044298909960977
rolling_48m_replay,600839.SH,801110.SI,家用电器,0.0,-0.00018665839065556573,0.00018665839065556573,0.0,0,-0.0031282624524765676,0.0
rolling_48m_replay,600848.SH,801180.SI,房地产,0.0,-0.00027782416764105433,0.00027782416764105433,0.0,0,-0.022763426780846308,0.0004983466033430526
rolling_48m_replay,600859.SH,801200.SI,未分类,0.0,-0.00018833832459019286,0.00018833832459019286,0.0,0,0.00016671759528806985,-0.003144145851237199
rolling_48m_replay,600859.SH,999999.SI,未分类,0.0,-0.00027543525029438535,0.00027543525029438535,0.0,0,-0.12517780938833556,0.0
rolling_48m_replay,600862.SH,801740.SI,国防军工,0.0005940892275154931,-0.001005588103974726,0.0015996773314902188,0.008999345633307154,4,-0.006649348606651455,-0.00034786767051017144
rolling_48m_replay,600863.SH,801160.SI,公用事业,0.00018244630159047079,0.0005122954890673223,-0.00032984918747685154,0.0169675060479145,1,0.02936291581778598,0.00018244630159047076
rolling_48m_replay,600867.SH,801150.SI,医药生物,-0.0059857486368056255,-0.0007880628404191014,-0.005197685796386524,0.015032927118226394,13,-0.010812336495737096,-0.0005643025540406424
rolling_48m_replay,600869.SH,801730.SI,电力设备,0.00463777850103324,0.0002006566282795808,0.004437121872753659,0.01562924433215384,2,0.049050983982439865,0.0014851535176029149
rolling_48m_replay,600871.SH,801960.SI,石油石化,0.0,-1.6798606230843145e-05,1.6798606230843145e-05,0.0,0,0.0004977083495636645,0.0
rolling_48m_replay,600875.SH,801730.SI,电力设备,0.0,0.0021873327291824555,-0.0021873327291824555,0.0,0,0.03942096882932284,-0.004537386887209608
rolling_48m_replay,600879.SH,801740.SI,国防军工,0.0,-0.00015373407908634922,0.00015373407908634922,0.0,0,-0.0010407253440751635,0.0
rolling_48m_replay,600881.SH,801710.SI,综合,0.0,3.85466833523299e-05,-3.85466833523299e-05,0.0,0,0.004384284977647497,0.0
rolling_48m_replay,600884.SH,801080.SI,电力设备,0.0,0.0025029653050139067,-0.0025029653050139067,0.0,0,0.05758467215876831,0.0
rolling_48m_replay,600884.SH,801730.SI,电力设备,-0.002139920972770705,-0.00032477973957703056,-0.0018151412331936746,0.019100148345365886,2,0.00179633013833419,0.0038287148527389034
rolling_48m_replay,600885.SH,801730.SI,电力设备,-0.002432832713511464,-0.001062461462801994,-0.0013703712507094701,0.0198706102302881,9,-0.00697634426658246,0.003578846138396848
rolling_48m_replay,600895.SH,801180.SI,房地产,-0.003336144551796689,-0.0004571137441439002,-0.0028790308076527887,0.017095430982932966,8,-0.010854650163055845,-0.0038021288465332234
rolling_48m_replay,600901.SH,801790.SI,非银金融,7.250249096197689e-05,0.00013248133091584558,-5.997883995386871e-05,0.0006677346682579764,16,0.005156064800574243,4.963189973626127e-05
rolling_48m_replay,600903.SH,801160.SI,公用事业,-0.000644256596703906,-0.00019467745953992432,-0.00044957913716398164,0.0040079541963369235,1,-0.02160925022010139,-0.0013996614710795271
rolling_48m_replay,600906.SH,801790.SI,非银金融,-0.00031135022085022814,-0.000479477610065452,0.00016812738921522373,0.0008322440220351809,12,-0.030112598707383503,-1.2223273205198598e-06
rolling_48m_replay,600908.SH,801780.SI,银行,0.0,-5.230781003440236e-05,5.230781003440236e-05,0.0,0,-0.00040244735786743654,0.0
rolling_48m_replay,600909.SH,801790.SI,非银金融,-0.0002253268650585842,-0.0012298403807369342,0.00100451351567835,0.0006913765476043395,16,-0.01789577254571376,-9.255745849474743e-07
rolling_48m_replay,600917.SH,801160.SI,公用事业,0.0012896804050714417,3.107466827824746e-05,0.001258605736793194,0.013796125296649952,6,0.022997188891580183,-0.00019638995775697848
rolling_48m_replay,600927.SH,801790.SI,非银金融,-0.00014899210148406448,-9.792869923436084e-05,-5.106340224970363e-05,0.0006729308663075118,6,-0.034675650589625906,9.130746787272187e-06
rolling_48m_replay,600928.SH,801780.SI,银行,0.0,-0.0003696905990017283,0.0003696905990017283,0.0,0,-0.014860430558388307,0.0
rolling_48m_replay,600956.SH,801160.SI,公用事业,0.0022016083269082703,-0.00011790008169856181,0.002319508408606832,0.015319934886714787,10,-0.0070866949053847005,0.0006858689140444615
rolling_48m_replay,600959.SH,801760.SI,传媒,0.0,-0.0001376360482532482,0.0001376360482532482,0.0,0,-0.0027684717749084653,0.0
rolling_48m_replay,600967.SH,801740.SI,国防军工,0.00043118434216243926,-0.00054697704959899,0.0009781613917614295,0.014978089196041934,6,-0.013778131996709825,2.6865005291873108e-05
rolling_48m_replay,600968.SH,801960.SI,石油石化,-0.0011969116906880958,0.0001857727593555143,-0.0013826844500436106,0.015876914706045474,7,0.011217755436940776,0.00014198827789463028
rolling_48m_replay,600970.SH,801720.SI,建筑装饰,-0.0038985660427180787,0.0005650747737261111,-0.00446364081644419,0.01683155847758318,5,0.020510386817707896,-0.003922453562729356
rolling_48m_replay,600985.SH,801950.SI,煤炭,0.0027596347280545953,0.0004505091291367073,0.002309125598917888,0.01637895976392764,5,0.018571634513878717,0.0032198877766926363
rolling_48m_replay,600988.SH,801050.SI,有色金属,0.0,0.0004673230649509768,-0.0004673230649509768,0.0,0,0.012051459333688737,-9.350611871618633e-05
rolling_48m_replay,600998.SH,801150.SI,医药生物,-0.0008627600579234519,-0.0003152949527406271,-0.0005474651051828248,0.01670838140344711,1,-0.0067292795858880615,-0.0005462456388638428
rolling_48m_replay,601000.SH,801170.SI,交通运输,0.0018575232288011014,0.0003127412960760765,0.001544781932725025,0.016465183422935892,5,0.012493726019109641,-0.001099356225078391
rolling_48m_replay,601003.SH,801040.SI,钢铁,-0.0003491591642961645,-4.414613574704309e-05,-0.00030501302854912165,0.015016205695404457,2,-0.005753809321446428,0.0009269537008104465
rolling_48m_replay,601005.SH,801040.SI,钢铁,0.0,0.00015270523297604465,-0.00015270523297604465,0.0,0,0.008743403250556772,0.0
rolling_48m_replay,601016.SH,801160.SI,公用事业,-0.0024168715005542588,0.00037260015288347113,-0.0027894716534377297,0.017277800721342114,2,0.022570212423676003,-0.0005740219131319126
rolling_48m_replay,601058.SH,801880.SI,汽车,0.0,-0.0006100771870623942,0.0006100771870623942,0.0,0,-0.019676383265124237,-0.0002915572551532114
rolling_48m_replay,601068.SH,801720.SI,建筑装饰,0.005973883298945502,0.00013720808576230266,0.0058366752131832,0.0023235334601318463,20,0.029548448757847415,0.005973883298945502
rolling_48m_replay,601077.SH,801780.SI,银行,0.0,-8.005494108287751e-05,8.005494108287751e-05,0.0,0,-0.002031546727821391,0.0
rolling_48m_replay,601098.SH,801760.SI,传媒,0.00567461382165228,0.00020584295353675135,0.005468770868115529,0.01576047096081807,14,0.009154904417718384,0.0012212500974884315
rolling_48m_replay,601099.SH,801790.SI,非银金融,-0.00013396758570978555,-0.0010873106916041804,0.0009533431058943948,0.0003347984288304409,4,-0.017637896361867172,-7.000934639183362e-05
rolling_48m_replay,601106.SH,801890.SI,机械设备,0.0,-0.0001813527875862008,0.0001813527875862008,0.0,0,-0.004235453532325785,0.0
rolling_48m_replay,601108.SH,801790.SI,非银金融,-7.635542748764544e-05,-0.0003792395241041714,0.0003028840966165259,0.0006915219211138627,6,-0.015463717335944427,5.960395071840426e-07
rolling_48m_replay,601117.SH,801720.SI,建筑装饰,0.0,0.00023557114112231854,-0.00023557114112231854,0.0,0,0.01968566656218441,0.0
rolling_48m_replay,601118.SH,801010.SI,农林牧渔,0.0009078516359352153,-0.00016183160307588166,0.001069683239011097,0.01615975911964705,1,-0.004886849513752674,-0.00024337795409269496
rolling_48m_replay,601127.SH,801880.SI,汽车,0.0,0.0018775185642496855,-0.0018775185642496855,0.0,0,0.16091827111558774,0.0
rolling_48m_replay,601128.SH,801780.SI,银行,0.0,7.93064792491582e-05,-7.93064792491582e-05,0.0,0,0.005007364050692478,0.0
rolling_48m_replay,601139.SH,801160.SI,公用事业,0.008397664886946026,-1.0185314790369947e-05,0.008407850201736396,0.015421011927272141,3,0.004432332389142257,5.863376175254363e-05
rolling_48m_replay,601156.SH,801170.SI,交通运输,-3.83507586971763e-05,-0.00017590422208625501,0.00013755346338907877,0.01575268882754516,6,-0.027020335697070196,-0.0018168238321466918
rolling_48m_replay,601162.SH,801790.SI,非银金融,-8.38669071012899e-05,-0.00037401854055341545,0.00029015163345212555,0.0006925030201105372,6,-0.017780206681516697,2.4843386529106444e-06
rolling_48m_replay,601168.SH,801050.SI,有色金属,0.002081190693854934,-0.0007952538850955699,0.002876444578950504,0.014862991185577296,3,-0.0015172138340458219,0.0035592204879059067
rolling_48m_replay,601179.SH,801730.SI,电力设备,0.0,-2.267006145946974e-05,2.267006145946974e-05,0.0,0,0.003547146805983762,-0.0003106719300714362
rolling_48m_replay,601187.SH,801780.SI,银行,0.0,-0.00017449363013073872,0.00017449363013073872,0.0,0,-0.022267078818393467,0.0
rolling_48m_replay,601198.SH,801790.SI,非银金融,-0.0002881795593875475,-0.0006907458295752918,0.0004025662701877443,0.0007803138260624563,13,-0.014912037460792393,-5.298855478744332e-05
rolling_48m_replay,601200.SH,801970.SI,环保,0.0,-0.00020012289938818074,0.00020012289938818074,0.0,0,-0.006614905821833851,-0.00210840160135809
rolling_48m_replay,601228.SH,801170.SI,交通运输,0.0,-2.757744783642053e-05,2.757744783642053e-05,0.0,0,-0.0014520939618835188,0.0
rolling_48m_replay,601233.SH,801960.SI,石油石化,-0.002165478708177262,0.0001554373709942787,-0.0023209160791715405,0.020618318640251883,1,0.007162667741129928,-1.278959675024777e-05
rolling_48m_replay,601298.SH,801170.SI,交通运输,0.0,-3.908894639257052e-05,3.908894639257052e-05,0.0,0,-0.0014904035836501156,-0.0010729716876861995
rolling_48m_replay,601333.SH,801170.SI,交通运输,0.0,1.273000633499505e-05,-1.273000633499505e-05,0.0,0,0.0021517126422697375,0.0
rolling_48m_replay,601456.SH,801790.SI,非银金融,-0.00010370590926317233,-0.0011176557935347966,0.0010139498842716243,0.0005708453798539839,18,-0.019446966305518832,8.120667897289473e-06
rolling_48m_replay,601512.SH,801180.SI,房地产,0.0,-3.928977731207146e-05,3.928977731207146e-05,0.0,0,-0.0050244924476679316,0.0006117393586447379
rolling_48m_replay,601555.SH,801790.SI,非银金融,-0.000195157833640714,-0.0011991509052638194,0.0010039930716231053,0.0008498552058963235,12,-0.019504133495633808,-5.284547807743543e-06
rolling_48m_replay,601568.SH,801030.SI,基础化工,0.0,-0.0002111484101937785,0.0002111484101937785,0.0,0,-0.014801670775628032,0.000523314813849663
rolling_48m_replay,601577.SH,801780.SI,银行,0.0,-0.0003140503380463181,0.0003140503380463181,0.0,0,-0.007778589442766764,0.0
rolling_48m_replay,601598.SH,801170.SI,交通运输,0.0010772803915323759,-3.125673141896687e-05,0.0011085371229513426,0.016180955400240324,10,0.0010626004193552373,0.0016617821940951322
rolling_48m_replay,601607.SH,801150.SI,医药生物,0.0,5.904556112779779e-05,-5.904556112779779e-05,0.0,0,0.003390541386951329,0.0
rolling_48m_replay,601608.SH,801890.SI,机械设备,0.0,-0.00021653555498991238,0.00021653555498991238,0.0,0,-0.002801828462173514,0.0
rolling_48m_replay,601611.SH,801720.SI,建筑装饰,0.0,7.530593284361609e-05,-7.530593284361609e-05,0.0,0,0.007393591991919459,0.0
rolling_48m_replay,601615.SH,801730.SI,电力设备,0.00790521681170388,0.0013874619851660466,0.0065177548265378344,0.02020290808200294,6,0.02187859172624829,-0.0020582033446706017
rolling_48m_replay,601636.SH,801710.SI,建筑材料,-0.000984610067659361,-0.0020022849031724587,0.0010176748355130972,0.01925670463227534,6,-0.01646198766258799,-0.007519513164807012
rolling_48m_replay,601665.SH,801780.SI,银行,0.0,-9.955894230293548e-05,9.955894230293548e-05,0.0,0,-0.020544789835199372,0.0
rolling_48m_replay,601689.SH,801880.SI,汽车,0.0,0.0015420584001015235,-0.0015420584001015235,0.0,0,0.03128086572835384,0.0016703994773566266
rolling_48m_replay,601696.SH,801790.SI,非银金融,-0.00016276007533243053,-0.0007320216230735101,0.0005692615477410796,0.0006890999895633293,6,-0.036663134076850866,-8.364824293827884e-05
rolling_48m_replay,601699.SH,801950.SI,煤炭,0.0028398582199865964,0.0024203372344965713,0.00041952098549002503,0.01722700546816795,7,0.05417904722675413,0.0025548843088259725
rolling_48m_replay,601717.SH,801880.SI,机械设备,-0.005021893903401581,-3.481625203043953e-05,-0.004987077651371141,0.016666142264819692,2,0.02005157487446461,-0.0016359563568501489
rolling_48m_replay,601717.SH,801890.SI,机械设备,0.0,-1.9450785498075233e-05,1.9450785498075233e-05,0.0,0,0.003545624401823951,0.0
rolling_48m_replay,601718.SH,801130.SI,纺织服饰,0.0,-4.5856015602245735e-05,4.5856015602245735e-05,0.0,0,-0.00018228689722970168,0.0
rolling_48m_replay,601778.SH,801160.SI,公用事业,0.0,-0.0005077801976061595,0.0005077801976061595,0.0,0,0.0005526965966982655,0.0
rolling_48m_replay,601799.SH,801880.SI,汽车,0.002444652346704202,0.0005492343420417224,0.0018954180046624797,0.01942248265021835,5,0.02290418939571191,0.003376967373270654
rolling_48m_replay,601801.SH,801760.SI,传媒,0.0,4.2314458813116435e-05,-4.2314458813116435e-05,0.0,0,0.009022471510089983,-0.0004498237950269048
rolling_48m_replay,601828.SH,801200.SI,商贸零售,0.0,-0.00028932399651231046,0.00028932399651231046,0.0,0,-0.017484738446341186,-0.0030686115822190184
rolling_48m_replay,601860.SH,801780.SI,银行,0.0,-0.00046744679767113595,0.00046744679767113595,0.0,0,-0.016094027525468933,0.0
rolling_48m_replay,601865.SH,801710.SI,电力设备,0.007708160763418748,0.00012414654681032537,0.007584014216608422,0.0165497012761386,3,0.013817560542167576,0.006748643862106038
rolling_48m_replay,601866.SH,801170.SI,交通运输,0.0013059029941025191,0.0002168790047773611,0.001089023989325158,0.01600197277385295,8,0.0058861243683831594,0.0032958402899866753
rolling_48m_replay,601868.SH,801720.SI,建筑装饰,0.0,0.0008970968677796573,-0.0008970968677796573,0.0,0,0.09259720837487517,0.0
rolling_48m_replay,601868.SH,999999.SI,建筑装饰,0.0,-0.0012467212145247598,0.0012467212145247598,0.0,0,-0.2040133779264216,0.0
rolling_48m_replay,601869.SH,801770.SI,通信,0.001522015753033273,6.00534522437036e-05,0.0014619623007895695,0.015896608976125336,1,0.010345808728497058,0.0015220157530332732
rolling_48m_replay,601872.SH,801170.SI,交通运输,0.000740005621963679,0.0010372725078607503,-0.0002972668858970712,0.017254554554263862,2,0.037193066151888755,0.0007400056219636791
rolling_48m_replay,601880.SH,801170.SI,交通运输,0.0,-0.00014251467128612488,0.00014251467128612488,0.0,0,-0.005359693395123262,0.0
rolling_48m_replay,601928.SH,801760.SI,传媒,0.0016044011416334516,0.0003289428821084954,0.0012754582595249564,0.01537044654031188,7,0.02012984204141358,-0.0012852190758479189
rolling_48m_replay,601958.SH,801050.SI,有色金属,-0.00027986011504543856,0.0009033427715266678,-0.0011832028865721063,0.015932036549372038,1,0.033403310798714565,0.0002987168475686599
rolling_48m_replay,601966.SH,801030.SI,汽车,0.0037237687159149347,0.001198662268465694,0.0025251064474492405,0.020563769728145293,1,0.04751211621353137,0.0037237687159149347
rolling_48m_replay,601969.SH,801040.SI,钢铁,0.0002795072047599348,-0.00030830561363666344,0.0005878128183965983,0.015652403466556403,1,-0.03409085345986925,0.00027950720475993483
rolling_48m_replay,601969.SH,999999.SI,钢铁,-0.008757910268155056,0.00038586986841978037,-0.009143780136574837,0.01552061470441162,3,0.09615311732030955,-0.008757910268155056
rolling_48m_replay,601975.SH,801170.SI,交通运输,-0.0010246300894496685,0.0009642348273443123,-0.001988864916793981,0.016573417957853963,3,0.03808102271184705,6.9847077257797e-07
rolling_48m_replay,601990.SH,801790.SI,非银金融,-3.1960985250783796e-05,-8.895658872406552e-05,5.6995603473281714e-05,0.0006846567939525083,6,-0.0038006683636317984,-1.740643301862023e-06
rolling_48m_replay,601991.SH,801160.SI,公用事业,0.0,0.00012928019025935022,-0.00012928019025935022,0.0,0,0.01784664928041884,0.0
rolling_48m_replay,601992.SH,801710.SI,建筑材料,-0.002016334951153348,-0.0002514770660843335,-0.0017648578850690147,0.017109791073059655,2,-0.003546447397484225,-0.0024249838325227807
rolling_48m_replay,601997.SH,801780.SI,银行,0.0,-0.0007567996584407793,0.0007567996584407793,0.0,0,-0.010576175336274122,0.0
rolling_48m_replay,603000.SH,801760.SI,传媒,0.0,-2.8696294054799537e-05,2.8696294054799537e-05,0.0,0,0.009336157631930136,0.0
rolling_48m_replay,603026.SH,801730.SI,电力设备,0.0,-0.001198293667185331,0.001198293667185331,0.0,0,-0.07234794811973864,0.0
rolling_48m_replay,603056.SH,801170.SI,交通运输,0.005307074991034793,0.00025199320509301397,0.005055081785941778,0.015985821119097805,4,0.017757817157548636,0.0029040297406137173
rolling_48m_replay,603056.SH,999999.SI,交通运输,0.0,9.476709321239589e-05,-9.476709321239589e-05,0.0,0,0.15793251974156486,0.0
rolling_48m_replay,603077.SH,801030.SI,基础化工,0.0005109033805929092,0.00132850193587816,-0.000817598555285251,0.013953913891442531,8,0.03723926261921821,-0.00032124795818672157
rolling_48m_replay,603127.SH,801150.SI,医药生物,0.0,-0.0007634157688472602,0.0007634157688472602,0.0,0,-0.021817662022959716,0.0
rolling_48m_replay,603156.SH,801120.SI,食品饮料,-0.001656332620617595,-0.0002691880043588505,-0.0013871446162587444,0.017388436552240042,1,-0.006858709415332743,0.0020167541425374705
rolling_48m_replay,603198.SH,801120.SI,食品饮料,0.005124493826287632,0.0011369949857029076,0.003987498840584725,0.01677696575636367,11,0.035597081593837336,0.006528918223317718
rolling_48m_replay,603218.SH,801730.SI,电力设备,0.0,-0.0008690979961114114,0.0008690979961114114,0.0,0,-0.029387803177936916,0.0
rolling_48m_replay,603225.SH,801030.SI,基础化工,-0.004085975503202062,-0.0006961188194823536,-0.003389856683719708,0.016845173799611694,7,-0.003747898872176488,-1.0272423633288577e-05
rolling_48m_replay,603228.SH,801080.SI,电子,0.0006135563733321135,-0.0004195376739365789,0.0010330940472686922,0.015742564842073876,1,-0.01202802268643833,0.0006135563733321134
rolling_48m_replay,603233.SH,801150.SI,医药生物,0.004779949792650787,0.00037047375683391045,0.004409476035816877,0.013622157606821905,2,0.03337954536470139,0.0021149171885117687
rolling_48m_replay,603256.SH,801030.SI,建筑材料,-0.0011466533067383082,-3.583391011188132e-08,-0.0011466174728281962,0.015000738464864216,1,0.0036002772153517584,8.610189584337853e-06
rolling_48m_replay,603260.SH,801050.SI,基础化工,0.026168227919313086,0.0030422007580383345,0.02312602716127475,0.015021185770961459,7,0.17511442823665657,-0.003898223145920334
rolling_48m_replay,603267.SH,801740.SI,国防军工,-0.00591322616649551,-0.0016275896067280923,-0.004285636559767417,0.018336361604112537,5,-0.0430045595710494,-1.5604454794052904e-05
rolling_48m_replay,603290.SH,801080.SI,电子,0.003984362672390692,0.001367893583181523,0.0026164690892091684,0.014814438640401044,9,0.0494218283113588,0.004091754262479395
rolling_48m_replay,603317.SH,801120.SI,食品饮料,-0.004018746701305327,-0.001044810476344434,-0.0029739362249608936,0.015831500664170352,4,-0.029655483472699796,9.071043607736121e-05
rolling_48m_replay,603328.SH,801080.SI,电子,0.0,-3.090236183726257e-05,3.090236183726257e-05,0.0,0,-0.005485030104596315,0.0
rolling_48m_replay,603338.SH,801890.SI,机械设备,0.0,-0.0015535950067918644,0.0015535950067918644,0.0,0,-0.0833805010788688,0.0
rolling_48m_replay,603345.SH,801120.SI,食品饮料,0.0,0.0012103714372126851,-0.0012103714372126851,0.0,0,0.02739460043656049,0.0
rolling_48m_replay,603355.SH,801110.SI,家用电器,-0.004591644181433501,0.00010847637333032535,-0.0047001205547638255,0.01286519294787331,5,0.018308092672167476,-0.005813934379290398
rolling_48m_replay,603377.SH,801880.SI,社会服务,-0.00659568894167421,-0.00039096746126008334,-0.006204721480414127,0.015547145561108183,7,-0.03284555741760329,-1.0996199773129559e-05
rolling_48m_replay,603379.SH,801030.SI,基础化工,0.009133036573808442,0.0003256203050183195,0.008807416268790122,0.01595535428784217,3,0.02809500001116465,-2.4681040539807977e-05
rolling_48m_replay,603444.SH,801760.SI,传媒,-0.00585040317040659,-0.00034562017190721116,-0.005504782998499379,0.018097271351648927,15,0.0012066128877042577,-0.00015956061977831937
rolling_48m_replay,603456.SH,801150.SI,医药生物,0.0,-0.0008975388932263814,0.0008975388932263814,0.0,0,-0.017900506774953518,0.0
rolling_48m_replay,603486.SH,801890.SI,家用电器,0.009946308476519809,0.0018674706102966895,0.008078837866223121,0.020518461270335714,12,0.048448021984042966,0.005012026829170322
rolling_48m_replay,603515.SH,801080.SI,家用电器,-0.0008150099246521959,-0.00021752917864796645,-0.0005974807460042296,0.016086511787713607,5,-0.026636816279749814,0.0044979730425978425
rolling_48m_replay,603515.SH,801110.SI,家用电器,0.0,-0.00011579874188388828,0.00011579874188388828,0.0,0,-0.021534234879230386,0.0
rolling_48m_replay,603517.SH,801120.SI,食品饮料,0.0,-4.97466362846445e-05,4.97466362846445e-05,0.0,0,0.0006216233931866469,0.0
rolling_48m_replay,603568.SH,801970.SI,环保,0.00438236614670037,0.0003609244296486797,0.00402144171705169,0.016655597929372365,4,0.0180978964553888,0.004598340189056809
rolling_48m_replay,603589.SH,801120.SI,食品饮料,0.0,-0.00065955824122362,0.00065955824122362,0.0,0,-0.0012213268859212524,0.0
rolling_48m_replay,603605.SH,801980.SI,美容护理,0.008867831052970905,0.0011098732365779072,0.0077579578163929986,0.018083972233734872,12,0.018238626488136744,0.00022808901952972496
rolling_48m_replay,603613.SH,801200.SI,商贸零售,0.0006137826255541011,0.0008979012489780588,-0.0002841186234239576,0.01944009027555717,1,0.02108282315382674,-0.00643845637075144
rolling_48m_replay,603638.SH,801890.SI,机械设备,0.0,-0.001693527865191254,0.001693527865191254,0.0,0,-0.04283757963357122,0.0
rolling_48m_replay,603650.SH,801030.SI,基础化工,-0.0016293311569377561,0.00019963400161922235,-0.0018289651585569784,0.014150780745518794,4,0.019476384872959097,0.001178115028721094
rolling_48m_replay,603658.SH,801150.SI,医药生物,0.00043976968146404644,0.0005098236768893814,-7.005399542533514e-05,0.016639324229844873,2,0.053692647099432965,0.0013598608481156177
rolling_48m_replay,603707.SH,801150.SI,医药生物,0.0,-0.0005585287838233442,0.0005585287838233442,0.0,0,-0.01468125569195087,0.0
rolling_48m_replay,603708.SH,801200.SI,商贸零售,0.0,-0.0002647748983303807,0.0002647748983303807,0.0,0,-0.016364569436411354,-0.0009401344735406527
rolling_48m_replay,603712.SH,801740.SI,国防军工,0.0,-0.0003300500407918967,0.0003300500407918967,0.0,0,-0.010172557693047543,0.0
rolling_48m_replay,603712.SH,801770.SI,国防军工,-0.0016159567283212527,0.00011522440232940377,-0.0017311811306506563,0.016413708845826762,1,0.008052371069813463,-0.0016159567283212527
rolling_48m_replay,603719.SH,801120.SI,食品饮料,0.0048455320404096934,-0.000115149066617142,0.004960681107026836,0.01573824356178991,1,-0.0014633953785154984,0.004845532040409694
rolling_48m_replay,603737.SH,801030.SI,建筑材料,0.008750870866509598,0.0011214419257279883,0.00762942894078161,0.018313989792731758,4,0.03849858559333919,0.0025267002495113393
rolling_48m_replay,603786.SH,801880.SI,汽车,0.00030364517293935626,-5.045018159269935e-06,0.00030869019109862615,0.015616054098699695,5,0.00900443104953591,0.0005008069938639385
rolling_48m_replay,603806.SH,801730.SI,电力设备,-0.0023431673814351926,0.002024895375469876,-0.004368062756905069,0.020251454851351314,3,0.07128409124258407,-0.0034312759466866858
rolling_48m_replay,603816.SH,801140.SI,轻工制造,0.0,0.00048802728866981937,-0.00048802728866981937,0.0,0,0.020027988486901644,0.0
rolling_48m_replay,603858.SH,801150.SI,医药生物,0.0,-0.00016682755514691542,0.00016682755514691542,0.0,0,-0.0003201507104132241,0.0
rolling_48m_replay,603866.SH,801120.SI,食品饮料,-0.00308737235923772,-0.001074106881704168,-0.002013265477533552,0.01741858354397743,3,-0.019142398132497098,-0.0004447156632673831
rolling_48m_replay,603868.SH,801110.SI,家用电器,0.0051793141466930735,0.00018814373266695105,0.004991170414026123,0.015530084995079732,20,0.0196499726163149,0.006013396109633135
rolling_48m_replay,603882.SH,801150.SI,医药生物,0.002800822745643883,0.0012202431830878801,0.0015805795625560034,0.021805243538605534,4,0.03671692652790894,-0.000661506262560153
rolling_48m_replay,603883.SH,801150.SI,医药生物,-0.0006600093220825573,-0.0003940559227563512,-0.00026595339932620674,0.014241287490637555,6,-0.0033715878650779026,0.003037360677672359
rolling_48m_replay,603885.SH,801170.SI,交通运输,0.0013581861093846291,0.0005693630894237194,0.0007888230199609095,0.016603078691550865,2,0.025379222416988315,0.001358186109384629
rolling_48m_replay,603888.SH,801760.SI,传媒,0.0012366935386897869,0.00013947457708870484,0.001097218961601082,0.015778982158265387,1,0.02831665263688841,0.0012366935386897869
rolling_48m_replay,603893.SH,801080.SI,电子,0.010951447870847893,-0.0006080103570087465,0.011559458227856638,0.01723450317965839,14,0.035058006998627905,-0.00771403555472204
rolling_48m_replay,603927.SH,801750.SI,计算机,-0.00025607716384206574,9.276149129655944e-05,-0.0003488386551386251,0.012021900817221076,3,0.006467556923889807,0.00032360224143372483
rolling_48m_replay,603939.SH,801150.SI,医药生物,0.0,0.0005204672443923225,-0.0005204672443923225,0.0,0,0.027699290058102788,-0.0005820896833139715
rolling_48m_replay,603983.SH,801980.SI,美容护理,0.0,-0.00011116630858126351,0.00011116630858126351,0.0,0,-0.006009173965989966,0.0
rolling_48m_replay,605117.SH,801110.SI,家用电器,0.00019106862226561574,0.0005622147040544837,-0.00037114608178886815,0.01885196891029506,2,0.042570057063869814,0.00019106862226561552
rolling_48m_replay,605358.SH,801080.SI,电子,-0.005097501462262328,-0.0006039200132441101,-0.004493581449018218,0.01790607228422224,6,0.01306544404099468,-0.0005462270343483712
rolling_48m_replay,688002.SH,999999.SI,未分类,-0.0018529289681703093,-0.0028917564542352394,0.0010388274860649303,0.015017256091634727,4,-0.035247966293896024,0.0018894616756654702
rolling_48m_replay,688005.SH,999999.SI,未分类,-0.006996840040255638,0.00025411073281155763,-0.007250950773067196,0.01560622471007648,4,0.028139359854291557,-0.006996840040255638
rolling_48m_replay,688006.SH,999999.SI,未分类,-0.006795318721192164,-0.001193910452316789,-0.005601408268875375,0.016117345525493567,6,-0.06115355467218031,-5.7272349662474895e-06
rolling_48m_replay,688009.SH,999999.SI,未分类,0.0016864565732452558,0.00023302914941997086,0.0014534274238252847,0.013805262806617388,5,0.0203807524188863,-0.00037600738893155323
rolling_48m_replay,688029.SH,999999.SI,未分类,0.0,-0.0004697982886004225,0.0004697982886004225,0.0,0,-0.004696138837820621,0.0
rolling_48m_replay,688065.SH,999999.SI,未分类,0.0,-0.0012917602458408423,0.0012917602458408423,0.0,0,-0.06293082228268805,0.0
rolling_48m_replay,688088.SH,999999.SI,未分类,0.0,-0.0017388288020658608,0.0017388288020658608,0.0,0,-0.04076864613064832,0.0
rolling_48m_replay,688099.SH,999999.SI,未分类,-0.004541142836287772,-0.000526344671395479,-0.0040147981648922925,0.01851073753126824,18,0.004578249353203616,-0.0009463821944706392
rolling_48m_replay,688122.SH,999999.SI,未分类,-0.0032305536034863192,0.00016816294329974097,-0.0033987165467860604,0.01949300090992519,1,0.011796704017229745,0.0006000638680483707
rolling_48m_replay,688180.SH,999999.SI,未分类,0.0,-0.0005030787451780635,0.0005030787451780635,0.0,0,-0.010547764270081805,0.0
rolling_48m_replay,688185.SH,999999.SI,未分类,0.0,-0.0005048910803308344,0.0005048910803308344,0.0,0,-0.007300659822215246,0.0
rolling_48m_replay,688188.SH,999999.SI,未分类,-0.0038691100408242444,-0.00015361367505055092,-0.003715496365773693,0.01619166436082563,3,-0.003601816926266895,-3.296372020019072e-05
rolling_48m_replay,688208.SH,999999.SI,未分类,0.0,-0.0022986226418749787,0.0022986226418749787,0.0,0,-0.04668608615443797,0.0
rolling_48m_replay,688256.SH,999999.SI,未分类,0.0,-0.00039465500177634735,0.00039465500177634735,0.0,0,-0.03453732076905436,0.0
rolling_48m_replay,688289.SH,999999.SI,未分类,0.0,-0.0006174187837048083,0.0006174187837048083,0.0,0,-0.04575199286513076,-0.0003922712601225212
rolling_48m_replay,688321.SH,999999.SI,未分类,0.0,-0.0006607438809083049,0.0006607438809083049,0.0,0,-0.018490449942137704,0.002927189945060601
rolling_48m_replay,688390.SH,999999.SI,未分类,-0.0001074957052929354,2.073039543072229e-05,-0.0001282261007236577,0.0013654018053687962,1,0.005124611033858158,-0.0001074957052929354
rolling_48m_replay,688521.SH,999999.SI,未分类,0.0,-0.0012961213707069759,0.0012961213707069759,0.0,0,-0.04281909386806714,0.0
rolling_48m_replay,688536.SH,999999.SI,未分类,0.0,-0.0008632286810379386,0.0008632286810379386,0.0,0,-0.03771739933121284,0.0
rolling_48m_replay,688777.SH,999999.SI,未分类,0.00395957466235981,0.0009240420965820259,0.0030355325657777836,0.01870758699446927,3,0.043620473955030194,0.00042839219530753543
rolling_48m_replay,688819.SH,999999.SI,未分类,-0.001746841121089944,2.45833220241192e-05,-0.0017714244431140632,0.015734239039962898,2,0.015806545887233386,-0.001746841121089944
rolling_48m_replay,689009.SH,999999.SI,未分类,0.0,-0.000901081323483385,0.000901081323483385,0.0,0,-0.061542330730744756,0.0
