period_start,industry_code,W_p,W_b,R_p,R_b,allocation_effect,selection_effect,interaction_effect,total_effect,industry_name,is_financial,source_id,effect_residual
2020-12-31,801010.SI,0.037593120280583786,0.02770861456927154,0.023573759696434465,0.012309981489099063,0.00019111316927423867,0.000312103688940817,0.00011133688002136121,0.000545118651297326,农林牧渔,False,pipeline_b_frozen_replay,-6.943508693909087e-05
2020-12-31,801030.SI,0.0698884705574405,0.08529573521323934,0.20377450117959378,0.07283370022943093,-0.0012303985715700172,0.01116869188645457,-0.002017439574481435,0.008029084216677175,基础化工,False,pipeline_b_frozen_replay,0.00010823047627405921
2020-12-31,801040.SI,0.016497311688156643,0.025498725063746813,-0.016296986432585592,-0.05233806764466429,0.0004078849003066505,0.0009190016208269655,-0.0003244206704931368,0.0010656975324830529,钢铁,False,pipeline_b_frozen_replay,6.323168184257369e-05
2020-12-31,801050.SI,0.03391654237553436,0.05113744312784361,-0.08699695103377247,0.04670381853793133,-0.0009252524394063902,-0.006837115500121926,0.002302447683301679,-0.005338949640615823,有色金属,False,pipeline_b_frozen_replay,0.00012097061561081382
2020-12-31,801080.SI,0.10506449882156127,0.07308634568271587,0.01402428303974648,-0.039491644137029,-0.0010382348537435037,0.0039112835531728615,0.0017113405146262249,0.004359754223880387,电子,False,pipeline_b_frozen_replay,-0.00022463499017519577
2020-12-31,801110.SI,0.015676126439372273,0.010469476526173692,-0.05582065387790347,0.02516604636063004,0.00016760563052074933,-0.0008478883570795919,-0.00042166939576720005,-0.001138526959747666,家用电器,False,pipeline_b_frozen_replay,-3.657483742162352e-05
2020-12-31,801120.SI,0.07399558649850915,0.045097745112744364,-0.035026827622119554,0.037233651707693036,0.0012789690725464515,-0.0032587846785406206,-0.002088171870132259,-0.004270984387411157,食品饮料,False,pipeline_b_frozen_replay,-0.00020299691128472866
2020-12-31,801130.SI,0.0,0.004829758512074396,0.0,-0.0797172943024296,0.00035108796943021707,0.0003850152807166991,-0.0003850152807166991,0.0003850152807166991,纺织服饰,False,pipeline_b_frozen_replay,3.392731128648205e-05
2020-12-31,801140.SI,0.0,0.023088845557722115,0.0,0.08436542433825142,-0.0021100910640558944,-0.0019479002529575776,0.0019479002529575776,-0.0019479002529575776,轻工制造,False,pipeline_b_frozen_replay,0.0001621908110983172
2020-12-31,801150.SI,0.1240542535309735,0.1104744762761862,0.0291259120516483,-0.01541051117869234,-0.00011387827266922492,0.004920138031586455,0.0006047947071929607,0.005315661429590364,医药生物,False,pipeline_b_frozen_replay,-9.539303651982627e-05
2020-12-31,801160.SI,0.017412776818629436,0.02851857407129644,0.020190826090763947,-0.049697600366827736,0.0004739172541630241,0.0019931182666571823,-0.0007761666945459416,0.0017688830457292988,公用事业,False,pipeline_b_frozen_replay,7.801421945503374e-05
2020-12-31,801170.SI,0.03228477247552673,0.026218689065546724,0.024785858385657923,-0.03266546716786493,-0.00015553940075708857,0.0015062984410913146,0.0003485045328215855,0.001656651525446668,交通运输,False,pipeline_b_frozen_replay,-4.261204770914331e-05
2020-12-31,801180.SI,0.04690545714766701,0.030318484075796213,-0.07615819623007496,-0.045533727708785235,-0.0006387492130321573,-0.0009284874611924448,-0.0005079672347029874,-0.0021917214112629497,房地产,False,pipeline_b_frozen_replay,-0.00011651750233536038
2020-12-31,801200.SI,0.04691265151959757,0.018189090545472728,-0.03823150262412763,-0.016175755274498584,-0.00026285263866765576,-0.0004011739855904729,-0.0006335196038269624,-0.001499318882347017,商贸零售,False,pipeline_b_frozen_replay,-0.0002017726542619259
2020-12-31,801210.SI,0.0,0.004789760511974401,0.0,0.019441302991449087,-0.0001267655251342134,-9.311918536977263e-05,9.311918536977263e-05,-9.311918536977263e-05,社会服务,False,pipeline_b_frozen_replay,3.3646339764440753e-05
2020-12-31,801230.SI,0.0,0.013429328533573322,0.0,0.007478050831701553,-0.0001947613899350341,-0.00010042520140968137,0.00010042520140968137,-0.00010042520140968137,综合,False,pipeline_b_frozen_replay,9.433618852535276e-05
2020-12-31,801710.SI,0.016716025340134978,0.021388930553472327,0.1358008186847277,-0.010545052260208264,1.6450556236381076e-05,0.0031301816704286593,-0.0006838603832889863,0.002495597316821315,建筑材料,False,pipeline_b_frozen_replay,3.282547344526064e-05
2020-12-31,801720.SI,0.01684131731011942,0.012769361531923405,0.028798722060189963,0.0010371201285730035,3.282712774685295e-05,0.0003544979317701601,0.00011304401539742538,0.0004717650544678117,建筑装饰,False,pipeline_b_frozen_replay,-2.860402044662676e-05
2020-12-31,801730.SI,0.08864673290085244,0.06234688265586721,0.0627693578816424,0.13712480465313664,0.003791108787956306,-0.004635830314686932,-0.0019555371149892697,-0.002985005602425853,电力设备,False,pipeline_b_frozen_replay,-0.00018474696070595702
2020-12-31,801740.SI,0.013653624303087114,0.04360781960901955,-0.10328337615657024,-0.11415810310543431,0.0032090966996644187,0.000474223131083408,-0.00032574369492496114,0.003567993552333398,国防军工,False,pipeline_b_frozen_replay,0.00021041741651053273
2020-12-31,801750.SI,0.018077353588799583,0.04837758112094395,-0.10995657331728911,-0.047072315544206905,0.0012134537033804788,-0.003042188281647635,0.001905407318714409,0.00028952090852113997,计算机,False,pipeline_b_frozen_replay,0.0002128481680738869
2020-12-31,801760.SI,0.03187687950636149,0.03455827208639568,-0.027395692446234906,0.004639842165595609,-3.127705395910948e-05,-0.0011070927215487852,8.589984480559088e-05,-0.0010336341150985523,传媒,False,pipeline_b_frozen_replay,1.8835815603751452e-05
2020-12-31,801770.SI,0.030578492903106727,0.016769161541922904,-0.074724427525252,-0.09304619020947333,-0.0011879001011891937,0.0003072405981844824,0.00025301129202738506,-0.000724653782286488,通信,False,pipeline_b_frozen_replay,-9.70055713091617e-05
2020-12-31,801780.SI,0.0,0.019039048047597623,0.0,-0.04112664511948259,0.0006492697279746859,0.0007830121724663252,-0.0007830121724663252,0.0007830121724663252,银行,True,pipeline_b_frozen_replay,0.0001337424444916393
2020-12-31,801790.SI,0.011736374208141739,0.04216789160541973,-0.17804380740016526,-0.17404002354588705,0.0050825315723436746,-0.00016883112357873336,0.00012184121801640819,0.005249312098797007,非银金融,True,pipeline_b_frozen_replay,0.0002137704320156579
2020-12-31,801880.SI,0.06754378058182398,0.03888805559722014,0.01889838954982491,-0.06776281727821419,-0.00174049652520014,0.003370085829250978,0.0024833397096981607,0.003911632882842672,汽车,False,pipeline_b_frozen_replay,-0.0002012961309063267
2020-12-31,801890.SI,0.015711755007462892,0.03752812359382031,-0.06149854924292597,0.06635081784867844,-0.0016007860175939392,-0.004797946849605433,0.0027892089160029563,-0.0034562718317955082,机械设备,False,pipeline_b_frozen_replay,0.00015325211940090755
2020-12-31,801950.SI,0.01634509902320631,0.010549472526373681,-0.10547316629606429,-0.16234022403440004,-0.0009001511184580736,0.0005999174632662789,0.00032958022662520965,-1.1365614024025578e-05,煤炭,False,pipeline_b_frozen_replay,-4.0712185457440514e-05
2020-12-31,801960.SI,0.03143844430587448,0.010149492525373734,-0.1194610838425947,0.12591774369153708,0.0028302039803558224,-0.0024904705759426406,-0.00522385802732994,-0.0050336718295139965,石油石化,False,pipeline_b_frozen_replay,-0.00014954720659723832
2020-12-31,801970.SI,0.0,0.0035898205089745514,0.0,-0.08446312778775047,0.00027799027428140194,0.00030320746838460497,-0.00030320746838460497,0.00030320746838460497,环保,False,pipeline_b_frozen_replay,2.5217194103203033e-05
2020-12-31,801980.SI,0.0,0.004469776511174441,0.0,0.06190461817315806,-0.00030809837583171506,-0.00027669980824360436,0.00027669980824360436,-0.00027669980824360436,美容护理,False,pipeline_b_frozen_replay,3.139856758811071e-05
2020-12-31,999999.SI,0.02060206013715709,0.015649217539123045,0.012755968434721598,-0.04774306712007578,-0.0002016719640034457,0.0009467625683041639,0.00029964220043577673,0.0010099408721468306,未分类,False,pipeline_b_frozen_replay,-3.479193258966429e-05
2021-01-29,801010.SI,0.05545033337129461,0.028024483917426787,0.06230652473560196,0.03480853844730913,0.000833487964458626,0.0007706168744978849,0.000754155632227241,0.002479426241890196,农林牧渔,False,pipeline_b_frozen_replay,0.00012116577070644431
2021-01-29,801030.SI,0.06316504343893456,0.09264482317170747,0.05819626940889988,0.023083490718450582,-0.0005502563093993007,0.0032530171728439735,-0.0010351169816000478,0.001537403969400495,基础化工,False,pipeline_b_frozen_replay,-0.0001302399124441301
2021-01-29,801040.SI,0.016308886202568436,0.024153864618338933,0.024861878453038555,0.0712394521354566,-0.0005242133165873416,-0.0011201976360521641,0.0003638310645143754,-0.0013152385358917611,钢铁,False,pipeline_b_frozen_replay,-3.465864776663083e-05
2021-01-29,801050.SI,0.05275697325993866,0.054048647783645376,0.14016686834772168,0.13044907701594693,-0.00016279120824759212,0.0005252334809260555,-1.2552223489951408e-05,0.00034418350801355014,有色金属,False,pipeline_b_frozen_replay,-5.706541174961847e-06
2021-01-29,801080.SI,0.05059250993014728,0.07039126260201632,0.027324123275363106,-0.015791273834632632,0.0004001172360567854,0.0030349472401599254,-0.0008536310837302228,0.0024939636814553514,电子,False,pipeline_b_frozen_replay,-8.746971103113649e-05
2021-01-29,801110.SI,0.015529908486493485,0.010751720275244039,-0.05886475122634938,-0.03849669382100732,-0.00020505419974301193,-0.00021899165577235065,-9.732241178025738e-05,-0.0005002585161402245,家用电器,False,pipeline_b_frozen_replay,2.1109751155395538e-05
2021-01-29,801120.SI,0.07359884785256895,0.04694751160185629,-0.07194114528074556,-0.08012148647128978,-0.0022530886943213876,0.0003840466629502173,0.00021801702371474898,-0.0015332809901883026,食品饮料,False,pipeline_b_frozen_replay,0.00011774401746811867
2021-01-29,801130.SI,0.0,0.004440710513682188,0.0,0.03903595941364064,-0.000153728600608142,-0.00017334739537982517,0.00017334739537982517,-0.00017334739537982517,纺织服饰,False,pipeline_b_frozen_replay,-1.96187947716832e-05
2021-01-29,801140.SI,0.0,0.025304048647783642,0.0,0.08386771636557167,-0.0020104009938741205,-0.0021221927748929456,0.0021221927748929456,-0.0021221927748929456,轻工制造,False,pipeline_b_frozen_replay,-0.00011179178101882511
2021-01-29,801150.SI,0.10950207203601237,0.10873739798367738,-0.03956402843973922,-0.021629764519325297,-1.9918004141598914e-05,-0.0019501251934583546,-1.3713866267668125e-05,-0.001980378779412067,医药生物,False,pipeline_b_frozen_replay,3.3782844555546587e-06
2021-01-29,801160.SI,0.017848851613797484,0.02725436069771163,-0.1710526315789469,0.010622938983426599,-5.836116971906948e-05,-0.004951451530069488,0.0017087512292496892,-0.0033426144499262836,公用事业,False,pipeline_b_frozen_replay,-4.155297938741517e-05
2021-01-29,801170.SI,0.032825848899480016,0.025134021443430948,0.039482640462997036,0.04496782314307006,0.0003119027007496475,-0.00013786469910209142,-4.21910787400305e-05,0.000165828958848503,交通运输,False,pipeline_b_frozen_replay,3.398203594097741e-05
2021-01-29,801180.SI,0.05897965516639474,0.028854616738678188,0.06805696333049444,0.054907587077377515,0.001521002543721754,0.00037942021213636495,0.0003961254649256507,0.002429638847741206,房地产,False,pipeline_b_frozen_replay,0.00013309062695743626
2021-01-29,801200.SI,0.03157817160301097,0.015712514002240358,0.06771992645472628,-0.006154416396199192,-0.00016773739434999203,0.0011607516464514714,0.00117206502915472,0.002235172812331526,商贸零售,False,pipeline_b_frozen_replay,7.009353107532675e-05
2021-01-29,801210.SI,0.0,0.004850776124179869,0.0,0.05216620283382171,-0.00023161613096059244,-0.00025304657119542656,0.00025304657119542656,-0.00025304657119542656,社会服务,False,pipeline_b_frozen_replay,-2.1430440234834118e-05
2021-01-29,801230.SI,0.0,0.013522163546167386,0.0,-0.007980655801084795,0.0001676558467572076,0.0001079157329479381,-0.0001079157329479381,0.0001079157329479381,综合,False,pipeline_b_frozen_replay,-5.97401138092695e-05
2021-01-29,801710.SI,0.018739376342613374,0.022113538166106575,-0.12554509983933904,0.006948054464697846,-8.537013990932537e-06,-0.002929892424450167,0.00044705334312687516,-0.002506282941445627,建筑材料,False,pipeline_b_frozen_replay,-1.490684613140265e-05
2021-01-29,801720.SI,0.01776529205043642,0.012792046727476395,0.11276596607278422,0.05483144759916361,0.00025071873845707097,0.0007411010674483992,0.0002881225730368749,0.0013019138808089423,建筑装饰,False,pipeline_b_frozen_replay,2.1971501866597295e-05
2021-01-29,801730.SI,0.07644151519128548,0.07204152664426307,-0.052909128464439036,-0.07210234240253294,-0.0003366883683310791,0.001382708433310233,8.4449921508164e-05,0.0011499088740337636,电力设备,False,pipeline_b_frozen_replay,1.943888754644572e-05
2021-01-29,801740.SI,0.03388667188301596,0.03938630180828932,-0.012311329540649533,-0.03791805606510904,0.00023283231355702307,0.0010085542592146897,-0.0001408275194822087,0.0010762620155763479,国防军工,False,pipeline_b_frozen_replay,-2.4297037713156113e-05
2021-01-29,801750.SI,0.03902025047226662,0.04640742518803008,-0.09657932822132953,-0.03381231391029421,0.000282413568664623,-0.002912855520915385,0.00046367090110244327,-0.002199407149413359,计算机,False,pipeline_b_frozen_replay,-3.2636098265040586e-05
2021-01-29,801760.SI,0.06322885407317179,0.035875740118418945,-0.015353812466008386,-0.011865761548411529,-0.0004454099573936504,-0.00012513640823951758,-9.540905422900706e-05,-0.0005451109902621497,传媒,False,pipeline_b_frozen_replay,0.00012084442960002531
2021-01-29,801770.SI,0.0,0.015192430788926226,0.0,0.010794960914081093,-9.68824414703346e-05,-0.0001640016965563408,0.0001640016965563408,-0.0001640016965563408,通信,False,pipeline_b_frozen_replay,-6.711925508600622e-05
2021-01-29,801780.SI,0.0,0.018202912465994557,0.0,0.04095349408570899,-0.0006650534840447698,-0.0007454728680187865,0.0007454728680187865,-0.0007454728680187865,银行,True,pipeline_b_frozen_replay,-8.041938397401662e-05
2021-01-29,801790.SI,0.005317473991949,0.03530564890382461,0.04532195115116193,-0.011111476230642858,0.00046569886482320644,0.001992418773581482,-0.0016923354912021925,0.0006332961751129558,非银金融,True,pipeline_b_frozen_replay,-0.00013248597208954027
2021-01-29,801880.SI,0.06561431788207957,0.037025924147863654,0.011351328655301229,0.014560166569115338,0.0002899499525625262,-0.00011881018919967024,-9.173552170939773e-05,0.000205706063804569,汽车,False,pipeline_b_frozen_replay,0.00012630182215111075
2021-01-29,801890.SI,0.03559788898330006,0.04004640742518803,0.012932348842553662,-0.020325690735745226,0.0001100724998159011,0.0013318650031155857,-0.00014794900240510257,0.0012743352107925576,机械设备,False,pipeline_b_frozen_replay,-1.965328973382646e-05
2021-01-29,801950.SI,0.016537396154315775,0.008801408225316049,0.07157057654075505,0.05833158867276727,0.0004170753315695312,0.00011652173671616703,0.00010241665033892727,0.000670190852906999,煤炭,False,pipeline_b_frozen_replay,3.417713428237356e-05
2021-01-29,801960.SI,0.03106518046501282,0.011831893102896462,0.07196151168498177,0.13012628203687368,0.0024177846568340902,-0.0006881993451581064,-0.001118699742529443,0.0006958570880914422,石油石化,False,pipeline_b_frozen_replay,8.497151894490147e-05
2021-01-29,801970.SI,0.0,0.0033305328852616415,0.0,0.11110076221477845,-0.0003553106460551913,-0.0003700247421339536,0.0003700247421339536,-0.0003700247421339536,环保,False,pipeline_b_frozen_replay,-1.4714096078762332e-05
2021-01-29,801980.SI,0.0,0.004800768122899663,0.0,0.04971875230432435,-0.00021747869331166538,-0.0002386882011729445,0.0002386882011729445,-0.0002386882011729445,美容护理,False,pipeline_b_frozen_replay,-2.120950786127908e-05
2021-01-29,999999.SI,0.018648672358228074,0.01607257161145783,-0.12928991486000163,-0.01574076916151273,-5.193086698075766e-05,-0.0018250267756588215,-0.00029251403902900053,-0.002158090621879533,未分类,False,pipeline_b_frozen_replay,1.1381059789046521e-05
2021-02-26,801010.SI,0.05488505657468786,0.028729425411491767,-0.06076436459808982,-0.08946005681752313,-0.0017269848395453286,0.0008244107492493338,0.0007505539416640935,-0.0007649195590442737,农林牧渔,False,pipeline_b_frozen_replay,-0.0006128994104123725
2021-02-26,801030.SI,0.1268874408123845,0.09480810383792324,-0.023028795284188976,-0.05476310745976308,-0.0010050558137029903,0.0030086699639669014,0.001018015693932991,0.0022699214799295183,基础化工,False,pipeline_b_frozen_replay,-0.0007517083642673839
2021-02-26,801040.SI,0.016628755499136148,0.025779484410311793,0.08355795148247958,0.12085992486178021,-0.0013203835168747052,-0.0009616256412055463,0.0003413402462458706,-0.001726241803594884,钢铁,False,pipeline_b_frozen_replay,0.00021442710823949668
2021-02-26,801050.SI,0.06926382888676574,0.06058878822423551,-0.00651920519448266,-0.0819652542767983,-0.0005077715083268288,0.0045711846902037,0.00065449754361634,0.004514630320054184,有色金属,False,pipeline_b_frozen_replay,-0.00020328040543902623
2021-02-26,801080.SI,0.051127398500816504,0.06884862302753944,-0.043056094583814965,-0.0649580159600494,0.0007358778540836521,0.0015079171284111722,-0.00038812886627488294,0.002270923847774776,电子,False,pipeline_b_frozen_replay,0.00041525773155483433
2021-02-26,801110.SI,0.01091620132896577,0.010279794404111918,0.27587490692479544,-0.07542062251247121,-3.308541666658036e-05,0.003611245817698747,0.00022356690760407682,0.003786814518859099,家用电器,False,pipeline_b_frozen_replay,-1.4912789777144463e-05
2021-02-26,801120.SI,0.07116682162944801,0.04268914621707565,0.04062982872948658,-0.004584423458500103,0.0005367576622966788,0.0019301578227486965,0.0012875967978226315,0.0030872008973672964,食品饮料,False,pipeline_b_frozen_replay,-0.0006673113855007106
2021-02-26,801130.SI,0.0,0.004459910801783964,0.0,0.05989809140273082,-0.00037164829775732973,-0.0002671401448532824,0.0002671401448532824,-0.0002671401448532824,纺织服饰,False,pipeline_b_frozen_replay,0.0001045081529040474
2021-02-26,801140.SI,0.01670011629022034,0.02726945461090778,0.059055118110235456,-0.01753142217907721,-6.237355226525522e-05,0.002088473184225872,-0.0008094690551287051,0.001464299661350637,轻工制造,False,pipeline_b_frozen_replay,0.0002476690845187256
2021-02-26,801150.SI,0.10667208636754956,0.10593788124237515,-0.008820714433401074,-0.021720577904891913,1.2571148408128827e-06,0.0013665842044856497,9.471145874818784e-06,0.0013601079907409465,医药生物,False,pipeline_b_frozen_replay,-1.7204474460334783e-05
2021-02-26,801160.SI,0.0,0.02739945201095978,0.0,0.1920603811139345,-0.005904394798580697,-0.005262349195537894,0.005262349195537894,-0.005262349195537894,公用事业,False,pipeline_b_frozen_replay,0.0006420456030428023
2021-02-26,801170.SI,0.03283991429083333,0.026749465010699785,0.026538923953789813,0.04758847111399019,0.0004325513881712866,-0.000563064125252855,-0.00012820119934897945,-0.00040143015496297706,交通运输,False,pipeline_b_frozen_replay,-0.00014271621853242922
2021-02-26,801180.SI,0.047371577972859916,0.02995940081198376,-0.006269524719512751,0.00032053730668802423,0.0004135971419246837,-0.00019743430961878284,-0.00011474732750137039,-0.0003066003847494313,房地产,False,pipeline_b_frozen_replay,-0.00040801588955396176
2021-02-26,801200.SI,0.030542047690531756,0.017679646407071856,0.01158794618430424,0.03043541753285284,0.0006928745007482005,-0.000333216629109757,-0.00024242373966354522,-0.00018416781523609792,商贸零售,False,pipeline_b_frozen_replay,-0.0003014019472109962
2021-02-26,801210.SI,0.0,0.005129897402051958,0.0,0.08472382114432933,-0.0005548323181411432,-0.0004346245099802098,0.0004346245099802098,-0.0004346245099802098,社会服务,False,pipeline_b_frozen_replay,0.00012020780816093352
2021-02-26,801230.SI,0.0,0.013409731805363891,0.0,0.05379090230603029,-0.0010355490018429062,-0.0007213215734923963,0.0007213215734923963,-0.0007213215734923963,综合,False,pipeline_b_frozen_replay,0.00031422742835050994
2021-02-26,801710.SI,0.0,0.02218955620887582,0.0,0.051356946808507296,-0.0016595510671031724,-0.0011395878579236183,0.0011395878579236183,-0.0011395878579236183,建筑材料,False,pipeline_b_frozen_replay,0.0005199632091795543
2021-02-26,801720.SI,0.01663748460678785,0.013469730605387892,0.16955684007707172,0.06067498299192319,0.0002664327342075628,0.0014666092827512955,0.00034491093846133764,0.0020037236413701725,建筑装饰,False,pipeline_b_frozen_replay,-7.422931405002371e-05
2021-02-26,801730.SI,0.07292394516885975,0.06636867262654747,0.013908518238470514,-0.07886550279577077,-0.00036337654062528445,0.006157288630269989,0.0006081589927256637,0.0062484627579828846,电力设备,False,pipeline_b_frozen_replay,-0.00015360832438748428
2021-02-26,801740.SI,0.01616155147124982,0.0378092438151237,-0.041945328225439615,-0.08193299101178354,0.001266394355173654,0.0015119032918858263,-0.0008656406215493478,0.002419922852572952,国防军工,False,pipeline_b_frozen_replay,0.0005072658270628193
2021-02-26,801750.SI,0.05350771551531993,0.04466910661786764,-0.01868037511201272,-0.04296090986831705,-0.000172601414678336,0.001084589795768199,0.00021460615053197103,0.000919481266095417,计算机,False,pipeline_b_frozen_replay,-0.00020711326552641691
2021-02-26,801760.SI,0.06396059694739561,0.03518929621407572,0.031866331332657274,-0.013639338018645149,0.00028177035002539716,0.0016013124782227677,0.0013092572979773402,0.0025181482802622652,传媒,False,pipeline_b_frozen_replay,-0.0006741918459632398
2021-02-26,801770.SI,0.0,0.015379692406151876,0.0,-0.07911773051295456,0.0008564172578920471,0.001216806359162058,-0.001216806359162058,0.001216806359162058,通信,False,pipeline_b_frozen_replay,0.00036038910127001106
2021-02-26,801780.SI,0.0,0.018809623807523847,0.0,-0.011885973181982288,-0.00021719127911735172,0.000223570684139404,-0.000223570684139404,0.000223570684139404,银行,True,pipeline_b_frozen_replay,0.00044076196325675574
2021-02-26,801790.SI,0.00470093912263477,0.03477930441391172,-0.11082452866024345,-0.03114894302035366,0.00023208927143463762,-0.0027710614473264203,0.0023965113696730253,0.0005623592089499741,非银金融,True,pipeline_b_frozen_replay,0.0007048200151687313
2021-02-26,801880.SI,0.06692480801275853,0.0370592588148237,-0.03272320687183154,-0.03813953303026473,-0.0004392249597409222,0.00020072503293087535,0.0001617615553567478,-0.0007765715118140085,汽车,False,pipeline_b_frozen_replay,-0.0006998331403607095
2021-02-26,801890.SI,0.03531141812052732,0.039289214215715684,0.17625471238484874,0.005852822476513977,-0.00011649219465737406,0.006694956355371365,-0.0006778239722900914,0.0059938510486883655,机械设备,False,pipeline_b_frozen_replay,9.321086026446539e-05
2021-02-26,801950.SI,0.0,0.009289814203715925,0.0,0.08142260884869054,-0.0009740871728674717,-0.0007564009081861713,0.0007564009081861713,-0.0007564009081861713,煤炭,False,pipeline_b_frozen_replay,0.00021768626468130045
2021-02-26,801960.SI,0.015851232868305636,0.013369732605347892,0.1223631749645146,-0.1228454898669735,-0.00024669264104645324,0.0032783742813113693,0.0006084853662588549,0.0035820185321621565,石油石化,False,pipeline_b_frozen_replay,-5.814847436161471e-05
2021-02-26,801970.SI,0.0,0.00366992660146797,0.0,0.0469596508518673,-0.00025833509095060496,-0.0001723384718569158,0.0001723384718569158,-0.0001723384718569158,环保,False,pipeline_b_frozen_replay,8.599661909368915e-05
2021-02-26,801980.SI,0.0,0.0050198996020079595,0.0,0.0022882081334711646,-0.00012911682791877388,-1.1486575098523275e-05,1.1486575098523275e-05,-1.1486575098523275e-05,美容护理,False,pipeline_b_frozen_replay,0.0001176302528202506
2021-02-26,999999.SI,0.019019042694467553,0.013919721605567887,-0.11477045908183647,-0.066121148910589,-0.00021768164922389795,-0.000677184853886687,-0.0002480784533166633,-0.001262436276265392,未分类,False,pipeline_b_frozen_replay,-0.00011949131983814403
2021-03-31,801010.SI,0.036351277400051174,0.02681,-0.012480475105016306,-0.017152720565957156,-0.0005158385079717296,0.0001252629008078242,4.457919002396661e-05,6.183225746430817e-06,农林牧渔,False,pipeline_b_frozen_replay,0.0003521796428863696
2021-03-31,801030.SI,0.12180425653449563,0.09243,0.04834707368677536,0.05216330940154865,0.000448020468659278,-0.00035273466711649524,-0.00011209908688185493,0.0010674246780510077,基础化工,False,pipeline_b_frozen_replay,0.0010842379633900798
2021-03-31,801040.SI,0.016845186512054452,0.02795,0.3301886792452837,0.1507717293690569,-0.0012644003560176823,0.00501470374904054,-0.001992391764951574,0.001348020050190587,钢铁,False,pipeline_b_frozen_replay,-0.0004098915778806972
2021-03-31,801050.SI,0.06761121151148089,0.056960000000000004,-0.037902862217798414,0.07122778485994921,0.0003655136005305683,-0.006216081657548505,-0.0011623736044098635,-0.006619793059920794,有色金属,False,pipeline_b_frozen_replay,0.0003931486015070068
2021-03-31,801080.SI,0.09298023118394157,0.06627,0.11911196437947959,0.06279953286946167,0.0006914843510617123,0.0037318248361688866,0.0015041180641624545,0.0069133329415182005,电子,False,pipeline_b_frozen_replay,0.0009859056901251467
2021-03-31,801110.SI,0.0,0.0097,0.0,0.051116128748819684,-0.00013778817025952844,-0.0004958264488635509,0.0004958264488635509,-0.0004958264488635509,家用电器,False,pipeline_b_frozen_replay,-0.0003580382786040224
2021-03-31,801120.SI,0.013582480959839223,0.04358,0.03292785234899265,0.13134734441179405,-0.002832851157699249,-0.004289121464096885,0.0029523405870768376,-0.0052768753418873954,食品饮料,False,pipeline_b_frozen_replay,-0.001107243307168099
2021-03-31,801130.SI,0.0,0.00488,0.0,0.016061320119119402,0.00010174723200298905,-7.837924218130268e-05,7.837924218130268e-05,-7.837924218130268e-05,纺织服饰,False,pipeline_b_frozen_replay,-0.00018012647418429173
2021-03-31,801140.SI,0.017263034640421407,0.02768,0.029465930018416575,0.008981758336725746,0.00029093963821051567,0.0005670018721492022,-0.00021338290682783415,0.0002600562998595897,轻工制造,False,pipeline_b_frozen_replay,-0.000384502303672294
2021-03-31,801150.SI,0.09326776637477655,0.10605,0.12470159640366275,0.10060298673333015,-0.0008141237742650677,0.0025556575555387728,-0.00030803405884926064,0.0009616926168688287,医药生物,False,pipeline_b_frozen_replay,-0.00047180710555561577
2021-03-31,801160.SI,0.0631733501303848,0.03376,-0.08697380012841205,-0.12612730055724458,-0.004795507405760656,0.0013218221744773862,0.0011516356169434228,-0.0012363686608697043,公用事业,False,pipeline_b_frozen_replay,0.001085680953470143
2021-03-31,801170.SI,0.016323581315344348,0.02862,0.14285714285714302,-0.02429777510443999,0.0007526507270112863,0.004783973752060505,-0.002055406856454892,0.00302734251139541,交通运输,False,pipeline_b_frozen_replay,-0.00045387511122148934
2021-03-31,801180.SI,0.05836897550570653,0.02819,-0.012846769737037984,0.007222021414514509,-0.0008959878689282483,-0.0005657392225622647,-0.0006056555565918426,-0.000953441571783786,房地产,False,pipeline_b_frozen_replay,0.0011139410762985697
2021-03-31,801200.SI,0.03152154036694999,0.01744,-0.02011795860808084,0.016326301080544014,-0.00028986656044348763,-0.0006355878889696176,-0.0005131913139489793,-0.0009188797352099369,商贸零售,False,pipeline_b_frozen_replay,0.0005197660281521477
2021-03-31,801210.SI,0.0,0.00608,0.0,0.030106247083205463,4.13738872096218e-05,-0.0001830459822658892,0.0001830459822658892,-0.0001830459822658892,社会服务,False,pipeline_b_frozen_replay,-0.00022441986947551102
2021-03-31,801230.SI,0.0,0.01455,0.0,0.1329527158358504,-0.0013974045975055894,-0.0019344620154116232,0.0019344620154116232,-0.0019344620154116232,综合,False,pipeline_b_frozen_replay,-0.0005370574179060336
2021-03-31,801710.SI,0.016993549331143516,0.02112,0.05646359583952454,0.0075444074455517035,0.00012118046703799105,0.0010331732588807062,-0.00020186261766822557,0.000800179016062658,建筑材料,False,pipeline_b_frozen_replay,-0.00015231209218781374
2021-03-31,801720.SI,0.034932267898472584,0.01456,0.042850589311266986,-0.04876379214087511,-0.0017453931330773922,0.0013339053939431889,0.0018663927222958966,0.0022068690789997457,建筑装饰,False,pipeline_b_frozen_replay,0.0007519640958380525
2021-03-31,801730.SI,0.05751179633969944,0.06322,0.07284140538131464,0.06785586918893963,-0.00017663868660344992,0.0003151855980819486,-2.8458455941875988e-05,-0.00010060797873710867,电力设备,False,pipeline_b_frozen_replay,-0.00021069643427373136
2021-03-31,801740.SI,0.05083558254360056,0.03623,-0.01585551604176746,-0.031818826317906126,-0.001003841528445194,0.0005783507313045039,0.00023315344590725033,0.0003467716829850863,国防军工,False,pipeline_b_frozen_replay,0.0005391090342185261
2021-03-31,801750.SI,0.037829267145814006,0.04389,0.03395002825585326,0.006799685581170699,0.00018249761892084713,0.0011916285399918177,-0.0001645509738508566,0.0009858664883410251,计算机,False,pipeline_b_frozen_replay,-0.00022370869672078304
2021-03-31,801760.SI,0.04881750051920909,0.03559,-0.012708493205364237,-0.014243651456039832,-0.0006766503313736476,5.463628214154442e-05,2.0306306557879557e-05,-0.00011346531833077633,传媒,False,pipeline_b_frozen_replay,0.00048824242434344727
2021-03-31,801770.SI,0.016431317964665616,0.01453,-0.08566433566433551,-0.06905097601141279,-0.00020146771798755248,-0.00024139211575696716,-3.15872791615529e-05,-0.0004042672560867137,通信,False,pipeline_b_frozen_replay,7.017985681935881e-05
2021-03-31,801780.SI,0.0,0.018959999999999998,0.0,-0.04790358055888964,0.0016080875329978121,0.0009082518873965474,-0.0009082518873965474,0.0009082518873965474,银行,True,pipeline_b_frozen_replay,-0.0006998356456012645
2021-03-31,801790.SI,0.004502674383303947,0.03442,-0.08360754560241619,-0.03342243773737702,0.0021041932273565575,-0.0017273714127146482,0.001501404213107391,0.000773942753085601,非银金融,True,pipeline_b_frozen_replay,-0.001104283274663699
2021-03-31,801880.SI,0.06570438539584955,0.03634,0.0005327783145349479,0.08526468363711838,0.0014198714227904724,-0.0030791574394226817,-0.002488100323216976,-0.0030635127316641264,汽车,False,pipeline_b_frozen_replay,0.0010838736081850583
2021-03-31,801890.SI,0.018964152032650793,0.04149,0.23315789473684245,0.00880845913321677,0.0006330372289783061,0.00930825808319443,-0.005053661277967874,0.004056178793965107,机械设备,False,pipeline_b_frozen_replay,-0.0008314552402397561
2021-03-31,801950.SI,0.0,0.01027,0.0,0.09707235559885256,-0.0006178554506328642,-0.0009969330920002158,0.0009969330920002158,-0.0009969330920002158,煤炭,False,pipeline_b_frozen_replay,-0.0003790776413673516
2021-03-31,801960.SI,3.1620390449103294e-08,0.01204,-0.2171428571428573,0.05315995176090046,-0.00019563490598628836,-0.003254445819201243,0.0032544372721208864,-0.0006400526853431676,石油石化,False,pipeline_b_frozen_replay,-0.00044440923227652255
2021-03-31,801970.SI,0.0,0.00394,0.0,-0.027469486048092077,0.0002536597562356527,0.00010822977502948278,-0.00010822977502948278,0.00010822977502948278,环保,False,pipeline_b_frozen_replay,-0.00014542998120616992
2021-03-31,801980.SI,0.0,0.00516,0.0,0.17611050625552183,-0.0007182686125262497,-0.0009087302122784926,0.0009087302122784926,-0.0009087302122784926,美容护理,False,pipeline_b_frozen_replay,-0.00019046159975224294
2021-03-31,999999.SI,0.0183845785486333,0.01729,0.03202247191011276,0.0017927702398128939,-3.8439839096125864e-05,0.0005226715418794847,3.3088782979894495e-05,0.0005577226527065065,未分类,False,pipeline_b_frozen_replay,4.0402166943253204e-05
2021-04-30,801010.SI,0.03769471571801629,0.025461018440737625,-0.04076430889621564,-0.023042311701171797,-0.0007343328193681997,-0.0004512200973897118,-0.000216805548832948,-0.0009499183121434915,农林牧渔,False,pipeline_b_frozen_replay,0.000452440153447368
2021-04-30,801030.SI,0.06593504728324812,0.09193367734709387,-0.009140841150728437,0.051896942884222454,-0.0003877392636569792,-0.005611427943450773,0.0015868987670415986,-0.005373778595900606,基础化工,False,pipeline_b_frozen_replay,-0.0009615101558344526
2021-04-30,801040.SI,0.017799424860650857,0.032281291251650066,-0.14385150812064962,-0.03510659144701231,0.0010439934024276977,-0.0035104263272781036,0.0015748293539679576,-0.0014271880065311181,钢铁,False,pipeline_b_frozen_replay,-0.0005355844356486701
2021-04-30,801050.SI,0.0332125066232085,0.05881235249409976,0.05353214598160275,0.0461077071929274,-0.000233588320830546,0.00043664871111044146,-0.00019006448866795545,-0.0009337659751566399,有色金属,False,pipeline_b_frozen_replay,-0.0009467618767685799
2021-04-30,801080.SI,0.048108161091006865,0.06792271690867634,0.03019058022546962,0.05619884329936511,-0.00038075125026875106,-0.0017665518900545833,0.0005153421803983339,-0.0023647648270999793,电子,False,pipeline_b_frozen_replay,-0.0007328038671749789
2021-04-30,801110.SI,0.015203148672204625,0.009750390015600623,0.08492744063324542,0.004643249168639435,-0.00017634144778230621,0.000782802178867063,0.00043777031999708344,0.0012458910159632143,家用电器,False,pipeline_b_frozen_replay,0.0002016599648813741
2021-04-30,801120.SI,0.02121032888871324,0.04733189327573102,0.10060490289716606,0.05953607176664758,-0.0005891186827590576,0.0019438655320287205,-0.0010727821166753987,-0.0006840919166492747,食品饮料,False,pipeline_b_frozen_replay,-0.0009660566492435388
2021-04-30,801130.SI,0.03400511819429301,0.004770190807632305,0.0028494770503640814,0.02001212878235818,-0.0004961453589744667,-8.186912352655292e-05,-0.0005017488771473941,1.4351311307971547e-06,纺织服饰,False,pipeline_b_frozen_replay,0.001081198490779211
2021-04-30,801140.SI,0.016742883629782792,0.027031081243249728,-0.06238859180035705,-0.030477434289036803,0.0006940473950609649,-0.0008625930912546364,0.00032830829455093245,-0.0002207269299866402,轻工制造,False,pipeline_b_frozen_replay,-0.00038048952834390115
2021-04-30,801150.SI,0.13929837495919453,0.11130445217808711,0.01293085551987249,0.010112308498943684,-0.0007522190995767595,0.0003137168321026603,7.890218765880136e-05,0.0006757022030196274,医药生物,False,pipeline_b_frozen_replay,0.0010353022828349253
2021-04-30,801160.SI,0.05816178616982603,0.028121124844993798,-0.020573671532266722,0.05534904327856766,0.0005517248273688983,-0.0021350321417663333,-0.0022807685624940998,-0.0027530788404755,公用事业,False,pipeline_b_frozen_replay,0.001110997036416035
2021-04-30,801170.SI,0.01586776748719468,0.026971078843153723,0.04672897196261672,0.04429674390485302,-8.120557132938322e-05,6.559981471047535e-05,-2.700578541404988e-05,-0.0004532465103343386,交通运输,False,pipeline_b_frozen_replay,-0.00041063496830138086
2021-04-30,801180.SI,0.032866133084107976,0.027351094043761747,0.0463622731895391,0.0789793663419914,0.00023161100168875537,-0.0008921131822468602,-0.0001798845421183841,-0.0006364234356073546,房地产,False,pipeline_b_frozen_replay,0.00020396328706913435
2021-04-30,801200.SI,0.047034478805306076,0.01707068282731309,0.007634481638016724,0.010877747918408927,-0.0007822156976287211,-5.5364769997094786e-05,-9.718056912797618e-05,0.00017339328020217205,商贸零售,False,pipeline_b_frozen_replay,0.0011081543169559642
2021-04-30,801210.SI,0.0,0.006080243209728389,0.0,0.023580856348783236,8.148895248125242e-05,-0.00014337734169426984,0.00014337734169426984,-0.00014337734169426984,社会服务,False,pipeline_b_frozen_replay,-0.00022486629417552226
2021-04-30,801230.SI,0.0,0.015880635225409015,0.0,0.01122894379455281,0.00040899249481420724,-0.00017832276036791335,0.00017832276036791335,-0.00017832276036791335,综合,False,pipeline_b_frozen_replay,-0.0005873152551821206
2021-04-30,801710.SI,0.017139800683412545,0.022830913236529457,0.12719298245614064,0.01588794382655351,0.00012005495633686865,0.0025411956797406635,-0.000633449502570006,0.001817326100616142,建筑材料,False,pipeline_b_frozen_replay,-0.0002104750328913844
2021-04-30,801720.SI,0.0173827333422551,0.013380535221408855,0.07270029673590495,0.0050766725473931525,-0.0001276958779095751,0.0009048402852536979,0.00027064314165207455,0.001195801276235101,建筑装饰,False,pipeline_b_frozen_replay,0.00014801372723890365
2021-04-30,801730.SI,0.035896101126691754,0.06544261770470819,0.021284903119004984,0.031069508351571105,0.00017472628406202395,-0.000640330179626312,0.0002891010007133612,-0.0012692249224934666,电力设备,False,pipeline_b_frozen_replay,-0.0010927220276425397
2021-04-30,801740.SI,0.004080502419807921,0.03403136125445017,0.03883495145631066,0.11951000101346546,-0.00247175130850218,-0.0027454817557002052,0.002416287020764111,-0.003908621904618351,国防军工,False,pipeline_b_frozen_replay,-0.0011076758611800771
2021-04-30,801750.SI,0.07163721348898272,0.04259170366814672,0.0729841859292587,0.08035008970000383,0.0012596160790911374,-0.000313726390651661,-0.00021394643031251052,0.001806136498522344,计算机,False,pipeline_b_frozen_replay,0.001074193240395378
2021-04-30,801760.SI,0.06412805663628737,0.03385135405416216,0.007365664703341207,0.05708682056384757,0.0006086741117318508,-0.0016831284510161809,-0.001505392648028043,-0.0014601204114734615,传媒,False,pipeline_b_frozen_replay,0.0011197265758389116
2021-04-30,801770.SI,0.016918280117737303,0.013050522020880834,0.11291048133153381,0.05098369190109387,5.415086990968934e-05,0.0008081769291444069,0.00023951784123190972,0.001244887357534408,通信,False,pipeline_b_frozen_replay,0.00014304171724840217
2021-04-30,801780.SI,0.0,0.017340693627745107,0.0,0.02367602489123559,0.0002307540594927486,-0.0004105586939617835,0.0004105586939617835,-0.0004105586939617835,银行,True,pipeline_b_frozen_replay,-0.0006413127534545321
2021-04-30,801790.SI,0.002052283382199696,0.03185127405096204,0.21399446970068636,0.06053696196775854,-0.0007018810604649112,0.004887817133979111,-0.004572878840985041,-0.0014890020717983885,非银金融,True,pipeline_b_frozen_replay,-0.001102059304327547
2021-04-30,801880.SI,0.06513027738842461,0.03797151886075443,-0.05392188938811398,0.052634992506746615,0.0004250857389402641,-0.004046126650613881,-0.00289395262484399,-0.005510578223861411,汽车,False,pipeline_b_frozen_replay,0.001004415312656196
2021-04-30,801890.SI,0.05629594515839703,0.03992159686387455,0.03142679536779576,0.0033204723871732024,-0.0005512037278024058,0.0011220492953582667,0.00046022272176305496,0.0016366425884912401,机械设备,False,pipeline_b_frozen_replay,0.0006055742991723243
2021-04-30,801950.SI,0.032184146679633985,0.010830433217328692,0.06835295381283743,0.07640700492842392,0.0008418465884489165,-8.722886273631114e-05,-0.00017198389973299423,0.0013723605272852072,煤炭,False,pipeline_b_frozen_replay,0.0007897267013055962
2021-04-30,801960.SI,0.016060233987065232,0.012150486019440777,0.061475339895366805,-0.015127137719097199,-0.0002037379291470519,0.0009307573333090701,0.00029949638116814843,0.001171110418524003,石油石化,False,pipeline_b_frozen_replay,0.0001445946331938364
2021-04-30,801970.SI,0.0,0.0036701468058722344,0.0,0.006709253194505423,0.00011110949325658313,-2.4623944181602163e-05,2.4623944181602163e-05,-2.4623944181602163e-05,环保,False,pipeline_b_frozen_replay,-0.0001357334374381853
2021-04-30,801980.SI,0.0,0.005840233609344373,0.0,-0.016407131966362704,0.00031181147663254626,9.58214835428999e-05,-9.58214835428999e-05,9.58214835428999e-05,美容护理,False,pipeline_b_frozen_replay,-0.00021598999308964636
2021-04-30,999999.SI,0.01794467918777096,0.017170686827473098,-0.07722402812119894,0.06583317579330668,2.232973169898876e-05,-0.0024563904468299343,-0.00011072518291540076,-0.0025161612546271694,未分类,False,pipeline_b_frozen_replay,2.8624643419176542e-05
2021-05-31,801010.SI,0.018583031747432623,0.023751662616383146,-0.13014618803857692,-0.07062871615248295,0.0004981174731764538,-0.001413638912018573,0.0003076238424323602,-0.0007409613070461446,农林牧渔,False,pipeline_b_frozen_replay,-0.00013306371063638578
2021-05-31,801030.SI,0.06947680451211952,0.09580670646945287,0.09069008071362959,0.04092068291660581,-0.0003995879521821725,0.004768242085900892,-0.0013104233644711588,0.002380381152208376,基础化工,False,pipeline_b_frozen_replay,-0.0006778496170391848
2021-05-31,801040.SI,0.016361893327378703,0.030272119048333383,0.15945945945945894,0.019956751345599495,8.050860285290015e-05,0.004223042587587656,-0.001940514158548241,0.002004925513165161,钢铁,False,pipeline_b_frozen_replay,-0.0003581115187271549
2021-05-31,801050.SI,0.06990609832696945,0.06016421149480464,0.01028592734839028,-0.06171292699216797,-0.0008520001551501587,0.004331754299928979,0.0007014046910312369,0.004431958640120867,有色金属,False,pipeline_b_frozen_replay,0.00025079980431080926
2021-05-31,801080.SI,0.06748643184585741,0.06906483453841769,0.24047446754821733,0.17090006480311,-0.00022911396693067713,0.004805144613700071,-0.0001098164246261507,0.004425579066629964,电子,False,pipeline_b_frozen_replay,-4.063515551327827e-05
2021-05-31,801110.SI,0.015304743338176944,0.009460662246357245,-0.1288318144159072,0.0699970610581689,0.00025861567606684554,-0.0018810528356832574,-0.0011619720716658213,-0.0026339564063360852,家用电器,False,pipeline_b_frozen_replay,0.000150452824946148
2021-05-31,801120.SI,0.04212894222435114,0.048093366535657496,0.030852729334180116,-0.006959880442443251,0.00019506267858896586,0.0018185357016569338,-0.0002255304490256329,0.001634516932745995,食品饮料,False,pipeline_b_frozen_replay,-0.0001535509984742717
2021-05-31,801130.SI,0.031777020506073415,0.004670326922884603,-0.006439626543446244,-0.005160686420014061,-0.0008377368584709448,-5.973068491222681e-06,-3.466783803712186e-05,-0.00018053005199458933,纺织服饰,False,pipeline_b_frozen_replay,0.0006978477130047
2021-05-31,801140.SI,0.0,0.025311771824027683,0.0,-0.0665002268301486,0.0023348769546247938,0.001683238567770805,-0.001683238567770805,0.001683238567770805,轻工制造,False,pipeline_b_frozen_replay,-0.0006516383868539887
2021-05-31,801150.SI,0.13843829415420456,0.10942765993619553,-0.04658528032076201,-0.02974290450310448,-0.001609724196468532,-0.0018430217734922312,-0.0004886080042083032,-0.0031944903008212723,医药生物,False,pipeline_b_frozen_replay,0.0007468636733477941
2021-05-31,801160.SI,0.0589772817335453,0.028541997939855793,-0.00688060527291106,-0.05175150151055181,-0.002358612170142861,0.0012807050279742252,0.001365658461069791,0.0010712918538208207,公用事业,False,pipeline_b_frozen_replay,0.0007835405349196657
2021-05-31,801170.SI,0.03225947558122848,0.027101897132799296,-0.019892640796356297,0.038643644719440706,6.652845734915542e-05,-0.0015864443885852998,-0.0003019054846273719,-0.00168904224403893,交通运输,False,pipeline_b_frozen_replay,0.0001327791718245862
2021-05-31,801180.SI,0.03333528763264841,0.02851199583970878,-0.020910964040241002,-0.0749907850056573,-0.00048587557379164043,0.001541923630378145,0.000260842756626137,0.001441063949140395,房地产,False,pipeline_b_frozen_replay,0.00012417313592775342
2021-05-31,801200.SI,0.03213972595596244,0.016501155080855662,-0.029282106372387557,-0.01355348598167416,-0.0006145640159746736,-0.00025954040427507034,-0.0002459731447478212,-0.0007174707001520691,商贸零售,False,pipeline_b_frozen_replay,0.000402606864845496
2021-05-31,801210.SI,0.0,0.006070424929745083,0.0,-0.09355744716949602,0.0007242133888670112,0.0005679334596610171,-0.0005679334596610171,0.0005679334596610171,社会服务,False,pipeline_b_frozen_replay,-0.0001562799292059941
2021-05-31,801230.SI,0.0,0.015401078075465284,0.0,0.18937017190781613,-0.002520012066345503,-0.002916504802716559,0.002916504802716559,-0.002916504802716559,综合,False,pipeline_b_frozen_replay,-0.0003964927363710553
2021-05-31,801710.SI,0.017339836710820147,0.022261558309081636,0.030394517233181206,-0.016856312954960845,0.00020966923955506586,0.001051877111385839,-0.00023255543147276473,0.0009022837594505601,建筑材料,False,pipeline_b_frozen_replay,-0.00012670716001758002
2021-05-31,801720.SI,0.0,0.012930905163361437,0.0,-0.031815943821139156,0.0007443083730961775,0.0004114089522339857,-0.0004114089522339857,0.0004114089522339857,建筑装饰,False,pipeline_b_frozen_replay,-0.00033289942086219167
2021-05-31,801730.SI,0.03440543768082526,0.06494454611822828,0.17018004378989762,0.14481767306052473,-0.0036363891749327183,0.0016471476555013607,-0.000774544189933935,-0.0035499991556803166,电力设备,False,pipeline_b_frozen_replay,-0.000786213446315024
2021-05-31,801740.SI,0.006654764349065646,0.03666256637964658,-0.014966933518969827,0.004886044019386278,0.0006259157978534351,-0.0007278611068336131,0.0005957442196885599,-0.00027873632879150067,国防军工,False,pipeline_b_frozen_replay,-0.0007725352394998826
2021-05-31,801750.SI,0.07481694790663793,0.04419309351654616,0.009678875157133867,0.05660934765231572,0.0009452012328791918,-0.0020740027597552693,-0.0014371919561506556,-0.0017775982962833252,计算机,False,pipeline_b_frozen_replay,0.000788395186743408
2021-05-31,801760.SI,0.06460882197409762,0.034292400468032766,-0.0029043306241018506,-0.02374471849120346,-0.001500335381533448,0.0007146669266477796,0.0006318059829289323,0.0006266180152545355,传媒,False,pipeline_b_frozen_replay,0.0007804804872112716
2021-05-31,801770.SI,0.01672415495145366,0.013180922664586522,0.002853648593558411,0.033687129188693224,2.8142653377159464e-05,-0.00040641372320450117,-0.00010925018396117305,-0.00039630258337243203,通信,False,pipeline_b_frozen_replay,9.121867041608274e-05
2021-05-31,801780.SI,0.0,0.016891182382766795,0.0,-0.04537553990179331,0.0012013012161267377,0.000766446520197703,-0.000766446520197703,0.000766446520197703,银行,True,pipeline_b_frozen_replay,-0.0004348546959290347
2021-05-31,801790.SI,0.002767956626025743,0.032832298260878266,-0.03778326602278239,-0.03233864160413025,0.0017462307913677308,-0.0001787595328316481,0.00016368904859581833,0.0009571694849577971,非银金融,True,pipeline_b_frozen_replay,-0.000773990822174104
2021-05-31,801880.SI,0.06747037219818398,0.038492694488614206,0.026830129298887354,0.0634659096129872,0.0010930794491127607,-0.0014102098989826322,-0.0010616198345805865,-0.000632735059253389,汽车,False,pipeline_b_frozen_replay,0.0007460152251970689
2021-05-31,801890.SI,0.05393058730175812,0.038842718990329324,0.19157865681406536,0.08071538806387553,0.0008293938317427784,0.004306230794412982,0.0016726903994774035,0.007196744339704011,机械设备,False,pipeline_b_frozen_replay,0.0003884293140708475
2021-05-31,801950.SI,0.0,0.01189083235826508,0.0,0.12826289209494476,-0.0012190292596708774,-0.0015251525476872314,0.0015251525476872314,-0.0015251525476872314,煤炭,False,pipeline_b_frozen_replay,-0.000306123288016354
2021-05-31,801960.SI,2.5465183591370626e-08,0.011610812756892982,0.014285714285713793,0.13367862334774042,-0.0012532003875537995,-0.0013862487116199425,0.0013862456712575937,-0.0015521171015014993,石油石化,False,pipeline_b_frozen_replay,-0.00029891367358535095
2021-05-31,801970.SI,0.0,0.0035502485173962177,0.0,0.002766987530131038,8.15758062415016e-05,-9.82349337650154e-06,9.82349337650154e-06,-9.82349337650154e-06,环保,False,pipeline_b_frozen_replay,-9.139929961800313e-05
2021-05-31,801980.SI,0.01672316262492005,0.005580390627343915,0.14834803608016478,0.0469508721169253,0.0002362979995728422,0.0005658357834197157,0.0011298454792432208,0.00221884412574919,美容护理,False,pipeline_b_frozen_replay,0.0002868648635134111
2021-05-31,999999.SI,0.018333072627748834,0.013690958367085697,0.30283325592196886,0.13560011350409662,0.0005099624059542302,0.002289581990440002,0.0007763153552735142,0.003695368566358423,未分类,False,pipeline_b_frozen_replay,0.00011950881469067684
2021-06-30,801010.SI,0.01823905202601003,0.02295885205739713,0.013714285714285126,-0.012715837656287676,3.970008253525535e-05,0.0006068052923237354,-0.00012474489711399446,0.0005420766061790007,农林牧渔,False,pipeline_b_frozen_replay,2.0316128434004358e-05
2021-06-30,801030.SI,0.048146856900196114,0.07810609469526524,-0.06802719996700411,0.05194333495827272,-0.0016851406709963853,-0.009370429961515298,0.0035942257842280136,-0.007332386901171103,基础化工,False,pipeline_b_frozen_replay,0.00012895794711256618
2021-06-30,801040.SI,0.02703869570106827,0.030608469576521174,0.23208460231665343,0.10374784634300876,-0.0003857222534657398,0.0039281916907687245,-0.000458133198735091,0.003099702140523859,钢铁,False,pipeline_b_frozen_replay,1.5365901955965034e-05
2021-06-30,801050.SI,0.03460942289351912,0.05914704264786761,0.27738697782408095,0.2371220175544294,-0.005924030782485182,0.0023815533222837745,-0.0009880062845206588,-0.00442486286437142,有色金属,False,pipeline_b_frozen_replay,0.0001056208803506464
2021-06-30,801080.SI,0.07472294152210132,0.07651617419129043,0.0737340446603527,0.11207219420904825,-0.00020869039469895967,-0.0029334885290397314,6.874922224697869e-05,-0.0030657108267561246,电子,False,pipeline_b_frozen_replay,7.718874735588091e-06
2021-06-30,801110.SI,0.015401723440429492,0.009949502524873756,-0.0812796208530806,-0.14502161570859132,-0.0007672210911635974,0.0006342011387553938,0.00034753543755046163,0.00019104668993178754,家用电器,False,pipeline_b_frozen_replay,-2.346879521047051e-05
2021-06-30,801120.SI,0.038864675503735055,0.04006799660016999,-0.15209006522377347,-0.17355790416218797,0.00020366625581395956,0.0008601732975973892,-2.5832703489461565e-05,0.001043186481639322,食品饮料,False,pipeline_b_frozen_replay,5.17963171743456e-06
2021-06-30,801130.SI,0.017125696056990467,0.00431978401079946,-0.1864548494983279,-0.0908093653308904,-0.0011077743774765307,-0.0004131678332116695,-0.0012248276578635591,-0.002800892236473038,纺织服饰,False,pipeline_b_frozen_replay,-5.512236792127841e-05
2021-06-30,801140.SI,0.0,0.01878906054697265,0.0,-0.13711348965753883,0.002495357146272323,0.0025762336589822054,-0.0025762336589822054,0.0025762336589822054,轻工制造,False,pipeline_b_frozen_replay,8.087651270988205e-05
2021-06-30,801150.SI,0.12235419160043463,0.09143542822858858,-0.07149548293140552,-0.08432958353345447,-0.0024742782645467464,0.0011734914844771325,0.0003968145196052186,-0.0010370604344348538,医药生物,False,pipeline_b_frozen_replay,-0.00013308817397045844
2021-06-30,801160.SI,0.06168386528453584,0.03143842807859607,0.058094903800390015,-0.012148391307678242,-0.0002372435291809944,0.002208338781258603,0.0021245391713293742,0.003965444546138411,公用事业,False,pipeline_b_frozen_replay,-0.0001301898772685722
2021-06-30,801170.SI,0.04792445619054107,0.028548572571371434,-0.0436609567899154,-0.10723476500714244,-0.001994365865265892,0.0018149414775279556,0.0012317987092444016,0.0009689718600649606,交通运输,False,pipeline_b_frozen_replay,-8.340246144150458e-05
2021-06-30,801180.SI,0.006547400102532875,0.03644817759112044,-0.11019283746556474,-0.11588846361158084,0.0033364488561143713,0.0002075951932626236,-0.0001703036500502089,0.0035024467071565705,房地产,False,pipeline_b_frozen_replay,0.0001287063078297848
2021-06-30,801200.SI,0.03201081699352584,0.018439078046097696,-0.06960219009711267,-0.08606098924688621,-0.001109578450493076,0.00030348508206772066,0.00022337452544887878,-0.0006411376720995613,商贸零售,False,pipeline_b_frozen_replay,-5.841882912308483e-05
2021-06-30,801210.SI,0.0,0.005319734013299335,0.0,-0.26465678265030296,0.0013850051761353788,0.0014079036885151861,-0.0014079036885151861,0.0014079036885151861,社会服务,False,pipeline_b_frozen_replay,2.2898512379807348e-05
2021-06-30,801230.SI,0.0,0.007699615019249038,0.0,0.14516999460334534,-0.001150895654499835,-0.0011177530707922195,0.0011177530707922195,-0.0011177530707922195,综合,False,pipeline_b_frozen_replay,3.3142583707615556e-05
2021-06-30,801710.SI,0.03691680840617506,0.019819009049547524,0.040219906839161504,-0.015598834325637228,-0.00019310917071060894,0.001106272136279497,0.0009543776367752548,0.0017939440335577321,建筑材料,False,pipeline_b_frozen_replay,-7.359656878641076e-05
2021-06-30,801720.SI,0.01670363928001269,0.01729913504324784,-0.005082527216422772,0.010142634828276882,-8.603175937625665e-06,-0.00026338213426659073,9.06651949218726e-06,-0.0002603555108426836,建筑装饰,False,pipeline_b_frozen_replay,2.563279869345549e-06
2021-06-30,801730.SI,0.037023721085997094,0.04930753462326884,0.09389394104850382,0.14375941034821413,-0.0018187888135785433,-0.0024587433540010153,0.0006125381268261901,-0.003612119018120422,电力设备,False,pipeline_b_frozen_replay,5.287502263294627e-05
2021-06-30,801740.SI,0.005830394869569045,0.03595820208989551,-0.15586690017513116,0.013629797398184982,-0.0005403194537107555,-0.0060947965049112035,0.005106563828970846,-0.001398868584404983,国防军工,False,pipeline_b_frozen_replay,0.0001296835452461306
2021-06-30,801750.SI,0.0857213396312177,0.055597220138993056,0.028922873202026092,-0.04348077294460839,-0.0011801523281811958,0.0040254414536801935,0.0021810960881939673,0.00489671754207649,计算机,False,pipeline_b_frozen_replay,-0.00012966767161647508
2021-06-30,801760.SI,0.06825296572740164,0.0368281585920704,-0.045892170097087674,-0.09476279901163046,-0.002842636270084458,0.0017998152721590028,0.001535750088221849,0.0003576626778362072,传媒,False,pipeline_b_frozen_replay,-0.00013526641246018687
2021-06-30,801770.SI,0.03307857308754865,0.02263886805659717,0.21257304500118426,0.05425766744976496,0.0006113711994028759,0.0035840809437169474,0.0016527658435005349,0.005803280831060485,通信,False,pipeline_b_frozen_replay,-4.493715555987238e-05
2021-06-30,801780.SI,0.0,0.018279086045697716,0.0,-0.06158067585702145,0.0010469571181745056,0.001125638472742715,-0.001125638472742715,0.001125638472742715,银行,True,pipeline_b_frozen_replay,7.868135456820914e-05
2021-06-30,801790.SI,0.009213490176370187,0.039978001099945,-0.188833088637594,-0.10098920290361293,0.0029744592333877606,-0.0035118229604965377,0.002702474182232318,0.002297534657627094,非银金融,True,pipeline_b_frozen_replay,0.0001324242025035529
2021-06-30,801880.SI,0.0684143769777087,0.03980800959952003,-0.11369033393189222,-0.014218484480580312,-0.0002836046023205168,-0.003959776337839836,-0.002845528269192104,-0.0072120437976444934,汽车,False,pipeline_b_frozen_replay,-0.00012313458829203705
2021-06-30,801890.SI,0.059503892765313815,0.038758062096895154,-0.17252620677905442,-0.11901976775331895,-0.0023798646222862267,-0.0020738058863431896,-0.001110035523697976,-0.005653005358046036,机械设备,False,pipeline_b_frozen_replay,-8.929932571864405e-05
2021-06-30,801950.SI,0.016276747321757625,0.015719214039298036,0.039085082145901895,0.13399692885970138,7.710761997475375e-05,-0.00149193963335926,-5.291651344264602e-05,-0.0014701483992152525,煤炭,False,pipeline_b_frozen_replay,-2.3998723881000616e-06
2021-06-30,801960.SI,2.436264510594089e-08,0.012949352532373382,-0.04596332583216378,-0.004144780273841815,-2.0675750467937065e-06,-0.0005415230888258282,0.0005415220700154439,5.367110114700961e-05,石油石化,False,pipeline_b_frozen_replay,5.573969500418771e-05
2021-06-30,801970.SI,0.0,0.003479826008699565,0.0,0.035043566664352765,-0.0001369242408593939,-0.00012194551471621182,0.00012194551471621182,-0.00012194551471621182,环保,False,pipeline_b_frozen_replay,1.4978726143182101e-05
2021-06-30,801980.SI,0.0,0.006999650017499126,0.0,-0.19597868097253618,0.0013416525561464907,0.0013717821776988684,-0.0013717821776988684,0.0013717821776988684,美容护理,False,pipeline_b_frozen_replay,3.0129621552377542e-05
2021-06-30,999999.SI,0.018393663158631095,0.026788660566971653,0.12767857142857109,0.05779667967836838,-0.0005213387963607683,0.001872042277874037,-0.0005866583001328871,0.000800181001630558,未分类,False,pipeline_b_frozen_replay,3.6135820250176556e-05
2021-07-30,801010.SI,0.0342309178845419,0.022811368682120928,-0.08184917060171788,-0.011317691482070418,-0.0009891689887176745,-0.0016089195738935923,-0.0008054376961263416,-0.0025436002047572576,农林牧渔,False,pipeline_b_frozen_replay,0.0008599260539803506
2021-07-30,801030.SI,0.09080860435723268,0.08226493589615377,0.055391675508425164,0.15395688343120026,0.0006719928974424285,-0.008108460511358162,-0.0008421084582894979,-0.007635212400310513,基础化工,False,pipeline_b_frozen_replay,0.0006433636718947196
2021-07-30,801040.SI,0.004870198247396165,0.035212112726763604,0.09595202398800606,0.14495911154422783,-0.0021135004692267455,-0.0017256430914400548,0.0014869688595137531,-0.004637011197406347,钢铁,False,pipeline_b_frozen_replay,-0.0022848364962533003
2021-07-30,801050.SI,0.053219449771511204,0.0735644138648319,0.6940829688175488,0.18848156265139815,-0.0023026142557943446,0.03719427109384768,-0.010286442453982787,0.023073178015469223,有色金属,False,pipeline_b_frozen_replay,-0.0015320363686013236
2021-07-30,801080.SI,0.07692379772759914,0.09437566253975238,-0.09264928903832592,-0.08790346679764406,0.0028482567982747505,-0.00044789011826024274,8.282344816689002e-05,0.001169012748978732,电子,False,pipeline_b_frozen_replay,-0.001314177379202666
2021-07-30,801110.SI,0.0,0.008400504030241814,0.0,-0.06519215008388687,0.0011802298835338826,0.0005476469195198209,-0.0005476469195198209,0.0005476469195198209,家用电器,False,pipeline_b_frozen_replay,-0.0006325829640140617
2021-07-30,801120.SI,0.037389201275206244,0.03310198611916715,-0.08795520536158064,0.046281434435815505,-0.0001244215982741342,-0.004443499387257048,-0.0005755013566351576,-0.004820582276735747,食品饮料,False,pipeline_b_frozen_replay,0.00032284006543059195
2021-07-30,801130.SI,0.016567705297509835,0.003950237014220853,-0.016632016632016855,0.042403672422211644,-0.0004151059354114907,-0.0002332049640620463,-0.0007448809342238387,-0.0004430589064036538,纺织服饰,False,pipeline_b_frozen_replay,0.0009501329272937219
2021-07-30,801140.SI,0.03373687506674908,0.016360981658899536,0.058086829038853496,0.03694034898693747,-0.0006665849398257123,0.00034597717227968306,0.00036743898333330957,0.001355287722058781,轻工制造,False,pipeline_b_frozen_replay,0.0013084565062715006
2021-07-30,801150.SI,0.0896985644185955,0.08384503070184211,-0.13738533183462576,-0.012011366056369,-0.000511097452594937,-0.010511984009889641,-0.0007338807358861113,-0.011316173681970975,医药生物,False,pipeline_b_frozen_replay,0.00044078851639971564
2021-07-30,801160.SI,0.04890031514065182,0.030841850511030663,0.29304108822554603,0.1252363830209024,0.0009017206416575115,0.005175407632969188,0.003030295333622063,0.010467279759715904,公用事业,False,pipeline_b_frozen_replay,0.0013598561514671405
2021-07-30,801170.SI,0.05473973397593314,0.025301518091085464,0.011259869880874684,0.10083098354621238,0.0007514989599802569,-0.002266285152842214,-0.002636813781126441,-0.0019348146724537311,交通运输,False,pipeline_b_frozen_replay,0.0022167853015346664
2021-07-30,801180.SI,0.01731789334290669,0.03162189731383883,0.020722320899940083,0.047691597265910095,0.00039495328916730357,-0.0008528196878732443,0.0003857686362320014,-0.0011492318483129174,房地产,False,pipeline_b_frozen_replay,-0.0010771340858389783
2021-07-30,801200.SI,0.046453117061821786,0.016831009860591634,0.051804696092188934,-0.00369246152767595,-0.0023400113563609064,0.000934073207134754,0.0016439427523792045,0.002468637468304723,商贸零售,False,pipeline_b_frozen_replay,0.0022306328651516714
2021-07-30,801210.SI,0.0,0.003940236414184851,0.0,0.21011111605536031,-0.0005311759373854685,-0.00082788747050635,0.00082788747050635,-0.00082788747050635,社会服务,False,pipeline_b_frozen_replay,-0.0002967115331208815
2021-07-30,801230.SI,0.0,0.010390623437406245,0.0,0.2484367530580469,-0.0017989678685492276,-0.00258141274903805,0.00258141274903805,-0.00258141274903805,综合,False,pipeline_b_frozen_replay,-0.0007824448804888218
2021-07-30,801710.SI,0.02064097903509839,0.019551173070384224,0.21568627450980427,0.15455072275780013,8.636466572687762e-05,0.0011952717530568644,6.662588895542565e-05,0.001430327941524626,建筑材料,False,pipeline_b_frozen_replay,8.206563378545823e-05
2021-07-30,801720.SI,0.0,0.017441046462787768,0.0,0.23333466980106704,-0.0027562380920933137,-0.004069600817379652,0.004069600817379652,-0.004069600817379652,建筑装饰,False,pipeline_b_frozen_replay,-0.0013133627252863381
2021-07-30,801730.SI,0.041577112142342706,0.056453387203232196,0.4182751356295659,0.1907753571386422,-0.0017177988849177192,0.012843133083797673,-0.003384349281122412,0.006620757115041393,电力设备,False,pipeline_b_frozen_replay,-0.0011202278027161502
2021-07-30,801740.SI,0.03228143056963906,0.036632197931875915,0.265646525292087,0.19371161019032687,-0.0005151684155333026,0.0026351340482203664,-0.0003129720808300171,0.0014793678160879278,国防军工,False,pipeline_b_frozen_replay,-0.00032762573576911903
2021-07-30,801750.SI,0.06934665064437864,0.053033181990919456,0.0012892442376848212,0.022027218640333458,-0.000869112418332606,-0.0010998007706186942,-0.00033830829535384755,-0.0010787687251605702,计算机,False,pipeline_b_frozen_replay,0.0012284527591445774
2021-07-30,801760.SI,0.06275844505876307,0.03342200532031922,-0.021142402061173023,0.0008691494181159052,-0.002183623505167516,-0.000735670190649275,-0.0006457405535218143,-0.0013559129946428283,传媒,False,pipeline_b_frozen_replay,0.002209121254695777
2021-07-30,801770.SI,0.0,0.023961437686261175,0.0,-0.06446747404512074,0.003349100959477216,0.0015447333621228202,-0.0015447333621228202,0.0015447333621228202,通信,False,pipeline_b_frozen_replay,-0.001804367597354396
2021-07-30,801780.SI,0.0,0.01708102486149169,0.0,0.028644748189457177,0.0007969703708533057,-0.0004892816559752872,0.0004892816559752872,-0.0004892816559752872,银行,True,pipeline_b_frozen_replay,-0.0012862520268285928
2021-07-30,801790.SI,0.006463743363522577,0.03620217213032782,0.01681730814459017,0.07160300262047596,0.00011003143244134958,-0.0019833611416955675,0.0016292404726110851,-0.0024834814620028757,非银金融,True,pipeline_b_frozen_replay,-0.002239392225359743
2021-07-30,801880.SI,0.06570161111477446,0.039912394743684625,0.07391674206302011,0.05937666604868654,-0.0004107270859822032,0.000580329253487262,0.0003749771663857419,0.0024865841079965254,汽车,False,pipeline_b_frozen_replay,0.0019420047741057246
2021-07-30,801890.SI,0.055687465680391485,0.03443206592395544,-0.04291815024015307,0.027518548475712307,-0.001015677136075125,-0.0024252810536504643,-0.0014971601887293644,-0.0033375234938116992,机械设备,False,pipeline_b_frozen_replay,0.0016005948846432548
2021-07-30,801950.SI,0.0,0.017981078864731884,0.0,0.44385091350917333,-0.006626889507018779,-0.007980918279991736,0.007980918279991736,-0.007980918279991736,煤炭,False,pipeline_b_frozen_replay,-0.0013540287729729567
2021-07-30,801960.SI,2.3382470282593162e-08,0.013080784847090826,0.12075471698113203,0.026111679605130875,0.0006434596308398115,0.0012380052091906467,-0.0012380029962026377,-0.00034155843936730523,石油石化,False,pipeline_b_frozen_replay,-0.0009850202831951256
2021-07-30,801970.SI,0.0,0.0035902154129247754,0.0,0.04876726514561371,9.5268922648324e-05,-0.00017508498697197154,0.00017508498697197154,-0.00017508498697197154,环保,False,pipeline_b_frozen_replay,-0.0002703539096202955
2021-07-30,801980.SI,0.0,0.00569034142048523,0.0,-0.01799850626680144,0.0005309172963406543,0.00010241764571684321,-0.00010241764571684321,0.00010241764571684321,美容护理,False,pipeline_b_frozen_replay,-0.00042849965062381106
2021-07-30,999999.SI,0.018763222007565382,0.018721123267396042,-0.18028921722728664,0.04274086092377664,-1.3708240752642034e-06,-0.004175373585403028,-9.389285310029172e-06,-0.0041829635343144135,未分类,False,pipeline_b_frozen_replay,3.1701604739078557e-06
2021-08-31,801010.SI,0.03277612233655436,0.020900627018810566,0.1071657236315738,0.05029519758390357,0.000890018806867826,0.0011886296532859063,0.0006753656657967342,0.0024612757024952865,农林牧渔,False,pipeline_b_frozen_replay,-0.0002927384234551805
2021-08-31,801030.SI,0.11364091797403991,0.08875266257987739,0.06832510846276361,0.011818616879650176,0.000907655893300966,0.005015101581048749,0.001406347993948622,0.006715594330303864,基础化工,False,pipeline_b_frozen_replay,-0.0006135111379944724
2021-08-31,801040.SI,0.00609659283933888,0.03448103443103293,-0.11280487804878038,-0.11922829058969248,0.0026845341251674993,0.00022148590898791873,-0.00018232497808687447,0.003423389381221696,钢铁,False,pipeline_b_frozen_replay,0.0006996943251531521
2021-08-31,801050.SI,0.04785952986682968,0.0811624348730462,-0.12198475983761498,-0.17438504719302342,0.004986591121547103,0.004252934909812244,-0.0017450817920956158,0.008315381778890471,有色金属,False,pipeline_b_frozen_replay,0.0008209375396267399
2021-08-31,801080.SI,0.10636041508802456,0.08003240097202916,0.018638777498376554,-0.006370832223837075,0.0004812707346712208,0.0020015791134421596,0.0006584533578019763,0.002492301110524315,电子,False,pipeline_b_frozen_replay,-0.0006490020953910415
2021-08-31,801110.SI,0.03210051068684778,0.007300219006570197,-0.0036837704866279123,-0.028322842858267704,-9.107198693860992e-05,0.00017987062443170344,0.0006110561815481356,8.85120418801331e-05,家用电器,False,pipeline_b_frozen_replay,-0.0006113427771610961
2021-08-31,801120.SI,0.023272640487675272,0.031420942628278846,0.19606991116261208,0.11609390789114794,-0.0011468290072393225,0.002512921410431716,-0.0006516686386537896,0.0009152845335974515,食品饮料,False,pipeline_b_frozen_replay,0.0002008607690588476
2021-08-31,801130.SI,0.0,0.0038301149034471035,0.0,-0.07348734578595165,0.00018705023867236707,0.0002814649783095441,-0.0002814649783095441,0.0002814649783095441,纺织服饰,False,pipeline_b_frozen_replay,9.441473963717705e-05
2021-08-31,801140.SI,0.0,0.015680470414112423,0.0,0.007521174875680719,-0.0005044690111647189,-0.0001179355601174772,0.0001179355601174772,-0.0001179355601174772,轻工制造,False,pipeline_b_frozen_replay,0.0003865334510472417
2021-08-31,801150.SI,0.08472967429733251,0.07741232236967109,0.00468782109213788,0.019668296681309493,0.00032429717268373556,-0.0011596734055599415,-0.00010961741192970975,-0.0011253709688548545,医药生物,False,pipeline_b_frozen_replay,-0.00018037732404893884
2021-08-31,801160.SI,0.06289326130105666,0.03225096752902587,0.004541563798016506,0.18686304420249644,0.006481264096070992,-0.005880044144368809,-0.005586748363505628,-0.005740880212285567,公用事业,False,pipeline_b_frozen_replay,-0.000755351800482122
2021-08-31,801170.SI,0.015735885276330016,0.0259107773233197,0.008092485549132888,0.05751258576683031,-0.0008360018355049142,-0.0012805132120369013,0.0005028441846664826,-0.0013628533788911526,交通运输,False,pipeline_b_frozen_replay,0.00025081748398417996
2021-08-31,801180.SI,0.03441070501135704,0.030700921027630827,-0.06815822398255403,0.02021281581853308,0.00016643368722641953,-0.002713072314062796,-0.00032783746807930463,-0.002965924601752499,房地产,False,pipeline_b_frozen_replay,-9.144850683681779e-05
2021-08-31,801200.SI,0.031819926968729054,0.015470464113923417,0.02641282285826742,-0.02435489060277013,4.8351559362180035e-06,0.0007854000892449282,0.0008300248454546496,0.0012172355554567328,商贸零售,False,pipeline_b_frozen_replay,-0.00040302453517906305
2021-08-31,801210.SI,0.0,0.004300129003870116,0.0,-0.012514438443203617,-5.218718290460661e-05,5.381369971676705e-05,-5.381369971676705e-05,5.381369971676705e-05,社会服务,False,pipeline_b_frozen_replay,0.00010600088262137367
2021-08-31,801230.SI,0.0,0.012440373211196338,0.0,-0.2895918532449368,0.003295967714728574,0.003602630733289013,-0.003602630733289013,0.003602630733289013,综合,False,pipeline_b_frozen_replay,0.0003066630185604392
2021-08-31,801710.SI,0.0,0.021510645319359582,0.0,-0.13689541206846115,0.002414457728064862,0.0029447086548522452,-0.0029447086548522452,0.0029447086548522452,建筑材料,False,pipeline_b_frozen_replay,0.0005302509267873833
2021-08-31,801720.SI,0.017151015353485084,0.01968059041771253,0.04051565377532307,0.0005956756303549724,-6.386242141845885e-05,0.0007856487393551526,-0.00010098058128001589,0.0006831613518542229,建筑装饰,False,pipeline_b_frozen_replay,6.235561519754497e-05
2021-08-31,801730.SI,0.05848398173752724,0.06374191225736772,-0.04181199861128847,-0.0547986094390163,0.00015851598903592648,0.0008277914079016091,-6.828269742040106e-05,0.0010476359914954308,电力设备,False,pipeline_b_frozen_replay,0.0001296112919782962
2021-08-31,801740.SI,0.04940135760716424,0.0408612258367751,-0.05951869994007494,-0.10102447342508342,-0.0006522426993823134,0.001695976783900963,0.00035446477479389606,0.0011876792436104709,国防军工,False,pipeline_b_frozen_replay,-0.00021051961570207477
2021-08-31,801750.SI,0.021632390707012013,0.05055151654549637,-0.022756289214974166,-0.03002293270681395,0.00015536234109753545,0.00036733984870796236,-0.00021014497756391808,0.0010254318401327447,计算机,False,pipeline_b_frozen_replay,0.0007128746278911649
2021-08-31,801760.SI,0.05291744019599606,0.030980929427882838,0.04060921292506551,0.012729902894254916,0.0008199984296769,0.0008637269365626091,0.0006115747846984436,0.0017545513731779113,传媒,False,pipeline_b_frozen_replay,-0.0005407487777600414
2021-08-31,801770.SI,0.0,0.020960628818864565,0.0,-0.017972371896234726,-0.00013998045804749872,0.0003767122163115692,-0.0003767122163115692,0.0003767122163115692,通信,False,pipeline_b_frozen_replay,0.000516692674359068
2021-08-31,801780.SI,0.0,0.01630048901467044,0.0,0.004378597112574197,-0.0004731905733723441,-7.137327413318341e-05,7.137327413318341e-05,-7.137327413318341e-05,银行,True,pipeline_b_frozen_replay,0.00040181729923916075
2021-08-31,801790.SI,0.0062527307576073984,0.036011080332409975,-0.004377820820069914,0.011023437445627528,-0.0010616013254752422,-0.0005546159486262237,0.0004583160273624422,-0.00042433922628673434,非银金融,True,pipeline_b_frozen_replay,0.0007335620204522895
2021-08-31,801880.SI,0.06947566120300075,0.03995119853595608,-0.10236827880800686,-0.06727167627148226,-0.0012583635334511992,-0.0014021513358742344,-0.001036208331329726,-0.004424519761830853,汽车,False,pipeline_b_frozen_replay,-0.0007277965611756929
2021-08-31,801890.SI,0.06421507699783208,0.033080992429772894,-0.04082930451110155,0.00020840483147336112,0.0007739632463473554,-0.0013575681520969407,-0.0012776715131511596,-0.002628751171600617,机械设备,False,pipeline_b_frozen_replay,-0.000767474752699872
2021-08-31,801950.SI,0.015152449969548634,0.02327069812094363,-0.0618749999999999,-0.017380133989931504,-5.902367870085126e-05,-0.0010354265948521373,0.0003612203637328058,-0.0005331099904845727,煤炭,False,pipeline_b_frozen_replay,0.00020011991933561004
2021-08-31,801960.SI,2.4931986535549968e-08,0.012530375911277338,0.0909090909090906,-0.03928803209018187,0.0001834118042796844,0.0016314188937476964,-0.0016314156476747788,0.0004922960774485364,石油石化,False,pipeline_b_frozen_replay,0.00030888102709593444
2021-08-31,801970.SI,0.016568453931163307,0.0035001050031500947,0.12201365187713265,0.03825366405842262,0.0008220552443597344,0.00029316875242805797,0.0010946047470210389,0.0018876857291395615,环保,False,pipeline_b_frozen_replay,-0.0003221430146692695
2021-08-31,801980.SI,0.017909243932746018,0.00516015480464414,0.11928262692729576,0.03108600291137413,0.000710591281696881,0.0004551082331691507,0.0011244266203766754,0.0019758530752993692,美容护理,False,pipeline_b_frozen_replay,-0.0003142730599433375
2021-08-31,999999.SI,0.01914395916785348,0.019860595817874537,0.01263608087091761,-0.10128551083810784,5.4919365346057315e-05,0.0022625506878618815,-8.164038784742267e-05,0.0022534952091971517,未分类,False,pipeline_b_frozen_replay,1.766554383663549e-05
2021-09-30,801010.SI,0.05201480407915211,0.02235357657225156,-0.030601748719894635,0.026980314568427425,0.0014953201642468811,-0.0012871650609037426,-0.001707954679511667,-0.0021948504917935403,农林牧渔,False,pipeline_b_frozen_replay,-0.0006950509156250118
2021-09-30,801030.SI,0.0810043410384425,0.09218474955992959,-0.03263462247270338,-0.04239547214615356,0.000212008422092759,0.0008998014826391253,-0.00010913028686599676,0.0012646698938284517,基础化工,False,pipeline_b_frozen_replay,0.00026199027596256414
2021-09-30,801040.SI,0.016650490234050987,0.03273523763802208,-0.16039603960396065,-0.1588796032110651,0.0021786247402240315,-4.964090568438115e-05,2.4391496333914134e-05,0.00253028887594267,钢铁,False,pipeline_b_frozen_replay,0.0003769135450691057
2021-09-30,801050.SI,0.03679900935386828,0.06832093134901583,-0.09824581077287507,-0.052571424349027604,0.00091849980736529,-0.0031205166192721035,0.001439744446028746,-2.3619835739508745e-05,有色金属,False,pipeline_b_frozen_replay,0.0007386525301385589
2021-09-30,801080.SI,0.06636227309186246,0.08131301008161305,-0.10911113201122777,0.03571588871895386,-0.0008843191616555071,-0.011776320996723242,0.002165270695946103,-0.010145029159369419,电子,False,pipeline_b_frozen_replay,0.0003503403030632266
2021-09-30,801110.SI,0.01596536345683758,0.007231156985117618,0.02944975458537802,0.02465545253703795,0.0004200142882794527,3.466835074561799e-05,4.18744239779921e-05,0.00029188858783579135,家用电器,False,pipeline_b_frozen_replay,-0.0002046684751672714
2021-09-30,801120.SI,0.017537965848200276,0.03568570971355416,-0.020000000000000462,0.013541923743913683,-0.0006710110609809085,-0.0011969673539594901,0.0006087102408557859,-0.0008340124766524039,食品饮料,False,pipeline_b_frozen_replay,0.0004252556974322087
2021-09-30,801130.SI,0.0,0.0035805728916626653,0.0,-0.06979134956966589,0.0001659895256464565,0.0002498930143416985,-0.0002498930143416985,0.0002498930143416985,纺织服饰,False,pipeline_b_frozen_replay,8.390348869524202e-05
2021-09-30,801140.SI,0.0,0.016102576412225955,0.0,-0.0188425528647224,-7.391768453613136e-05,0.0003034136473055995,-0.0003034136473055995,0.0003034136473055995,轻工制造,False,pipeline_b_frozen_replay,0.00037733133184173086
2021-09-30,801150.SI,0.08508134845082455,0.08039286285805729,-0.11845497296893914,-0.02948939626098316,-2.8395425966319206e-05,-0.007152197407370681,-0.000417113824647482,-0.007707571841527188,医药生物,False,pipeline_b_frozen_replay,-0.000109865183542706
2021-09-30,801160.SI,0.06950923813333243,0.03901624259881581,-0.07459033582765161,-0.11959196116904154,-0.0029321754197013327,0.001755794331660687,0.0013722343605809932,-0.0005186884456499881,公用事业,False,pipeline_b_frozen_replay,-0.0007145417181903355
2021-09-30,801170.SI,0.03212642646664325,0.027704432709233475,-0.10673322866482424,-0.07266144138217723,-0.00021768795418444434,-0.000943939538055411,-0.00015066523066765888,-0.0014159132089194542,交通运输,False,pipeline_b_frozen_replay,-0.00010362048601193991
2021-09-30,801180.SI,0.06300974763827831,0.03200512081933109,-0.06949044264447599,-0.061365283176243346,-0.0011760769412819069,-0.00026004671045711756,-0.00025191753715698864,-0.002414571952132552,房地产,False,pipeline_b_frozen_replay,-0.000726530763236539
2021-09-30,801200.SI,0.03235691171065133,0.015392462794047046,-0.04614637464306567,0.03497448702538551,0.00099085047049968,-0.0012486498450526718,-0.0013761707138453625,-0.002031497660371443,商贸零售,False,pipeline_b_frozen_replay,-0.00039752757197308863
2021-09-30,801210.SI,0.01732255295835849,0.0042706833093294925,0.10310670868977989,0.13313616293744898,0.0020435200291380254,-0.00012824628904379402,-0.0003919405224720571,0.0012174890327156186,社会服务,False,pipeline_b_frozen_replay,-0.0003058441849065558
2021-09-30,801230.SI,0.0,0.009151464234277484,0.0,0.04913188414623666,-0.0006640747480022191,-0.0004496286805269498,0.0004496286805269498,-0.0004496286805269498,综合,False,pipeline_b_frozen_replay,0.00021444606747526938
2021-09-30,801710.SI,0.018969693215823945,0.018903024483917424,-0.09863945578231303,-0.06627899149445378,-2.8564893329744186e-06,-0.000611710648744339,-2.157431117977816e-06,-0.0006182868161772952,建筑材料,False,pipeline_b_frozen_replay,-1.5622469820040586e-06
2021-09-30,801720.SI,0.032151978552797195,0.014002240358457351,-0.05447044548559664,-0.09531352036939487,-0.0013046130105843193,0.0005718945515014155,0.0007412911161927551,-0.0004167297733912241,建筑装饰,False,pipeline_b_frozen_replay,-0.00042530243050107545
2021-09-30,801730.SI,0.04066529564263827,0.062069931188990235,0.16875154454508276,0.0878328555596923,-0.002381604633427588,0.0050226174572264885,-0.0017320350466208877,0.001410552148355013,电力设备,False,pipeline_b_frozen_replay,0.0005015743711770002
2021-09-30,801740.SI,0.031324910250662946,0.03748599775964154,0.047690509981906055,0.07995443586518895,-0.0006369789091361652,-0.0012094454533779833,0.0001987808707501053,-0.0015032708587243233,国防军工,False,pipeline_b_frozen_replay,0.00014437263303972007
2021-09-30,801750.SI,0.03448330399703364,0.05010801728276524,-0.05004449807336645,-0.014542627395572867,-0.00013890919184782354,-0.0017789283494933773,0.0005547065504476464,-0.0009969974155686792,计算机,False,pipeline_b_frozen_replay,0.00036613357532487524
2021-09-30,801760.SI,0.06307120624924589,0.032085133621379415,-0.07019326509933164,-0.021147497478863637,7.081809049242895e-05,-0.00157364000766584,-0.0015197357175772838,-0.0037486536180208157,传媒,False,pipeline_b_frozen_replay,-0.0007260959832701207
2021-09-30,801770.SI,0.0,0.020573291726676265,0.0,-0.020973080534660116,-5.0608204820716256e-05,0.000431485304246638,-0.000431485304246638,0.000431485304246638,通信,False,pipeline_b_frozen_replay,0.00048209350906735425
2021-09-30,801780.SI,0.0,0.016702672427588414,0.0,0.016250559626330954,-0.0006628211432568236,-0.0002714277742035995,0.0002714277742035995,-0.0002714277742035995,银行,True,pipeline_b_frozen_replay,0.0003913933690532241
2021-09-30,801790.SI,0.007016907074271954,0.036905904944791165,-0.06590140682904691,-0.05240587916038527,0.0008659709568983835,-0.0004980646613194256,0.00040336779775016087,0.0014716623470581777,非银金融,True,pipeline_b_frozen_replay,0.000700388253729059
2021-09-30,801880.SI,0.032372499431789034,0.040026404224675946,0.06898411348279376,0.028477300192262623,-0.00039731633324963697,0.0016213420826202754,-0.0003100352923889716,0.0010933442458012654,汽车,False,pipeline_b_frozen_replay,0.00017935378881959844
2021-09-30,801890.SI,0.06347596625158097,0.033795407265162426,0.03387152311803948,-0.0328280962856884,-0.00027885233844429397,0.0022541408021803135,0.0019796819880840122,0.003259466542045124,机械设备,False,pipeline_b_frozen_replay,-0.0006955039097749074
2021-09-30,801950.SI,0.016698274747820527,0.02374379900784125,-0.16191709844559554,-0.18224233007459473,0.0011188951370582655,0.0004825982145867745,-0.0001432019125326543,0.0016233890597973821,煤炭,False,pipeline_b_frozen_replay,0.00016509762068499657
2021-09-30,801960.SI,0.020496573180714395,0.01222195551288206,-0.1050268869823883,-0.07727248485799501,-0.0004455013279784598,-0.00033921306805097403,-0.000229657066178628,-0.0012082704026728742,石油石化,False,pipeline_b_frozen_replay,-0.00019389894046481244
2021-09-30,801970.SI,0.016677995493080404,0.0037005920947351576,-0.012949640287769904,-0.10690263094827905,-0.001083219347327964,0.00034768169451500624,0.0012192658602823907,0.00017962898863715257,环保,False,pipeline_b_frozen_replay,-0.00030409921883228037
2021-09-30,801980.SI,0.018582804282921295,0.0053508561369819164,0.16731517509727656,0.11972346130894958,0.0018942385924010552,0.00025465641379375634,0.0006297310890235308,0.0024685621347096875,美容护理,False,pipeline_b_frozen_replay,-0.000310063960508655
2021-09-30,999999.SI,0.01827184505572871,0.024883981437029922,0.02799961512556548,-0.09059274236143058,0.00044406951594307885,0.0029510500222800265,-0.0007841488414840457,0.002765912748445843,未分类,False,pipeline_b_frozen_replay,0.00015494205170678375
2021-10-29,801010.SI,0.03492415603445942,0.023370934837393494,0.02579775093555997,0.04348605434212689,8.69328878652734e-05,-0.0004133921862989209,-0.00020435688185688238,-0.00011534506335358224,农林牧渔,False,pipeline_b_frozen_replay,0.0004154711169369476
2021-10-29,801030.SI,0.10922578167511242,0.09081363254530181,-0.11088398886688858,-0.047443396547298726,-0.0015356633182570345,-0.005761270639367528,-0.0011680776466718057,-0.007802883178492941,基础化工,False,pipeline_b_frozen_replay,0.0006621284258034286
2021-10-29,801040.SI,0.016505653603929426,0.028241129645185804,-0.14251781472684089,-0.05019407945029064,0.0010110766905744417,-0.0026073265772728694,0.0010834629833772517,-0.0009348121770938128,钢铁,False,pipeline_b_frozen_replay,-0.00042202527377263686
2021-10-29,801050.SI,0.03660195290986408,0.06656266250650025,0.020016687031875084,0.06189035380660705,-0.0007768469813239648,-0.0027872227494361366,0.001254564769984057,-0.003386936896684899,有色金属,False,pipeline_b_frozen_replay,-0.001077431935908855
2021-10-29,801080.SI,0.09205557092158981,0.08630345213808552,0.13575440374359743,0.08209781951605606,0.0002653816135607954,0.0046307484487747705,0.00030863904599392073,0.005411623904491744,电子,False,pipeline_b_frozen_replay,0.00020685479616225702
2021-10-29,801110.SI,0.015523563047154394,0.007530301212048482,0.01697877652933788,0.055759493085782326,0.000158250575159686,-0.00029203047688910224,-0.0003099844215886874,-0.00015631467045035377,家用电器,False,pipeline_b_frozen_replay,0.0002874496528677499
2021-10-29,801120.SI,0.006372546794913444,0.03633145325813032,0.07986728855123348,0.03497088546882737,2.967760583728495e-05,0.0016311515700466158,-0.0013450471404806866,-0.0007615850571305406,食品饮料,False,pipeline_b_frozen_replay,-0.0010773670925337546
2021-10-29,801130.SI,0.0,0.0034001360054402175,0.0,-0.010517278903666894,0.0001580341557654632,3.5760178679614625e-05,-3.5760178679614625e-05,3.5760178679614625e-05,纺织服饰,False,pipeline_b_frozen_replay,-0.00012227397708584854
2021-10-29,801140.SI,0.03259240270731201,0.016090643625745027,0.1891497634103153,0.04635969356766557,0.00017158855247028702,0.002297584127133319,0.002356287331783529,0.005418887953265735,轻工制造,False,pipeline_b_frozen_replay,0.0005934279418786008
2021-10-29,801150.SI,0.05062327021753629,0.07923316932677306,0.05885868369749886,0.05544271678689036,-0.0005573557635368822,0.00027065788464289696,-9.773046867300033e-05,-0.0014132831176450244,医药生物,False,pipeline_b_frozen_replay,-0.0010288547700780387
2021-10-29,801160.SI,0.06636180326768759,0.03586143445737829,0.0012615871208887216,-0.02128007129909438,-0.0017458889114514119,0.0008083762059888335,0.0006875288954054985,0.0008468550784622757,公用事业,False,pipeline_b_frozen_replay,0.0010968388885193555
2021-10-29,801170.SI,0.04694352640807513,0.026321052842113682,-0.054154774277323896,-0.010625385506717225,-0.0009607367307355664,-0.001145739342016048,-0.0008976836692642951,-0.002262544743020769,交通运输,False,pipeline_b_frozen_replay,0.0007416149989951408
2021-10-29,801180.SI,0.016479807086405462,0.03048121924876995,-0.07125000000000015,0.0023185736369973524,0.00047104842122563126,-0.0022424598228485975,0.0010300639216888642,-0.0012448592062801259,房地产,False,pipeline_b_frozen_replay,-0.0005035117263460238
2021-10-29,801200.SI,0.030985297861418102,0.016510660426417054,-0.024929909351182472,-0.006827503616548319,-0.0006193552544927077,-0.00029888267398576926,-0.00026202575971011316,-0.0006597340731315777,商贸零售,False,pipeline_b_frozen_replay,0.0005205296150570124
2021-10-29,801210.SI,0.0,0.005020200808032321,0.0,-0.02257432947168182,0.0002938615979283366,0.00011332766705452489,-0.00011332766705452489,0.00011332766705452489,社会服务,False,pipeline_b_frozen_replay,-0.0001805339308738117
2021-10-29,801230.SI,0.0,0.00987039481579263,0.0,-0.12905637032473463,0.0016287914914916055,0.0012738373285982746,-0.0012738373285982746,0.0012738373285982746,综合,False,pipeline_b_frozen_replay,-0.000354954162893331
2021-10-29,801710.SI,0.016946275740316485,0.018100724028961155,0.09242761692650348,0.013270776994416335,2.619526163133799e-05,0.0014327961146153615,-9.138247839411803e-05,0.0013260932104310545,建筑材料,False,pipeline_b_frozen_replay,-4.1515687421527035e-05
2021-10-29,801720.SI,0.033192583201217415,0.020440817632705305,0.06100288354310437,0.03848955827173608,3.223725845655122e-05,0.00046019077617781486,0.0002870846460281477,0.0012380852461227271,建筑装饰,False,pipeline_b_frozen_replay,0.00045857256546021335
2021-10-29,801730.SI,0.06181973606974452,0.06950278011120445,0.07208139040832488,0.05184220849493801,-0.0001220122141258056,0.001406679410156794,-0.00015549852600367053,0.0008528749130799667,电力设备,False,pipeline_b_frozen_replay,-0.0002762937569473513
2021-10-29,801740.SI,0.0157067099897118,0.041521660866434655,0.12650979690435737,0.14470592100846788,-0.002807231991785642,-0.0007555332941344336,0.0004697320498943654,-0.004021377486644604,国防军工,False,pipeline_b_frozen_replay,-0.0009283442506188939
2021-10-29,801750.SI,0.054024491286838894,0.05043201728069122,0.14061418173088364,0.10293029843626814,0.00024058368226383478,0.0019004742535176002,0.00013537837118660865,0.002405627046281524,计算机,False,pipeline_b_frozen_replay,0.0001291907393134806
2021-10-29,801760.SI,0.0623751998293354,0.03199127965118605,0.06587077421990374,0.08830408741038426,0.00159037312177235,-0.0007176703957793029,-0.0006816119973109849,0.0012837419501911503,传媒,False,pipeline_b_frozen_replay,0.001092651221509088
2021-10-29,801770.SI,0.017028410952918877,0.02052082083283331,0.15068493150684947,0.08946122214138708,-0.000186842972429558,0.0012563607706101126,-0.0002138182874729508,0.0007301072270613615,通信,False,pipeline_b_frozen_replay,-0.00012559228364624224
2021-10-29,801780.SI,0.0,0.0172006880275211,0.0,-0.031689098817399446,0.0011636367749480211,0.0005450743026313757,-0.0005450743026313757,0.0005450743026313757,银行,True,pipeline_b_frozen_replay,-0.0006185624723166454
2021-10-29,801790.SI,0.005869801975924243,0.03574142965718628,0.10966275538385019,0.027764063280259217,0.00024487065574571256,0.0029271763428360543,-0.0024464472381007843,-0.00034862865649163267,非银金融,True,pipeline_b_frozen_replay,-0.001074228416972615
2021-10-29,801880.SI,0.049320322660099135,0.04200168006720268,0.15534027493623734,0.09503935864981734,0.0004323697624743893,0.0025327397936213843,0.00044132085432447687,0.0036696197461619767,汽车,False,pipeline_b_frozen_replay,0.00026318933574172613
2021-10-29,801890.SI,0.05495117042060302,0.03355134205368214,-0.06378043684501554,-0.0240436509198905,-0.0012840998434977692,-0.0013332224966878124,-0.0008503603986507532,-0.002698112898338381,机械设备,False,pipeline_b_frozen_replay,0.0007695698404979537
2021-10-29,801950.SI,0.01772915091871176,0.02003080123204928,-0.15690866510538648,-0.018332916553924807,0.00012496675148224973,-0.00277578327481677,0.00031895291507445334,-0.0024146343966115844,煤炭,False,pipeline_b_frozen_replay,-8.277078835151755e-05
2021-10-29,801960.SI,0.019292152561212365,0.011950478019120764,0.01204187808880318,-0.020551933625567197,-0.0004149032069783115,0.00038951163045194406,0.00023929315769311997,0.00047791918025548105,石油石化,False,pipeline_b_frozen_replay,0.0002640175990887285
2021-10-29,801970.SI,0.0,0.003380135205408216,0.0,0.19764111998297262,-0.0005464989892936466,-0.000668053707690755,0.000668053707690755,-0.000668053707690755,环保,False,pipeline_b_frozen_replay,-0.00012155471839710836
2021-10-29,801980.SI,0.01762871692136842,0.006030241209648386,-0.021332150950832296,-0.05942508533178223,-0.0011063389458685934,0.0002297095827004361,0.0004418199742055929,-1.7710851981537774e-05,美容护理,False,pipeline_b_frozen_replay,0.0004170985369810266
2021-10-29,999999.SI,0.018919944936540027,0.015660626425057,0.14427437641723406,0.08462179732627757,0.0001585994211490078,0.0009341967564346359,0.00019442675528885984,0.001404432902223997,未分类,False,pipeline_b_frozen_replay,0.00011720996935149345
2021-11-30,801010.SI,0.03367683146229692,0.023559528809423812,0.09656036249792023,0.04825735906239742,0.0003684845617689466,0.001137996001020897,0.0004886961047999538,0.002114926412683494,农林牧渔,False,pipeline_b_frozen_replay,0.00011974974509369697
2021-11-30,801030.SI,0.11397842842077388,0.08344833103337934,-0.03699160622658085,-0.025725445683680934,-0.0011467586712093985,-0.0009401422944591087,-0.0003439569785567561,-0.002069499635072772,基础化工,False,pipeline_b_frozen_replay,0.0003613583091524909
2021-11-30,801040.SI,0.00451779655890905,0.025609487810243796,0.03305785123966998,0.03333950060050773,-0.00045354237925938884,-7.212895873137326e-06,5.940461359925604e-06,-0.0007044588876528101,钢铁,False,pipeline_b_frozen_replay,-0.00024964407388020955
2021-11-30,801050.SI,0.03756566358243492,0.06821863562728746,-0.033026206868031996,-0.04357255160953223,0.0016984408764146633,0.0007194572491201637,-0.0003232768105365843,0.0017318086449934656,有色金属,False,pipeline_b_frozen_replay,-0.00036281267000477725
2021-11-30,801080.SI,0.10271867689196343,0.09021819563608728,-0.03943738870564336,-0.05204515383255754,-0.0007985468351914716,0.0011374498207537822,0.00015760313164747968,0.0006444634824581859,电子,False,pipeline_b_frozen_replay,0.00014795736524839554
2021-11-30,801110.SI,0.01536891787111039,0.007709845803083939,0.06630648330058975,0.03545428905810803,0.00018089315535597183,0.0002378656602963281,0.0002362991791599182,0.0007457117944729373,家用电器,False,pipeline_b_frozen_replay,9.065379966071926e-05
2021-11-30,801120.SI,0.019174023437610873,0.03606927861442771,-0.08960546282245796,0.016251782485140823,-7.460351598379557e-05,-0.0038181944743556013,0.0017884851717867784,-0.0023042873147333994,食品饮料,False,pipeline_b_frozen_replay,-0.00019997449618078082
2021-11-30,801130.SI,0.0,0.003249935001299974,0.0,0.05721757932593626,-0.00014748674912401787,-0.00018595341374101802,0.00018595341374101802,-0.00018595341374101802,纺织服饰,False,pipeline_b_frozen_replay,-3.846666461700018e-05
2021-11-30,801140.SI,0.01615300688869986,0.01613967720645587,0.015999999999999792,0.04713158564261342,4.7047716141018146e-07,-0.00050245374319692,-4.1497414436759754e-07,-0.0005022404682810161,轻工制造,False,pipeline_b_frozen_replay,1.577718988613223e-07
2021-11-30,801150.SI,0.06794240754540984,0.08105837883242335,0.005175689660077569,0.05623531733527765,-0.0005823384200464796,-0.004138810643138856,0.0006696966105135249,-0.0042066948401109265,医药生物,False,pipeline_b_frozen_replay,-0.00015524238743911626
2021-11-30,801160.SI,0.06526129698902193,0.03387932241355173,0.027766616359131305,0.08725608540453196,0.002366827012424184,-0.0020154629020001343,-0.0018668970050909849,-0.0011440916533710407,公用事业,False,pipeline_b_frozen_replay,0.00037144124129589464
2021-11-30,801170.SI,0.05558300193573505,0.0251794964100718,0.04625317833351944,0.04729102631688618,0.0010779530289656417,-2.6132489571383003e-05,-3.1554216897089044e-05,0.0013801262734712632,交通运输,False,pipeline_b_frozen_replay,0.00035985995097409366
2021-11-30,801180.SI,0.04933445861031739,0.02926941461170777,0.046182288336279693,0.08506242177319519,0.0014692886955916882,-0.001137998745723602,-0.0007801315880835226,-0.00021134909829967395,房地产,False,pipeline_b_frozen_replay,0.00023749253991576255
2021-11-30,801200.SI,0.03129246697513547,0.01661966760664787,0.02413509233114822,0.01195802868578648,1.7885432651060575e-06,0.00020237875021090793,0.00017867161176569706,0.0005565081177257695,商贸零售,False,pipeline_b_frozen_replay,0.00017366921248405845
2021-11-30,801210.SI,0.0,0.0046599068018639625,0.0,0.12023565719728917,-0.0005051316776878559,-0.0005602869568002315,0.0005602869568002315,-0.0005602869568002315,社会服务,False,pipeline_b_frozen_replay,-5.5155279112375664e-05
2021-11-30,801230.SI,0.0,0.008299834003319934,0.0,-0.1415183944948848,0.0012728171262073051,0.0011745791827238892,-0.0011745791827238892,0.0011745791827238892,综合,False,pipeline_b_frozen_replay,-9.823794348341568e-05
2021-11-30,801710.SI,0.019643167480103613,0.015789684206315872,0.08022741629816799,0.091927890333492,0.0003086322452368631,-0.00018474679008196446,-4.508758099050882e-05,0.00012440821672223185,建筑材料,False,pipeline_b_frozen_replay,4.5610342557842056e-05
2021-11-30,801720.SI,0.0,0.020429591408171837,0.0,0.07622406651722126,-0.0013154191626852767,-0.001557226534416142,0.001557226534416142,-0.001557226534416142,建筑装饰,False,pipeline_b_frozen_replay,-0.0002418073717308654
2021-11-30,801730.SI,0.041989689747621614,0.07015859682806344,-0.0017850506883161463,-0.07496554491878431,0.0024451084144577143,0.005134240790393838,-0.0020614145420788667,0.005184523717366895,电力设备,False,pipeline_b_frozen_replay,-0.0003334109454057911
2021-11-30,801740.SI,0.015275712515066271,0.04619907601847963,-0.04328488602970393,0.004428106270492111,0.0002290811195776556,-0.0022042961583458903,0.001475446204734525,-0.0008657818934455369,国防军工,False,pipeline_b_frozen_replay,-0.0003660130594118269
2021-11-30,801750.SI,0.024228099690285783,0.053928921421571574,0.0615217799100671,0.0316788675549772,-0.0005893455061401151,0.0016093960753884903,-0.0008863590198009112,-0.00021785134231181195,计算机,False,pipeline_b_frozen_replay,-0.00035154289175927595
2021-11-30,801760.SI,0.0639210917231793,0.033739325213495736,0.1307974267829231,0.17742536368731873,0.00499777548133268,-0.0015731951272517635,-0.001407313504476726,0.002374502267977853,传媒,False,pipeline_b_frozen_replay,0.00035723541837366255
2021-11-30,801770.SI,0.016919955084463166,0.02155956880862383,-0.06505355017850023,0.01640063058935272,-2.1177503232166737e-05,-0.0017561170150146093,0.00037791593498079406,-0.0014542936708010653,通信,False,pipeline_b_frozen_replay,-5.491508753508335e-05
2021-11-30,801780.SI,0.0,0.01603967920641587,0.0,0.005186057981336374,0.00010666507838939408,-8.318270636650811e-05,8.318270636650811e-05,-8.318270636650811e-05,银行,True,pipeline_b_frozen_replay,-0.00018984778475590217
2021-11-30,801790.SI,0.005548041657314909,0.035489290214195716,0.013507804628491707,0.03783699742839813,-0.0007784983288801583,-0.0008634257839529998,0.0007284464088102731,-0.001267866319792455,非银金融,True,pipeline_b_frozen_replay,-0.00035438861576956996
2021-11-30,801880.SI,0.049323103796948604,0.04385912281754365,0.033053560510091264,-0.058752700689780404,-0.00038569604749791374,0.004026542085384664,0.0005016276649863818,0.0042071461113134135,汽车,False,pipeline_b_frozen_replay,6.467240844028159e-05
2021-11-30,801890.SI,0.06184877965689642,0.03193936121277575,-0.024837584654761446,-0.00488162639297584,-0.0005000184767802613,-0.000637380559270247,-0.0005968711061051527,-0.0013802582718507774,机械设备,False,pipeline_b_frozen_replay,0.0003540118703048835
2021-11-30,801950.SI,0.017256122521317398,0.01875962480750385,0.04143646408839796,0.09779205969086201,-0.00012923493150440358,-0.0010572098293056395,8.473076682770393e-05,-0.0011195096477940288,煤炭,False,pipeline_b_frozen_replay,-1.7795653811689604e-05
2021-11-30,801960.SI,0.018998488533966983,0.01136977260454791,0.01987271609977113,0.05627527019353599,0.00033901354980687574,-0.0004138887622708611,-0.0002777047442866435,-0.0002622854563997142,石油石化,False,pipeline_b_frozen_replay,9.02945003509146e-05
2021-11-30,801970.SI,0.0,0.003919921601567969,0.0,0.020889013470399623,-3.548657966155899e-05,-8.188329513806377e-05,8.188329513806377e-05,-8.188329513806377e-05,环保,False,pipeline_b_frozen_replay,-4.639671547650478e-05
2021-11-30,801980.SI,0.017493091058433302,0.005439891202175957,0.04254041339272274,0.013671013264662328,2.2116172236442027e-05,0.00015704639576873328,0.0003479686494737735,0.0006697945003590271,美容护理,False,pipeline_b_frozen_replay,0.00014266328288007832
2021-11-30,999999.SI,0.034985093132736705,0.018189636207275855,0.02901685639952652,-0.013827484619145267,-0.0004310321930606799,0.0007793229766701064,0.0007195902840788574,0.0012666743384406372,未分类,False,pipeline_b_frozen_replay,0.00019879327075235332
2021-12-31,801010.SI,0.03498309814746005,0.024709752902470974,-0.12508213185779968,-0.12733762848721433,-0.00018631678553233548,5.573276438519227e-05,2.317149557288593e-05,-0.0012292791601692305,农林牧渔,False,pipeline_b_frozen_replay,-0.0011218666345949732
2021-12-31,801030.SI,0.05148223143656143,0.03959960400395996,-0.037916839772475404,-0.094366371784755,0.00017628252668101208,0.0022353791138951334,0.0006707687576466284,0.0017848274334571622,基础化工,False,pipeline_b_frozen_replay,-0.0012976029647656117
2021-12-31,801040.SI,0.03219899062180446,0.03821961780382196,-0.022582424325720704,-0.06203932199037711,-0.00028394701833260485,0.0015080275484676828,-0.0002375552705979131,0.00164398790619897,钢铁,False,pipeline_b_frozen_replay,0.0006574626466618052
2021-12-31,801050.SI,0.015077513196617086,0.045519544804551955,0.03466114847387525,-0.08566118871963198,-0.0007166206007440466,0.00547701801886826,-0.0036628563919853443,0.004421862241459226,有色金属,False,pipeline_b_frozen_replay,0.003324321215320357
2021-12-31,801080.SI,0.05291785536786389,0.07853921460785392,-0.1116856447161381,-0.1401527701553364,0.0007930088136341812,0.0022357856741378928,-0.0007293664474075584,0.0050973236993599605,电子,False,pipeline_b_frozen_replay,0.002797895658995445
2021-12-31,801110.SI,0.015510031074647324,0.01031989680103199,0.012799999999999923,-0.06207098045168167,0.00024461469676459864,0.0007726607916534373,0.0003885904417414563,0.0008390945103557133,家用电器,False,pipeline_b_frozen_replay,-0.0005667714198037792
2021-12-31,801120.SI,0.033490499702308725,0.02812971870281297,-0.07071693586946776,-0.08374742290736295,0.00013645473671741463,0.0003665439349366424,6.985358732692429e-05,-1.2554071214960268e-05,食品饮料,False,pipeline_b_frozen_replay,-0.0005854063301959417
2021-12-31,801130.SI,0.0,0.007019929800701993,0.0,-0.05566722416342643,-0.0003758081728819571,0.0003907800058271953,-0.0003907800058271953,0.0003907800058271953,纺织服饰,False,pipeline_b_frozen_replay,0.0007665881787091524
2021-12-31,801140.SI,0.0,0.013119868801311987,0.0,-0.02663751416882003,-0.0010832311186932,0.0003494806910880079,-0.0003494806910880079,0.0003494806910880079,轻工制造,False,pipeline_b_frozen_replay,0.001432711809781208
2021-12-31,801150.SI,0.07761987913797584,0.0917990820091799,-0.1385399143585497,-0.13639153158443898,0.00038553031866068706,-0.00019721956646769978,3.0462355199116113e-05,0.0017671659849814118,医药生物,False,pipeline_b_frozen_replay,0.0015483928775893083
2021-12-31,801160.SI,0.03528449655610384,0.02768972310276897,-0.0932162209962347,-0.15204857385673887,-0.00032541239685511514,0.0016290515601917585,0.00044681839170218705,0.0009210954795493584,公用事业,False,pipeline_b_frozen_replay,-0.000829362075489472
2021-12-31,801170.SI,0.04888936855134844,0.032839671603283965,-0.007044973723422808,-0.048702995108224394,0.000970985674849093,0.0013680357419194648,0.0006685986186820547,0.0012549660486514513,交通运输,False,pipeline_b_frozen_replay,-0.0017526539867991611
2021-12-31,801180.SI,0.05862008229233322,0.02827971720282797,-0.019526016962082258,-0.018446815477676657,0.002753535943638174,-3.051951278386255e-05,-3.2743367042001937e-05,-0.0006229459961573104,房地产,False,pipeline_b_frozen_replay,-0.0033132190599696205
2021-12-31,801200.SI,0.03352576426109719,0.014319856801431984,-0.01691362758865843,-0.04329384734022827,0.0012658198744359846,0.00037776096923278777,0.0005066560593142827,5.291940295777361e-05,商贸零售,False,pipeline_b_frozen_replay,-0.0020973175000252816
2021-12-31,801210.SI,0.01767617058783009,0.0075399246007539925,-0.015384615384615554,-0.08657671425707719,0.0002293322918457469,0.0005367830576677841,0.0007216206265075142,0.00038084081171276544,社会服务,False,pipeline_b_frozen_replay,-0.0011068951643082798
2021-12-31,801230.SI,0.0,0.0012699873001269988,0.0,-0.04635761589403975,-7.981117252770081e-05,5.8873583449595986e-05,-5.8873583449595986e-05,5.8873583449595986e-05,综合,False,pipeline_b_frozen_replay,0.0001386847559772968
2021-12-31,801710.SI,0.0,0.01965980340196598,0.0,-0.07538303244803647,-0.0006648681049942383,0.0014820155977724194,-0.0014820155977724194,0.0014820155977724194,建筑材料,False,pipeline_b_frozen_replay,0.002146883702766658
2021-12-31,801720.SI,0.016609965115648946,0.016189838101618982,-0.0018656716417913,-0.10825872544524656,3.9616373311707325e-07,0.0017224863162147784,4.4698596007974966e-05,0.0017217024971587522,建筑装饰,False,pipeline_b_frozen_replay,-4.5878578797118154e-05
2021-12-31,801730.SI,0.07803687427147864,0.07524924750752492,-0.13530957742375915,-0.15175240617012717,-0.00011861552284912111,0.0012373104900592923,4.583646948848309e-05,0.0008601178906135522,电力设备,False,pipeline_b_frozen_replay,-0.0003044135460851022
2021-12-31,801740.SI,0.055502936676961975,0.06769932300676992,-0.16581284897597487,-0.19681550361699796,0.0010685719520740747,0.0020988587306099565,-0.0003781203532515309,0.004121176295167046,国防军工,False,pipeline_b_frozen_replay,0.0013318659657345455
2021-12-31,801750.SI,0.05344577246880934,0.05390946090539094,-0.11424764234958111,-0.11587094889409683,3.0924594985678533e-06,8.751158069903521e-05,-7.527084737191732e-07,0.00014048689136324666,计算机,False,pipeline_b_frozen_replay,5.063555963936277e-05
2021-12-31,801760.SI,0.06558572336243554,0.033659663403365965,-0.09559574466811487,-0.13538782227017523,-0.0008360201163140856,0.00133938793820597,0.0012704042554193289,-0.0017126075379001711,传媒,False,pipeline_b_frozen_replay,-0.0034863796152113844
2021-12-31,801770.SI,0.033635537917412764,0.01991980080199198,-0.08296007728612219,-0.08692469047103928,0.00030554543172874824,7.897430490049939e-05,5.437759220865389e-05,-0.0010588843062309431,通信,False,pipeline_b_frozen_replay,-0.0014977816350688446
2021-12-31,801780.SI,0.0,0.01924980750192498,0.0,0.005337368307720195,-0.0022048547712014838,-0.00010274331249048885,0.00010274331249048885,-0.00010274331249048885,银行,True,pipeline_b_frozen_replay,0.002102111458710995
2021-12-31,801790.SI,0.021264368910708202,0.05127948720512795,-0.08295084933901095,-0.07401461511290476,-0.0010561441330393991,-0.00045824550865963885,0.0002682221274032198,0.002031534046873365,非银金融,True,pipeline_b_frozen_replay,0.0032777015611691832
2021-12-31,801880.SI,0.016541286103159684,0.02950970490295097,-0.09099307159353387,-0.1155250841655457,8.200445926087099e-05,0.0007239324516755524,-0.00031814141303559436,0.0019039687119798913,汽车,False,pipeline_b_frozen_replay,0.0014161732140790624
2021-12-31,801890.SI,0.03451514364116403,0.03074969250307497,-0.11671005292467924,-0.07759612247897102,0.00011900920988847949,-0.00120274133379219,-0.0001472815939119284,-0.0016422073354038576,机械设备,False,pipeline_b_frozen_replay,-0.00041119361758821865
2021-12-31,801950.SI,0.017044908129015685,0.026219737802621972,0.044041450777201785,-0.09249526277702555,-0.00015327859911989694,0.0035799568298235424,-0.0012527010910540067,0.0031758840203642007,煤炭,False,pipeline_b_frozen_replay,0.001001906880714562
2021-12-31,801960.SI,0.016077207325483973,0.010649893501064989,-0.08532419439187525,-0.11670897518098629,-4.0744407497562774e-05,0.00033424457295830296,0.0001703350546531017,-0.00012883660682213444,石油石化,False,pipeline_b_frozen_replay,-0.0005926718269359763
2021-12-31,801970.SI,0.016799063153729234,0.015019849801501985,-0.10971786833855768,-0.10582902678723051,6.000682552204197e-06,-5.840981600277404e-05,-6.919078812817427e-06,-0.0002536213123286472,环保,False,pipeline_b_frozen_replay,-0.00019429310006525993
2021-12-31,801980.SI,0.017728292772997322,0.007039929600703993,-0.18749399211765827,-0.11416646656410383,-5.306536423335755e-05,-0.0005162206176908463,-0.0007837512236420093,-0.002520224498067481,美容护理,False,pipeline_b_frozen_replay,-0.0011671872925012679
2021-12-31,999999.SI,0.04993693921704315,0.035079649203507965,-0.1295394755569405,-0.14417781733691323,-0.0005196505080493548,0.0005135078945624975,0.0002174860891423036,-0.0014110976619882195,未分类,False,pipeline_b_frozen_replay,-0.0016224411376436656
2022-01-28,801010.SI,0.033885734594333555,0.024139758602413974,-0.010993031500766885,-0.01034076485332558,-0.0003744582630782696,-1.5745559413638984e-05,-6.3569750862928395e-06,-0.00012288338049852874,农林牧渔,False,pipeline_b_frozen_replay,0.0002736774170796727
2022-01-28,801030.SI,0.05306949581992493,0.03910960890391096,0.2025927244639953,0.07605467378976957,0.0006697061081630003,0.004948853673332234,0.0017664568779850365,0.007777025196856786,基础化工,False,pipeline_b_frozen_replay,0.00039200853737651493
2022-01-28,801040.SI,0.05027256719714053,0.04011959880401196,0.048230765163845696,0.04503048812065778,0.00017208692413727322,0.0001283938310343887,3.249231166874183e-05,0.0006180792653193204,钢铁,False,pipeline_b_frozen_replay,0.00028510619847891666
2022-01-28,801050.SI,0.016737371664311513,0.04656953430465695,0.1090146750524108,0.1502562833355479,-0.0036447508867827496,-0.0019206024917207778,0.0012303263658519636,-0.005172746008068704,有色金属,False,pipeline_b_frozen_replay,-0.0008377189954171405
2022-01-28,801080.SI,0.07103615693145705,0.07561924380756192,0.04791991975349414,-0.012320719154366598,0.00018516490166538112,0.0045553515606968215,-0.00027608808158678894,0.004335730405370585,电子,False,pipeline_b_frozen_replay,-0.00012869797540482862
2022-01-28,801110.SI,0.01540559649734305,0.010859891401085989,0.026398210290827562,-0.05568984496481544,-0.0003807978671596075,0.0008914673654026289,0.0003731480911174075,0.0010114658444537092,家用电器,False,pipeline_b_frozen_replay,0.00012764825509328044
2022-01-28,801120.SI,0.03309651551260798,0.02880971190288097,-0.004149971107070224,0.003744135056270118,-0.00010432765310314914,-0.00022742692429659228,-3.3840482796575594e-05,-0.00024521703541864365,食品饮料,False,pipeline_b_frozen_replay,0.00012037802477767338
2022-01-28,801130.SI,0.0,0.007419925800741993,0.0,0.020516777022281423,5.612647971165755e-05,-0.0001522329631756964,0.0001522329631756964,-0.0001522329631756964,纺织服饰,False,pipeline_b_frozen_replay,-0.00020835944288735394
2022-01-28,801140.SI,0.0,0.014329856701432985,0.0,0.00866530366617838,0.00027822512436389565,-0.00012417255981073808,0.00012417255981073808,-0.00012417255981073808,轻工制造,False,pipeline_b_frozen_replay,-0.0004023976841746337
2022-01-28,801150.SI,0.08305522571189913,0.08937910620893791,0.019065767971905484,0.03316298570489504,-3.2137438623654325e-05,-0.0012599967210073961,8.91491202841618e-05,-0.001380566359245996,医药生物,False,pipeline_b_frozen_replay,-0.0001775813198991072
2022-01-28,801160.SI,0.04834168088400079,0.026329736702632972,0.052353583534580056,0.05181892134711114,0.0005225162971610037,1.4077514620910286e-05,1.1768954226453741e-05,0.0011664816730786636,公用事业,False,pipeline_b_frozen_replay,0.0006181189070702959
2022-01-28,801170.SI,0.05007111658944698,0.035019649803501966,0.0446051652714022,0.04793507295095002,0.00029883189218887654,-0.00011661220081575653,-5.011999483897727e-05,0.0005547609627483418,交通运输,False,pipeline_b_frozen_replay,0.0004226612662141991
2022-01-28,801180.SI,0.06203964615827427,0.03100968990310097,0.024506878856542163,0.0034903911755798855,-0.0007630476341836306,0.0006517147658389818,0.0006521406933776481,0.0014121621447083167,房地产,False,pipeline_b_frozen_replay,0.0008713543196753174
2022-01-28,801200.SI,0.01622708190410618,0.015379846201537983,-0.004970178926441249,-0.02879539603708777,-4.8187771187491184e-05,0.0003664281748799947,2.018557455757842e-05,0.0003622172618453616,商贸零售,False,pipeline_b_frozen_replay,2.3791283595279696e-05
2022-01-28,801210.SI,0.016419533540376445,0.007709922900770991,-0.023166023166022676,-0.03448170728994871,-0.000544897415564375,8.724305216494807e-05,9.855520284016073e-05,-0.00011452398967918946,社会服务,False,pipeline_b_frozen_replay,0.00024457517088007677
2022-01-28,801230.SI,0.0,0.0013599864001359986,0.0,0.25088339222614775,-0.0003030081305140153,-0.0003411980014475465,0.0003411980014475465,-0.0003411980014475465,综合,False,pipeline_b_frozen_replay,-3.8189870933531237e-05
2022-01-28,801710.SI,0.0,0.020439795602043977,0.0,0.00950290136112248,0.0003797339340532837,-0.000194237361447729,0.000194237361447729,-0.000194237361447729,建筑材料,False,pipeline_b_frozen_replay,-0.0005739712955010127
2022-01-28,801720.SI,0.0,0.016119838801611983,0.0,0.034398690327699245,-0.00010183904935693211,-0.0005545013430690811,0.0005545013430690811,-0.0005545013430690811,建筑装饰,False,pipeline_b_frozen_replay,-0.00045266229371214895
2022-01-28,801730.SI,0.0775940968521102,0.07137928620713793,0.03272960111370458,0.02860551243401635,3.2593212415829473e-06,0.00029437450621108355,2.5630430227336033e-05,0.0004977827796182311,电力设备,False,pipeline_b_frozen_replay,0.00017451852193822856
2022-01-28,801740.SI,0.05546576547996969,0.06089939100608994,-0.0031004329750463824,0.03729642597607949,-5.007280292385027e-05,-0.002460144108682479,0.0002195014039719168,-0.0024432975169272416,国防军工,False,pipeline_b_frozen_replay,-0.00015258200929282916
2022-01-28,801750.SI,0.034105188133487355,0.05354946450535494,0.013086240075191853,0.025169978255060843,5.660403857998148e-05,-0.0006470777087548968,0.00023495954477466085,-0.0009015301774455366,计算机,False,pipeline_b_frozen_replay,-0.000546016052045282
2022-01-28,801760.SI,0.061692902704920574,0.032769672303276966,-0.019507497875691497,-0.026640285901148975,-0.0015827183342639387,0.0002337391262029795,0.0002063032714663912,-0.00033048072941521895,传媒,False,pipeline_b_frozen_replay,0.0008121952071793491
2022-01-28,801770.SI,0.0,0.020519794802051978,0.0,0.06435386098157374,-0.0007443102635645697,-0.0013205280220616724,0.0013205280220616724,-0.0013205280220616724,通信,False,pipeline_b_frozen_replay,-0.0005762177584971028
2022-01-28,801780.SI,0.0,0.021769782302176976,0.0,0.0037964515665236858,0.0005286708186870308,-8.264792412397939e-05,8.264792412397939e-05,-8.264792412397939e-05,银行,True,pipeline_b_frozen_replay,-0.0006113187428110102
2022-01-28,801790.SI,0.0230363773153041,0.05314946850531494,0.003230538857679612,-0.007267779706615966,0.0010644630822504342,0.000557980051891791,-0.00031613682426841644,0.00046069854067761135,非银金融,True,pipeline_b_frozen_replay,-0.0008456077691961975
2022-01-28,801880.SI,0.016197288839310577,0.02932970670293297,0.010489510489510856,-0.00498441524688846,0.00043422974626204614,0.00045384570339155803,-0.00020321005876105668,0.0003160930684584512,汽车,False,pipeline_b_frozen_replay,-0.0003687723224340963
2022-01-28,801890.SI,0.05352016792312746,0.03166968330316697,0.007490749673394861,-0.009591605080904292,-0.0008231661694063825,0.0005409927651410028,0.0003732577298315226,0.0007046692756714913,机械设备,False,pipeline_b_frozen_replay,0.0006135849501053485
2022-01-28,801950.SI,0.034647367692190914,0.027279727202727973,0.14620292225177922,0.1572010700318724,0.0009513097530613384,-0.0003000264711762299,-8.10303988937114e-05,0.0007771440984837815,煤炭,False,pipeline_b_frozen_replay,0.00020689121549238442
2022-01-28,801960.SI,0.01907567307704524,0.010569894301056988,0.20918359901281214,0.12080895441068784,0.0007887228859712782,0.0009341106523379304,0.0007516951763922535,0.0027133800691059445,石油石化,False,pipeline_b_frozen_replay,0.00023885135440448275
2022-01-28,801970.SI,0.021372737640313715,0.015059849401505985,0.017647067287835896,0.03322073857349586,3.244616427972775e-05,-0.00023453714419059717,-9.831484629430045e-05,-0.00012313318065976925,环保,False,pipeline_b_frozen_replay,0.00017727264554540063
2022-01-28,801980.SI,0.017781833379768786,0.0069699303006969925,0.08507906868179971,0.010335755713455314,-0.00019186059935027004,0.0005209556818325421,0.0008081174556224696,0.0014408223264778528,美容护理,False,pipeline_b_frozen_replay,0.0003036097883731112
2022-01-28,999999.SI,0.0358528779572289,0.03535964640353596,0.04312218230373864,-0.008053455687961682,-1.7822687388314685e-05,0.0018095524638618847,2.5241439437873565e-05,0.0018308216848381877,未分类,False,pipeline_b_frozen_replay,1.3850468926744153e-05
2022-02-28,801010.SI,0.050757430289929135,0.023271861748939915,-0.08204448003835757,0.00028804403660992944,0.0021811338722535598,-0.0019160311177139108,-0.002262956233615164,-0.0041710702972180096,农林牧渔,False,pipeline_b_frozen_replay,-0.0021732168181424942
2022-02-28,801030.SI,0.015805052310429966,0.04402352188175054,-0.07228915662650615,-0.09997268095204717,0.0005899105416525327,0.0012187262389094285,-0.0007811866888071923,0.0032586156055109195,基础化工,False,pipeline_b_frozen_replay,0.0022311655137561507
2022-02-28,801040.SI,0.03245109817582588,0.0408132650612049,-0.10741531118756348,-0.0818247715606022,2.3056269781514085e-05,-0.0010444334768544383,0.00021399236304755516,-0.0001462087186591128,钢铁,False,pipeline_b_frozen_replay,0.0006611761253662563
2022-02-28,801050.SI,0.022348172695076846,0.0525542043363469,-0.13300086011442755,-0.10842478869048565,0.0008867654024696378,-0.0012915758793984986,0.0007423455910497019,0.0027258523095340325,有色金属,False,pipeline_b_frozen_replay,0.0023883171954131913
2022-02-28,801080.SI,0.09067540375013296,0.07321585726858149,-0.0929190924547953,-0.14890115197619352,-0.0012192628588069225,0.004098774479519926,0.0009774213703468335,0.0024764492657818483,电子,False,pipeline_b_frozen_replay,-0.0013804837252779883
2022-02-28,801110.SI,0.0,0.008760700856068485,0.0,-0.10155139696768692,0.00019697417665726704,0.0008896614103497654,-0.0008896614103497654,0.0008896614103497654,家用电器,False,pipeline_b_frozen_replay,0.0006926872336924983
2022-02-28,801120.SI,0.0346157718079331,0.028172253780302425,-0.08070456558644681,-0.1622030628743802,-0.0005356851165724313,0.002295996348308948,0.0005251370364996083,0.0017759750250405755,食品饮料,False,pipeline_b_frozen_replay,-0.0005094732431955495
2022-02-28,801130.SI,0.0,0.007370589647171773,0.0,-0.07098703790698412,-5.955820668853791e-05,0.0005232163266806073,-0.0005232163266806073,0.0005232163266806073,纺织服饰,False,pipeline_b_frozen_replay,0.0005827745333691452
2022-02-28,801140.SI,0.0,0.01383110648851908,0.0,-0.11019064750816521,0.00043046674844950225,0.0015240585797243026,-0.0015240585797243026,0.0015240585797243026,轻工制造,False,pipeline_b_frozen_replay,0.0010935918312748004
2022-02-28,801150.SI,0.11832602521863683,0.08921713737098967,-0.06346085425900684,0.04152884755941965,0.0035104272795939274,-0.0093668806496738,-0.0030561334553904935,-0.011214155539015112,医药生物,False,pipeline_b_frozen_replay,-0.0023015687135447462
2022-02-28,801160.SI,0.04989805137805156,0.026902152172173774,-0.05664488896438934,-0.1335093050748356,-0.0012519369004099872,0.0020678182188285108,0.0017675663653944711,0.0007652180616752745,公用事业,False,pipeline_b_frozen_replay,-0.0018182296221377204
2022-02-28,801170.SI,0.04831956214385196,0.034952796223697895,-0.03960102092545214,-0.018554774152921054,0.0008088602330867609,-0.0007356251747139386,-0.00028132025410622103,-0.0012649627516235803,交通运输,False,pipeline_b_frozen_replay,-0.0010568775558901817
2022-02-28,801180.SI,0.059719312825156856,0.029502360188815104,0.12098673514994102,0.11717592934148123,0.005929880198868563,0.00011242776557080934,0.00011515093862052539,0.0037682782112222002,房地产,False,pipeline_b_frozen_replay,-0.0023891806918376977
2022-02-28,801200.SI,0.01602405193343409,0.014641171293703497,-0.14597815292949357,-0.05558249665506917,3.247703833547516e-05,-0.0013234982877205908,-0.00012500640297764292,-0.0015253686492304195,商贸零售,False,pipeline_b_frozen_replay,-0.00010934099686766077
2022-02-28,801210.SI,0.0,0.007250580046403712,0.0,-0.10310982835005285,0.00017432039686882543,0.0007476060640230049,-0.0007476060640230049,0.0007476060640230049,社会服务,False,pipeline_b_frozen_replay,0.0005732856671541795
2022-02-28,801230.SI,0.0,0.0016101288103048243,0.0,-0.05367231638418035,-4.088961212482578e-05,8.641934292596444e-05,-8.641934292596444e-05,8.641934292596444e-05,综合,False,pipeline_b_frozen_replay,0.0001273089550507902
2022-02-28,801710.SI,0.0,0.02021161692935435,0.0,-0.08414250961254956,0.00010257295339288914,0.0017006561717633677,-0.0017006561717633677,0.0017006561717633677,建筑材料,False,pipeline_b_frozen_replay,0.0015980832183704785
2022-02-28,801720.SI,0.01687801624070475,0.016041283302664213,-0.04960317460317454,-0.07580361605006797,2.731048753074223e-06,0.000420288703904483,2.1922772349818207e-05,0.0003787840938826309,建筑装饰,False,pipeline_b_frozen_replay,-6.615843112474455e-05
2022-02-28,801730.SI,0.05967417028310556,0.07151572125770062,-0.18107729626219746,-0.16286345347971648,0.000992273353410391,-0.0013025761034634916,0.00021568014775200876,0.0008416599305671717,电力设备,False,pipeline_b_frozen_replay,0.0009362825328682637
2022-02-28,801740.SI,0.057861740909472104,0.06164493159452756,-0.13038641586762853,-0.11583392921084322,0.00013909418849572115,-0.0008970870444878054,5.505483196434399e-05,-0.00040381037051962637,国防军工,False,pipeline_b_frozen_replay,0.0002991276535081139
2022-02-28,801750.SI,0.05097748796292813,0.053484278742299385,-0.1385450285235973,-0.1307322448751761,0.00012951255763479015,-0.000417861098405438,1.958501401108478e-05,-7.055769837475707e-05,计算机,False,pipeline_b_frozen_replay,0.00019820582838480597
2022-02-28,801760.SI,0.060483001763689606,0.030562444995599646,-0.036921609085354946,-0.03591061327023809,0.001291279851044859,-3.089850399029036e-05,-3.024955767850529e-05,-0.001135613604597879,传媒,False,pipeline_b_frozen_replay,-0.0023657453939739423
2022-02-28,801770.SI,0.0,0.021591727338187053,0.0,-0.12952588200230525,0.0010894823475893804,0.0027966875274319644,-0.0027966875274319644,0.0027966875274319644,通信,False,pipeline_b_frozen_replay,0.0017072051798425842
2022-02-28,801780.SI,0.0,0.021141691335306825,0.0,-0.010979828835970408,-0.0014394897793718752,0.0002321321521645876,-0.0002321321521645876,0.0002321321521645876,银行,True,pipeline_b_frozen_replay,0.0016716219315364629
2022-02-28,801790.SI,0.02128123967257577,0.05122409792783422,-0.04387810824233035,-0.041069466540542415,-0.001137771502888654,-0.0001438701375765841,8.409876036644398e-05,0.001169965838032401,非银金融,True,pipeline_b_frozen_replay,0.002367508718131195
2022-02-28,801880.SI,0.04991259460692979,0.028112248979918392,-0.09255350788770614,-0.1440972829242717,-0.0014176704529150642,0.0014490114371928336,0.0011236721107180513,-0.000568687023751486,汽车,False,pipeline_b_frozen_replay,-0.0017237001187473068
2022-02-28,801890.SI,0.05270412684396032,0.030622449795983678,-0.17043799865908868,-0.09813152529698975,-0.00042096434230026996,-0.0022142013504555056,-0.0015966481932599946,-0.005977758193548979,机械设备,False,pipeline_b_frozen_replay,-0.0017459443075332082
2022-02-28,801950.SI,0.0008370739542902256,0.03082246579726378,-0.0016542597187758634,0.051244365371915936,-0.003907454120517843,-0.0016304660625801276,0.001586186001298946,-0.0015808624367025861,煤炭,False,pipeline_b_frozen_replay,0.0023708717450964386
2022-02-28,801960.SI,0.016069476131553875,0.01164093127450196,-0.12333336877554602,-0.012599261338648906,0.0002943578387124577,-0.0012890481344162356,-0.0004903909619899049,-0.001835235490410067,石油石化,False,pipeline_b_frozen_replay,-0.00035015423271638423
2022-02-28,801970.SI,0.020423744494235434,0.015171213697095766,-0.14749096713070614,-0.1267643281610115,-0.00025052874781873475,-0.00031444826903179033,-0.00010886730950951635,-0.0010891491161857392,环保,False,pipeline_b_frozen_replay,-0.0004153047898256978
2022-02-28,801980.SI,0.017709803323211364,0.006860548843907512,0.019577091558055093,-0.07405954736043623,5.433319503364687e-05,0.0006423987348796407,0.0010158877242133994,0.0008547955831576116,美容护理,False,pipeline_b_frozen_replay,-0.0008578240709690753
2022-02-28,999999.SI,0.03572785453588196,0.03326266101288103,-0.10779355209826412,-0.1659465504557869,-0.0002141735264943433,0.0019343234712489077,0.000143358394894049,0.0016685915047950032,未分类,False,pipeline_b_frozen_replay,-0.00019491683485361013
2022-03-31,801010.SI,0.05412742708626789,0.025330759922797687,-0.18971334485737054,-0.17332161395625187,-0.0019778772503039987,-0.00041521500017534127,-0.0004720272189926839,-0.005878327048501683,农林牧渔,False,pipeline_b_frozen_replay,-0.003013207579029659
2022-03-31,801030.SI,0.015686664856941833,0.042911287338620166,-0.12336892052194548,-0.09048102482082149,-0.0003854012121023646,-0.0014112619423935027,0.0008953605446799125,0.0019474103447886418,基础化工,False,pipeline_b_frozen_replay,0.0028487129546045965
2022-03-31,801040.SI,0.06440186352029739,0.0407512225366761,-0.1362876776741273,-0.07042784900774725,0.0008090771503588508,-0.002683868534211014,-0.0015576271630313645,-0.005907159469373297,钢铁,False,pipeline_b_frozen_replay,-0.002474740922489769
2022-03-31,801050.SI,0.03459401146969343,0.05107153214596438,-0.16310798952723096,-0.08211624162384826,-0.0003710923941070548,-0.004136372656605453,0.001334543200685313,-0.0014487573867055193,有色金属,False,pipeline_b_frozen_replay,0.001724164463321676
2022-03-31,801080.SI,0.06949487239381955,0.06770203106093184,-0.18985066822714464,-0.15153446018532304,-8.407903779901768e-05,-0.002594085106984532,-6.86948814969021e-05,-0.0029344572320585075,电子,False,pipeline_b_frozen_replay,-0.0001875982057780558
2022-03-31,801110.SI,0.0,0.00961028830864926,0.0,-0.02680524245581727,-0.0007479892061594026,0.0002576061081836495,-0.0002576061081836495,0.0002576061081836495,家用电器,False,pipeline_b_frozen_replay,0.0010055953143430522
2022-03-31,801120.SI,0.0,0.025600768023040694,0.0,-0.006650916095585924,-0.0025085285311742546,0.0001702685601038028,-0.0001702685601038028,0.0001702685601038028,食品饮料,False,pipeline_b_frozen_replay,0.0026787970912780573
2022-03-31,801130.SI,0.0,0.007400222006660201,0.0,-0.024311991961975855,-0.0005944256462548039,0.00017991413794275963,-0.00017991413794275963,0.00017991413794275963,纺织服饰,False,pipeline_b_frozen_replay,0.0007743397841975635
2022-03-31,801140.SI,0.0,0.013430402912087365,0.0,-0.06394784755173671,-0.0005464767098266362,0.0008588453579805636,-0.0008588453579805636,0.0008588453579805636,轻工制造,False,pipeline_b_frozen_replay,0.0014053220678071998
2022-03-31,801150.SI,0.12956609714881293,0.10079302379071374,-0.055699312773348095,-0.1451625970505592,-0.001166035268551616,0.009017274940548325,0.002574133641364677,0.0074146345281250695,医药生物,False,pipeline_b_frozen_replay,-0.0030107387852363176
2022-03-31,801160.SI,0.0331997018660876,0.025300759022770687,-0.08580896736107754,-0.05169884333742051,0.00041815841340022905,-0.0008630120281593679,-0.0002694339200413181,-0.001540812156788566,公用事业,False,pipeline_b_frozen_replay,-0.000826524621988109
2022-03-31,801170.SI,0.06877606228687551,0.03803114093422803,0.012267819704037425,0.008456252841536813,0.0034770546062413057,0.00014495823652799412,0.00011718632341793859,0.0005221313884970838,交通运输,False,pipeline_b_frozen_replay,-0.0032170677776901546
2022-03-31,801180.SI,0.06574721867378096,0.035641069232076966,-0.012782993752327217,-0.09996532370558125,0.00014065738904913344,0.0031072714576777043,0.002624724254248612,0.002722424737457773,房地产,False,pipeline_b_frozen_replay,-0.0031502283635176766
2022-03-31,801200.SI,0.01633867840064977,0.014990449713491406,-0.10769572174680742,-0.05750413576484841,6.35463814302107e-05,-0.0007523944457029367,-6.766973607485269e-05,-0.0008975929072462072,商贸零售,False,pipeline_b_frozen_replay,-0.00014107510689862857
2022-03-31,801210.SI,0.01922860036390721,0.007050211506345191,0.07529034841810245,0.026051042572538714,0.0015915743338241694,0.0003471475206368435,0.0005996554136637016,0.0012640626608938243,社会服务,False,pipeline_b_frozen_replay,-0.00127431460723089
2022-03-31,801230.SI,0.0,0.001650049501485045,0.0,-0.20298507462686588,0.00016227857742318362,0.0003349354211969647,-0.0003349354211969647,0.0003349354211969647,综合,False,pipeline_b_frozen_replay,0.00017265684377378108
2022-03-31,801710.SI,0.016971900978343196,0.020100603018090545,-0.07815533980582556,-0.10046394078886149,-1.3057423252098431e-05,0.00044841633224898964,-6.97969653995342e-05,0.0006929411033166231,建筑材料,False,pipeline_b_frozen_replay,0.0003273791597192661
2022-03-31,801720.SI,0.016829774612707443,0.016080482414472436,-0.1813417190775678,-0.039944258931517845,4.847404502366451e-05,-0.002273739371329623,-0.00010594801373768054,-0.0024096173066489694,建筑装饰,False,pipeline_b_frozen_replay,-7.840396660533039e-05
2022-03-31,801730.SI,0.09365916269196256,0.06539196175885277,-0.13771609885989952,-0.12564263017371155,-0.000593759848848858,-0.0007895078026239102,-0.00034128316531208445,-0.0046823564408207015,电力设备,False,pipeline_b_frozen_replay,-0.002957805624035849
2022-03-31,801740.SI,0.05619582499229571,0.0590317709531286,-0.056271605626113344,-0.10555940038294838,2.6148222069652946e-06,0.002909545810870299,-0.0001397775224590069,0.003069129043555256,国防军工,False,pipeline_b_frozen_replay,0.00029674593293699866
2022-03-31,801750.SI,0.020053743433091156,0.050261507845235365,-0.19624810851095278,-0.20935200318589273,0.0031631949044529785,0.0006586215050076318,-0.0003958393632221368,0.0065868381332354065,计算机,False,pipeline_b_frozen_replay,0.0031608610869969327
2022-03-31,801760.SI,0.06384386767795158,0.03195095852875587,-0.08217727352188371,-0.1338074799355418,-0.0009303195970712431,0.0016496345839538944,0.001646637482505019,-0.0009712377346081493,传媒,False,pipeline_b_frozen_replay,-0.0033371902039958197
2022-03-31,801770.SI,0.0,0.020420612618378554,0.0,-0.08440794572814482,-0.0004130972807121969,0.0017236619616275662,-0.0017236619616275662,0.0017236619616275662,通信,False,pipeline_b_frozen_replay,0.002136759242339763
2022-03-31,801780.SI,0.0,0.022680680420412616,0.0,-0.02511780634785761,-0.0018035578594165845,0.0005696889386375698,-0.0005696889386375698,0.0005696889386375698,银行,True,pipeline_b_frozen_replay,0.0023732467980541543
2022-03-31,801790.SI,0.02348200994490916,0.053241597247917445,-0.128418221540717,-0.11846204972975981,0.0004114166989926253,-0.0005300824896900516,0.0002962915642119306,0.003291590785547975,非银金融,True,pipeline_b_frozen_replay,0.0031139650120334704
2022-03-31,801880.SI,0.05629302846215063,0.026350790523715716,-0.06363183895617819,-0.13290489216025614,-0.0008463928096960605,0.0018253997139188718,0.0020741902417583634,-7.987994856718762e-05,汽车,False,pipeline_b_frozen_replay,-0.0031330770945483624
2022-03-31,801890.SI,0.026710150459701112,0.02988089642689281,-0.09649740499576112,-0.11914281082081264,4.5993061127532565e-05,0.0006766650260033196,-7.180282919520148e-05,0.0009826337837380932,机械设备,False,pipeline_b_frozen_replay,0.0003317785258024425
2022-03-31,801950.SI,0.01700650664704155,0.03543106293188796,-0.15209790209790197,-0.0598957942708811,-0.0008243437201408003,-0.003266818684871896,0.001698782925240424,-0.0004644823268620422,煤炭,False,pipeline_b_frozen_replay,0.0019278971529102305
2022-03-31,801960.SI,2.738543918516445e-08,0.012360370811124335,-0.04697986577181201,-0.030085832795534607,-0.0009214826294917464,-0.00020881651208215122,0.00020881604943163857,0.00037187076295003616,石油石化,False,pipeline_b_frozen_replay,0.001293353855092295
2022-03-31,801970.SI,0.0,0.014340430212906388,0.0,-0.14019626353639486,0.0005099298001926787,0.002010474733353903,-0.002010474733353903,0.002010474733353903,环保,False,pipeline_b_frozen_replay,0.0015005449331612244
2022-03-31,801980.SI,0.01827089584534105,0.006850205506165186,0.08137412775093944,-0.020699463596423995,0.000958628861453584,0.0006992250774817641,0.0011657508785858186,0.0016285737921457807,美容护理,False,pipeline_b_frozen_replay,-0.0011950310253753859
2022-03-31,999999.SI,0.01952190880193166,0.02836085082552477,-0.035126722987994574,-0.18211802554454343,0.0006848470031921587,0.00416879840445586,-0.001299247601269769,0.0044792814724255595,未分类,False,pipeline_b_frozen_replay,0.0009248836660473098
2022-04-29,801010.SI,0.05345375063956317,0.023667633236676335,0.13347528606594006,0.09819219777830981,0.0006077506832016703,0.000835067193048903,0.0010509462100717758,0.004810777734192898,农林牧渔,False,pipeline_b_frozen_replay,0.0023170136478705486
2022-04-29,801030.SI,0.05268639309947745,0.03972602739726028,0.08647893917258664,0.117586166388219,0.0005157939403042031,-0.0012357665606210118,-0.0004031610406965583,-0.0001149678834044942,基础化工,False,pipeline_b_frozen_replay,0.0010081657776088728
2022-04-29,801040.SI,0.05016040390269247,0.04218578142185782,0.0634917985858129,0.03386554809436717,-0.0003502679568504681,0.0012498065275813373,0.00023625816319192174,0.0017561296519323865,钢铁,False,pipeline_b_frozen_replay,0.0006203329180095953
2022-04-29,801050.SI,0.03713370469649379,0.0524047595240476,0.10679042112532156,0.0713397079882997,9.847793598567872e-05,0.0018577860969016258,-0.000541369783991343,0.0002269837208392798,有色金属,False,pipeline_b_frozen_replay,-0.0011879105280566816
2022-04-29,801080.SI,0.035317357684585396,0.06434356564343566,0.12760301309320668,0.10958532719836261,-0.0009229449688535471,0.0011593221551177038,-0.0005229850977209869,-0.002544509439101606,电子,False,pipeline_b_frozen_replay,-0.002257901527644776
2022-04-29,801110.SI,0.015759581107351494,0.010518948105189482,0.07494260413250253,0.07480232167345514,-1.5648805657780503e-05,1.4756239067878527e-06,7.351688845081871e-07,0.0003942223083915437,家用电器,False,pipeline_b_frozen_replay,0.00040766032125802817
2022-04-29,801120.SI,0.0,0.028247175282471754,0.0,0.02951610086128368,0.001363555367580999,-0.0008337464746837956,0.0008337464746837956,-0.0008337464746837956,食品饮料,False,pipeline_b_frozen_replay,-0.002197301842264795
2022-04-29,801130.SI,0.0,0.008109189081091891,0.0,0.02777778352157923,0.0004055453362412908,-0.00022525529883012457,0.00022525529883012457,-0.00022525529883012457,纺织服饰,False,pipeline_b_frozen_replay,-0.0006308006350714154
2022-04-29,801140.SI,0.01755068127256539,0.014038596140385962,0.11421628189550458,0.04171029168374099,-0.00012670929736439217,0.0010178823143417266,0.00025464721021668194,0.0014190196198397426,轻工制造,False,pipeline_b_frozen_replay,0.0002731993926457263
2022-04-29,801150.SI,0.12229623816811888,0.09558044195580442,0.03586564158027574,0.0387076132231765,-0.0010440736473074617,-0.00027163690565431815,-7.59255352529132e-05,0.0006865422658282406,医药生物,False,pipeline_b_frozen_replay,0.002078178354042934
2022-04-29,801160.SI,0.05686522363392634,0.026877312268773126,0.0928891770964316,0.09187016540017463,0.0004222835049944959,2.7388295565830744e-05,3.0558032427408416e-05,0.0028129407051156415,公用事业,False,pipeline_b_frozen_replay,0.0023327108721279063
2022-04-29,801170.SI,0.07384499131185397,0.04298570142985702,0.07346605699332617,0.1203771538055296,0.0013142594941485137,-0.002016506401316494,-0.0014476431352102087,0.00025060394792786843,交通运输,False,pipeline_b_frozen_replay,0.0024004939903060573
2022-04-29,801180.SI,0.06534990696442633,0.035826417358264175,0.027883416203212153,-0.052747424752554097,-0.0038538723049653836,0.002888714160029102,0.0023805037948936786,0.003711929908488929,房地产,False,pipeline_b_frozen_replay,0.002296584258531532
2022-04-29,801200.SI,0.01944339573269324,0.015798420157984203,0.1760288833141228,0.08826843140429624,3.819955236360622e-05,0.0013864764925260072,0.00031988470363674505,0.0020280974726492925,商贸零售,False,pipeline_b_frozen_replay,0.00028353672412293396
2022-04-29,801210.SI,0.01969613813556823,0.008109189081091891,0.024857685009487266,0.014666911608777297,-0.0007313851718213346,8.263890838891895e-05,0.00011807997221973898,0.00037066363820606804,社会服务,False,pipeline_b_frozen_replay,0.0009013299294187446
2022-04-29,801230.SI,0.0,0.0014798520147985203,0.0,0.14122137404580126,-9.387145255847512e-05,-0.00020898673491429447,0.00020898673491429447,-0.00020898673491429447,综合,False,pipeline_b_frozen_replay,-0.00011511528235581933
2022-04-29,801710.SI,0.034718373762910884,0.020037996200379965,0.04616062377626488,0.019325151445109573,-0.0008582621842391889,0.0005377290926070916,0.0003939548658902116,0.001215384478164602,建筑材料,False,pipeline_b_frozen_replay,0.0011419627039064876
2022-04-29,801720.SI,0.016988242232281275,0.017248275172482754,0.09615384615384581,0.034225860854018846,1.1327688439878777e-05,0.0010681509313288824,-1.6103316098268008e-05,0.0010431477640018172,建筑装饰,False,pipeline_b_frozen_replay,-2.0227539668676115e-05
2022-04-29,801730.SI,0.05582766353189985,0.06385361463853616,0.14102569014702904,0.17919977880510007,-0.0008139229746467876,-0.0024375535463497817,0.00030638336911007776,-0.003569418840249479,电力设备,False,pipeline_b_frozen_replay,-0.0006243256883629875
2022-04-29,801740.SI,0.040623386935913774,0.059004099590041,0.09496320279710782,0.11914168168019507,-0.0007601032612460343,-0.001426629375953383,0.00044441767276390964,-0.0031721207192826326,国防军工,False,pipeline_b_frozen_replay,-0.001429805754847125
2022-04-29,801750.SI,0.028970814073886415,0.04441555844415559,0.1266374908992835,0.07334524024711546,6.862306881536173e-05,0.0023670050734619585,-0.000823085188239046,0.00041112139883023617,计算机,False,pipeline_b_frozen_replay,-0.001201421555208038
2022-04-29,801760.SI,0.04759352032281136,0.030936906309369065,0.0705549888825319,0.06810440122029772,-0.0001613022008054274,7.581360090943442e-05,4.0818492795938545e-05,0.0012510208174484803,传媒,False,pipeline_b_frozen_replay,0.0012956909245485347
2022-04-29,801770.SI,0.01843953221568331,0.020847915208479156,0.04941646204464334,0.12546870122680476,-0.00011483248859155593,-0.0015855306338846773,0.00018316291941035943,-0.0017045444006371377,通信,False,pipeline_b_frozen_replay,-0.00018734419757126392
2022-04-29,801780.SI,0.0,0.024737526247375265,0.0,-0.026891613762657723,0.002589523950938679,0.0006652320012880234,-0.0006652320012880234,0.0006652320012880234,银行,True,pipeline_b_frozen_replay,-0.0019242919496506557
2022-04-29,801790.SI,0.022056371760875475,0.05249475052494751,0.061319131559550384,0.023832724202015224,0.0016423225125000124,0.001967839602310365,-0.001141025465652952,0.00010138465041680737,非银金融,True,pipeline_b_frozen_replay,-0.0023677519987406184
2022-04-29,801880.SI,0.03227970291351779,0.025587441255874414,0.05956302466533272,0.17194230521938075,0.0006301027421696705,-0.0028754982395541337,-0.0007520715503654034,-0.002476886893373061,汽车,False,pipeline_b_frozen_replay,0.0005205801543768057
2022-04-29,801890.SI,0.016426113711160262,0.029367063293670635,0.10084680523479572,0.12167840976453478,-0.0005679787368201676,-0.000611763048733563,0.0002695807439421479,-0.0019168164708342976,机械设备,False,pipeline_b_frozen_replay,-0.0010066554292227148
2022-04-29,801950.SI,0.01586178522129821,0.03706629337066294,0.04100529100529138,0.08356315006768641,-0.00012245128097206347,-0.0015774620892340609,0.0009024184693080711,-0.0024469591165228338,煤炭,False,pipeline_b_frozen_replay,-0.0016494642156247804
2022-04-29,801960.SI,2.835658687355247e-08,0.013458654134586544,0.07801418439716334,0.14564509465711553,-0.000913258206535784,-0.000910221029995957,0.0009102191122141749,-0.0019601847431732393,石油石化,False,pipeline_b_frozen_replay,-0.0010469246188556732
2022-04-29,801970.SI,0.0163428594727248,0.013818618138186183,0.05681818181818188,0.0651966488729979,-3.1784553659647804e-05,-0.00011577883681387612,-2.114927285983666e-05,2.7643966284909122e-05,环保,False,pipeline_b_frozen_replay,0.0001963566296182697
2022-04-29,801980.SI,0.0,0.007479252074792522,0.0,0.11480214019877193,-0.000276835285798281,-0.0008586341452722869,0.0008586341452722869,-0.0008586341452722869,美容护理,False,pipeline_b_frozen_replay,-0.000581798859474006
2022-04-29,999999.SI,0.019112342637237677,0.029747025297470257,-0.008011049723756769,0.07265116159518566,5.463262629936246e-05,-0.002399460840654472,0.0008578170200495732,-0.002314265869066975,未分类,False,pipeline_b_frozen_replay,-0.0008272546747614383
2022-05-31,801010.SI,0.03249101132330004,0.024231453887233235,-0.004980332148142631,0.005307602752806701,-0.0006414059009817816,-0.00024929162014721115,-8.497378921290725e-05,-0.0002904269595754852,农林牧渔,False,pipeline_b_frozen_replay,0.0006852443507664148
2022-05-31,801030.SI,0.07170904924662998,0.04503270196211773,0.1050891511735683,0.059557489261506384,-0.0006243951308429169,0.002050413760725792,0.0012146184256071628,0.004853808453266509,基础化工,False,pipeline_b_frozen_replay,0.0022131713977764714
2022-05-31,801040.SI,0.01743599844354742,0.04020241214472869,0.13772455089820324,0.0217868279622465,0.0013927804736721615,0.004660976120592697,-0.002639486163932923,0.0015254820180348053,钢铁,False,pipeline_b_frozen_replay,-0.0018887884122971298
2022-05-31,801050.SI,0.03602241626638182,0.05145308718523112,0.1724464343154771,0.09724091958540934,-0.0002203053853707632,0.003869555906216359,-0.001160471549082349,0.0012085917271652718,有色金属,False,pipeline_b_frozen_replay,-0.001280187244597975
2022-05-31,801080.SI,0.0840866850254951,0.0662239734384063,0.10801247501546529,0.1143962381379902,0.0005614684048929455,-0.00042275815946316714,-0.00011403131949795584,0.001506637529545724,电子,False,pipeline_b_frozen_replay,0.0014819586036139015
2022-05-31,801110.SI,0.0,0.01060063603816229,0.0,0.09941578631874354,-0.00017440141696963517,-0.0010538705672127142,0.0010538705672127142,-0.0010538705672127142,家用电器,False,pipeline_b_frozen_replay,-0.0008794691502430792
2022-05-31,801120.SI,0.01732405595176623,0.027101626097565855,0.10089572418455339,0.1156020658264121,-0.00031912283938218043,-0.0003985657724407173,0.0001437922869913675,-0.00138508079306644,食品饮料,False,pipeline_b_frozen_replay,-0.0008111844682349097
2022-05-31,801130.SI,0.018624660829936864,0.007840470428225695,0.009702853800276356,0.03176908414784105,-0.0005520936671792804,-0.00017300962650249735,-0.00023796642951615484,-6.837220368035034e-05,纺织服饰,False,pipeline_b_frozen_replay,0.0008946975195175822
2022-05-31,801140.SI,0.016475894862739426,0.013550813048782927,0.08441281701013348,0.10079345188258275,5.215316229794716e-05,-0.00022197092077693424,-4.7914697166462996e-05,2.4943475124244996e-05,轻工制造,False,pipeline_b_frozen_replay,0.00024267593076969507
2022-05-31,801150.SI,0.1231741288379822,0.09209552573154389,0.10883378513402742,0.08355796677595605,1.8465574074921877e-05,0.0023277897799815913,0.0007855371269409274,0.005710191792733415,医药生物,False,pipeline_b_frozen_replay,0.002578399311735975
2022-05-31,801160.SI,0.05734687703656219,0.02727163629817789,0.02179882560398181,0.01958921230893653,-0.0019060062711747283,6.025977014209329e-05,6.645465178722133e-05,0.0007158646979959017,公用事业,False,pipeline_b_frozen_replay,0.0024951565472413153
2022-05-31,801170.SI,0.07400869766643742,0.04452267136028162,-0.03083853879216559,0.012678912901683628,-0.002072422313901267,-0.0019375132002021791,-0.0012831567254217022,-0.00284681916627138,交通运输,False,pipeline_b_frozen_replay,0.002446273073253769
2022-05-31,801180.SI,0.060713681659594065,0.0314718883132988,-0.011233587625888058,0.014968639349634227,-0.00198830071792893,-0.0008246335609333423,-0.0007662001064309458,-0.0011531238088270607,房地产,False,pipeline_b_frozen_replay,0.0024260105764661575
2022-05-31,801200.SI,0.03518611285038658,0.016030961857711464,0.11233465036930704,0.08862429822594221,0.00010842751371855864,0.00038009975084318874,0.00045417537539565127,0.002531886940376632,商贸零售,False,pipeline_b_frozen_replay,0.0015891843004192335
2022-05-31,801210.SI,0.0,0.007530451827109626,0.0,0.13269763970271992,-0.0003745182115288608,-0.000999273183352482,0.000999273183352482,-0.000999273183352482,社会服务,False,pipeline_b_frozen_replay,-0.0006247549718236213
2022-05-31,801230.SI,0.0,0.0015400924055443326,0.0,-0.04391891891891875,0.00019541112663526685,6.763919348674408e-05,-6.763919348674408e-05,6.763919348674408e-05,综合,False,pipeline_b_frozen_replay,-0.0001277719331485228
2022-05-31,801710.SI,0.0,0.018691121467288036,0.0,0.12303624498100657,-0.0007489987566073841,-0.002299685399819002,0.002299685399819002,-0.002299685399819002,建筑材料,False,pipeline_b_frozen_replay,-0.0015506866432116176
2022-05-31,801720.SI,0.0,0.016640998459907595,0.0,0.027761182069531355,0.000918626840241831,-0.0004619737880642856,0.0004619737880642856,-0.0004619737880642856,建筑装饰,False,pipeline_b_frozen_replay,-0.0013806006283061166
2022-05-31,801730.SI,0.057326877422736726,0.0703642218533112,0.2785713106261436,0.2025947899397109,-0.001559670294845216,0.005346028757222839,-0.00099053206882569,0.0017141986321132525,电力设备,False,pipeline_b_frozen_replay,-0.0010816277614386807
2022-05-31,801740.SI,0.031980023943516234,0.05495329719783187,0.0935220228356756,0.0839949899369362,-2.3689586930897967e-05,0.0005235418702979475,-0.00021886713008559483,-0.0016249651156023748,国防军工,False,pipeline_b_frozen_replay,-0.0019059502688838295
2022-05-31,801750.SI,0.020157579782066122,0.04438266295977759,0.08370470815279474,0.08960068433734455,-0.0001607788417887577,-0.00026167912381774996,0.0001428305134845252,-0.0022894326411852656,计算机,False,pipeline_b_frozen_replay,-0.002009805189063283
2022-05-31,801760.SI,0.04865416392143524,0.03051183070984259,-0.021174761006149196,0.06415955122889862,-0.00034115312173716675,-0.002603706088656628,-0.001548163526950325,-0.002987865658506026,传媒,False,pipeline_b_frozen_replay,0.0015051570788380932
2022-05-31,801770.SI,0.0,0.02171130267816069,0.0,0.1493549184361621,-0.0014414374583963812,-0.0032426898406395176,0.0032426898406395176,-0.0032426898406395176,通信,False,pipeline_b_frozen_replay,-0.0018012523822431362
2022-05-31,801780.SI,0.0,0.022301338080284817,0.0,0.03410635008082931,0.0010895867231836935,-0.0007606172438371238,0.0007606172438371238,-0.0007606172438371238,银行,True,pipeline_b_frozen_replay,-0.0018502039670208173
2022-05-31,801790.SI,0.019471663018731267,0.049152949176950615,0.0721821266453226,0.08470675337663276,-5.17328120565034e-05,-0.0006156223411843655,0.00037174703003690034,-0.0027580806976530156,非银金融,True,pipeline_b_frozen_replay,-0.002462472574449047
2022-05-31,801880.SI,0.05883929829833333,0.02814168850131008,0.06654608530204469,0.16846564781805287,0.0026247020655785457,-0.0028681885805153014,-0.0031286869607997365,-0.0008253828203937091,汽车,False,pipeline_b_frozen_replay,0.0025467906553427832
2022-05-31,801890.SI,0.03170509311109007,0.03074184451067064,0.08186406502239515,0.06913963187207368,-1.3316119878731798e-05,0.0003911725453936056,1.2256792423177792e-05,0.0004700279914510732,机械设备,False,pipeline_b_frozen_replay,7.991477351302159e-05
2022-05-31,801950.SI,0.016942476487119083,0.03769226153569214,0.0734961277840338,0.037582616984493854,0.0009416499926735838,0.001353661441721164,-0.0007451976294300611,-0.00017136741169999545,煤炭,False,pipeline_b_frozen_replay,-0.001721481216664682
2022-05-31,801960.SI,0.016182326870481344,0.014590875452527153,-0.051470573228970196,0.03859553115362948,-7.060995969581815e-05,-0.0013141433115408218,-0.00014333582952929844,-0.0013960562282889816,石油石化,False,pipeline_b_frozen_replay,0.0001320328724769568
2022-05-31,801970.SI,0.016585165532736767,0.013630817849070945,-0.024809160305343525,0.047922919485596224,-0.00010352297263618518,-0.0009913977314143937,-0.00021487585145856054,-0.0010646926166961795,环保,False,pipeline_b_frozen_replay,0.00024510393881295987
2022-05-31,801980.SI,0.01826491235482979,0.007560453627217633,0.06898783329018943,0.1343662065973834,0.000550234836821469,-0.0004942901596119632,-0.0006998400987452782,0.0002441872545502575,美容护理,False,pipeline_b_frozen_replay,0.0008880826760860298
2022-05-31,999999.SI,0.01929114925616472,0.03223193391603496,-0.056603773584905426,0.0939920022761615,-0.00014271346620192856,-0.004853993095587922,0.0019488275061041523,-0.004121495850689609,未分类,False,pipeline_b_frozen_replay,-0.0010736167950039107
2022-06-30,801010.SI,0.0,0.020160201602016023,0.0,-0.03153139074694899,0.00022628917940231127,0.0006356791942504342,-0.0006356791942504342,0.0006356791942504342,农林牧渔,False,pipeline_b_frozen_replay,0.0004093900148481229
2022-06-30,801030.SI,0.05240401207983933,0.06486064860648606,0.1681935052762515,-0.054619543622016556,0.00042742086086232134,0.01445179886953036,-0.00277550116351969,0.012356673508161456,基础化工,False,pipeline_b_frozen_replay,0.00025295494128846525
2022-06-30,801040.SI,0.04060018637789997,0.038830388303883044,0.42016602726142566,0.020183447638481462,7.165963540955894e-05,0.01553147888154774,0.000707888399057009,0.016275087907362356,钢铁,False,pipeline_b_frozen_replay,-3.5939008651952875e-05
2022-06-30,801050.SI,0.03668843211617731,0.05623056230562306,-0.03802584626112993,0.008152894146731902,-0.0005561638555867736,-0.0025966565396994684,0.0009024309570350551,-0.0018535505015006182,有色金属,False,pipeline_b_frozen_replay,0.00039683893675056866
2022-06-30,801080.SI,0.03594289767199505,0.05775057750577506,0.010824604161735798,-0.01974314497919075,-1.2292909255448405e-05,0.0017653051659401674,-0.00066661168650463,0.0015292456640536307,电子,False,pipeline_b_frozen_replay,0.0004428450938735416
2022-06-30,801110.SI,0.016209826420599552,0.013390133901339014,0.03187042842215271,0.022377374931487126,0.00012035636524597422,0.00012711325737258588,2.6767491912569878e-05,0.00021697806598015824,家用电器,False,pipeline_b_frozen_replay,-5.725904855097177e-05
2022-06-30,801120.SI,0.03387164424285671,0.03420034200342004,-0.1685398976658066,-0.12558203130158901,3.460371919085759e-05,-0.0014691737213934554,1.4120154472496838e-05,-0.001413775034465133,食品饮料,False,pipeline_b_frozen_replay,6.674813264968089e-06
2022-06-30,801130.SI,0.017995699659100934,0.007030070300703008,-0.01807228915662651,-0.022497329094489864,-2.4020077083548102e-05,3.110834184659786e-05,4.8523347854717744e-05,-0.00016706568270276226,纺织服饰,False,pipeline_b_frozen_replay,-0.00022267729532052976
2022-06-30,801140.SI,0.0166069512875291,0.012840128401284014,-0.07964900438744527,-0.10745367520468498,-0.0003282666883524436,0.0003570155434487924,0.00010473527037888938,5.699185085552834e-05,轻工制造,False,pipeline_b_frozen_replay,-7.649227461970984e-05
2022-06-30,801150.SI,0.13555447384173225,0.1061010610106101,-0.02427300308306793,-0.060081931802101356,-0.0011715121604569396,0.0037993653307427542,0.0010546951606019172,0.0030844425502860534,医药生物,False,pipeline_b_frozen_replay,-0.0005981057806016782
2022-06-30,801160.SI,0.03319005224299257,0.02220022200222002,0.010176123962570229,0.06192288972230725,0.000903690784864875,-0.0011487896877630395,-0.0005686881712085313,-0.001036955812905335,公用事业,False,pipeline_b_frozen_replay,-0.00022316873879863917
2022-06-30,801170.SI,0.054575095863186186,0.036610366103661036,-0.01865298136543522,-0.011382437427294449,0.00016032450414096868,-0.0002661772753480871,-0.00013061335705345269,-0.0006012730447875893,交通运输,False,pipeline_b_frozen_replay,-0.0003648069165270182
2022-06-30,801180.SI,0.05424472269740991,0.024380243802438025,-0.04010876430025961,-0.046986020989203583,-0.0007967597982597542,0.00016766919476840183,0.00020538568724227162,-0.001030158150180103,房地产,False,pipeline_b_frozen_replay,-0.0006064532339310223
2022-06-30,801200.SI,0.03751954794192691,0.015760157601576015,-0.010068366795071967,-0.058402769948490356,-0.0008289441814737118,0.0007617578112759866,0.001051727145083118,0.0005426762880921879,商贸零售,False,pipeline_b_frozen_replay,-0.00044186448679320485
2022-06-30,801210.SI,0.0,0.011670116701167011,0.0,-0.1268375949579527,0.0012432263272547798,0.0014802095352546604,-0.0014802095352546604,0.0014802095352546604,社会服务,False,pipeline_b_frozen_replay,0.0002369832079998804
2022-06-30,801230.SI,0.0,0.0011000110001100011,0.0,0.014134275618374879,-3.7885607484837405e-05,-1.5547858658798956e-05,1.5547858658798956e-05,-1.5547858658798956e-05,综合,False,pipeline_b_frozen_replay,2.233774882603845e-05
2022-06-30,801710.SI,0.0,0.013550135501355014,0.0,-0.08947915392159698,0.000937294208736222,0.001212454660184241,-0.001212454660184241,0.001212454660184241,建筑材料,False,pipeline_b_frozen_replay,0.00027516045144801915
2022-06-30,801720.SI,0.016119734852185312,0.011260112601126011,-0.03529411764705881,-0.033906946883265766,-6.60913756272424e-05,-1.5619698997299635e-05,-6.741125909747597e-06,-0.00018713577844645135,建筑装饰,False,pipeline_b_frozen_replay,-9.86835779121617e-05
2022-06-30,801730.SI,0.06475805141662143,0.06734067340673407,-0.06296594946080973,0.04154560259201037,-0.00015974148178126693,-0.007037878294019846,0.0002699138325524148,-0.006875261048314037,电力设备,False,pipeline_b_frozen_replay,5.244489493466068e-05
2022-06-30,801740.SI,0.06750137944951659,0.050010500105001056,0.054156097456120066,0.0014159788850846087,0.0003799512271748843,0.0026375597053345367,0.0009224710505414242,0.0035847974717093576,国防军工,False,pipeline_b_frozen_replay,-0.0003551845113414875
2022-06-30,801750.SI,0.03396870369834067,0.041510415104151044,-0.09738729555076074,-0.021022974232250607,5.4008677760488546e-06,-0.0031699146770781264,0.000575917673084776,-0.0024354477994419288,计算机,False,pipeline_b_frozen_replay,0.00015314833677537287
2022-06-30,801760.SI,0.06006185891917183,0.03025030250302503,-0.05296940864430912,-0.049834643821836305,-0.0008802697502218284,-9.482758415564429e-05,-9.34522183565008e-05,-0.0016739280982853997,传媒,False,pipeline_b_frozen_replay,-0.0006053785455514262
2022-06-30,801770.SI,0.0,0.02083020830208302,0.0,0.023723412841841533,-0.0009171593657194896,-0.0004941636311318704,0.0004941636311318704,-0.0004941636311318704,通信,False,pipeline_b_frozen_replay,0.00042299573458761926
2022-06-30,801780.SI,0.0,0.022170221702217024,0.0,-0.027569739146198348,0.00016102005507689752,0.0006112272291435088,-0.0006112272291435088,0.0006112272291435088,银行,True,pipeline_b_frozen_replay,0.0004502071740666114
2022-06-30,801790.SI,0.03357144638104678,0.06405064050640506,-0.046002808465882034,-0.043249093669997206,0.0006992613631441107,-0.0001763771964483877,8.393100782964502e-05,0.0012257513330949064,非银金融,True,pipeline_b_frozen_replay,0.0006189361585695385
2022-06-30,801880.SI,0.05456792190973666,0.024520245202452027,0.06391032150111037,0.10760203512175794,0.003843364567219723,-0.0010713315312935914,-0.0013128344856604827,0.0008490251474303949,汽车,False,pipeline_b_frozen_replay,-0.0006101734028352544
2022-06-30,801890.SI,0.033558592990040846,0.03268032680326803,-0.015579248689308767,0.017091243586776442,3.28454734209261e-05,-0.0010676823644061085,-2.869338867130806e-05,-0.0010813650917452533,机械设备,False,pipeline_b_frozen_replay,-1.7834812088762765e-05
2022-06-30,801950.SI,0.0,0.022960229602296024,0.0,0.010950987719076799,-0.0007176869315345117,-0.0002514371924019273,0.0002514371924019273,-0.0002514371924019273,煤炭,False,pipeline_b_frozen_replay,0.00046624973913258447
2022-06-30,801960.SI,2.5607414572230546e-08,0.013770137701377015,-2.8358288627350348e-06,-0.05335578362639105,0.00045508764018908806,0.0007346774379463444,-0.0007346760717152914,0.0007347164876276636,石油石化,False,pipeline_b_frozen_replay,0.00027962748120752246
2022-06-30,801970.SI,0.016487364833852717,0.012900129001290013,0.0116964989074535,0.014484144518215973,0.00012480347103777965,-3.596098798871578e-05,-9.999942223413284e-06,5.9971120076319465e-06,环保,False,pipeline_b_frozen_replay,-7.284542881801865e-05
2022-06-30,801980.SI,0.017874200773068723,0.00871008710087101,0.068242424242424,-0.029082934701119903,-8.042511737114518e-05,0.0008477123535218027,0.0008919006525460807,0.001473093686545717,美容护理,False,pipeline_b_frozen_replay,-0.0001860942021510211
2022-06-30,999999.SI,0.036127176725758055,0.04037040370403704,-0.06201982747150559,-0.010008056404097708,-4.370008198534174e-05,-0.00209973619535321,0.00022069775018129567,-0.001836571990237909,未分类,False,pipeline_b_frozen_replay,8.616653691934702e-05
2022-07-29,801010.SI,0.032534416219203874,0.020031402198153872,0.04204509301769533,0.061162605243960236,0.0010272847746433823,-0.00038295057643243635,-0.00023902652341258496,0.00014273981108415992,农林牧渔,False,pipeline_b_frozen_replay,-0.000262567863714201
2022-07-29,801030.SI,0.03428705789986618,0.053243727060894266,0.005613586110696305,-0.00798322924813396,-0.0002467615444720703,0.0007239451258629337,-0.00025775033040093074,0.0006175302311555214,基础化工,False,pipeline_b_frozen_replay,0.00039809698016558874
2022-07-29,801040.SI,0.04793912194031062,0.035832508275579295,-0.04131493598398371,-0.07448509471520862,-0.0006475189541324013,0.0011885699872388952,0.0004015782969567546,0.0006883860186976979,钢铁,False,pipeline_b_frozen_replay,-0.00025424331136555066
2022-07-29,801050.SI,0.05310115219381705,0.05780404628323983,-0.0763596635899308,-0.06366625261027047,0.0002006531485288343,-0.000733730515760471,5.969576747085885e-05,-0.0003746191051930735,有色金属,False,pipeline_b_frozen_replay,9.87624945677044e-05
2022-07-29,801080.SI,0.03684512858029854,0.05143360035202464,-0.0957335391155247,-0.009611576575914316,-0.00016614502505704306,-0.004429562602794358,0.0012563878194347584,-0.003032956569800089,电子,False,pipeline_b_frozen_replay,0.0003063632386165532
2022-07-29,801110.SI,0.01587444585707291,0.014020981468702811,-0.03908583300870072,-0.017529841598197655,6.4324923750759e-06,-0.00030223615610618044,-3.9953262435379175e-05,-0.00037468035567758776,家用电器,False,pipeline_b_frozen_replay,-3.8923429511104044e-05
2022-07-29,801120.SI,0.029560343513876798,0.030672147050293523,-0.006206487749689842,0.011905286881376981,-3.658462063418591e-05,-0.0005555270148258572,2.0136735085602816e-05,-0.0005486266197970251,食品饮料,False,pipeline_b_frozen_replay,2.3348280577415326e-05
2022-07-29,801130.SI,0.01754367995285286,0.007060494234596422,-0.01840490797546024,-0.041456003129777534,-0.00021444024874417404,0.0001627521244381908,0.0002416489115119092,-3.0189943995977977e-05,纺织服饰,False,pipeline_b_frozen_replay,-0.00022015073120190394
2022-07-29,801140.SI,0.016714576320177213,0.01163081415699099,0.08587155963302773,0.010247408188032096,0.00015885624932340792,0.0008795704512368857,0.0003844551997391335,0.0013161210369930616,轻工制造,False,pipeline_b_frozen_replay,-0.00010676086330636565
2022-07-29,801150.SI,0.1297678627455647,0.09937695638694709,0.002526325028424171,-0.019929331911054747,3.254968010005056e-05,0.002231574840314842,0.0006824477672689457,0.0023083521476851133,医药生物,False,pipeline_b_frozen_replay,-0.000638220139998725
2022-07-29,801160.SI,0.04836627811375517,0.023941675917314213,-0.0014208614236091174,0.014890051164729365,0.0008766091485685297,-0.0003905105831056407,-0.00039838755143108855,-0.00042521455815356215,公用事业,False,pipeline_b_frozen_replay,-0.0005129255721853627
2022-07-29,801170.SI,0.06673910045750774,0.03662256357945056,-0.002504043932950625,0.014744568335147307,0.0010765136166541248,-0.0006316883994457075,-0.0005194684674674808,-0.0007071015308966902,交通运输,False,pipeline_b_frozen_replay,-0.0006324582806376268
2022-07-29,801180.SI,0.052733105775258235,0.023771664016481155,-0.031245945711429253,-0.0012806255005114316,0.0005711121001511472,-0.0007123255242002107,-0.0008678388760716022,-0.0016172531611196794,房地产,False,pipeline_b_frozen_replay,-0.0006082008609990138
2022-07-29,801200.SI,0.0,0.0151610612742892,0.0,0.031967344124672184,-0.0008030466904757474,-0.00048465886305044384,0.00048465886305044384,-0.00048465886305044384,商贸零售,False,pipeline_b_frozen_replay,0.00031838782742530346
2022-07-29,801210.SI,0.0,0.010310721750522537,0.0,0.034398038125902336,-0.0005711975247319497,-0.0003546685998800447,0.0003546685998800447,-0.0003546685998800447,社会服务,False,pipeline_b_frozen_replay,0.00021652892485190487
2022-07-29,801710.SI,0.0,0.012520876461352295,0.0,-0.024479399087275224,4.3560550331469926e-05,0.0003065035318199132,-0.0003065035318199132,0.0003065035318199132,建筑材料,False,pipeline_b_frozen_replay,0.0002629429814884433
2022-07-29,801720.SI,0.015603225655405482,0.011120778454491815,0.018255578093306024,0.012516110663979096,0.00015023583455797102,6.382734572831643e-05,2.5726859713321645e-05,0.00014565701065371686,建筑装饰,False,pipeline_b_frozen_replay,-9.413302934589221e-05
2022-07-29,801730.SI,0.04128434507548207,0.06980488634204395,-0.08070591016626545,-0.06862772198403574,0.0013583579873420282,-0.0008431165532783631,0.0003444764644765823,0.0014586596880740463,电力设备,False,pipeline_b_frozen_replay,0.000598941789533799
2022-07-29,801740.SI,0.022864019067853448,0.04875341273889173,-0.07029741743384944,-0.05176344212869521,0.0007964374025724957,-0.0009035945477446112,0.0004798333829644399,0.0009163629662576266,国防军工,False,pipeline_b_frozen_replay,0.0005436867284653022
2022-07-29,801750.SI,0.05074013105442346,0.0416929185042953,-0.022177721993174776,-0.06403153169177503,-0.00038931210723618613,0.0017450074768580247,0.0003786603123758518,0.0015443609121081204,计算机,False,pipeline_b_frozen_replay,-0.00018999476988956982
2022-07-29,801760.SI,0.0317625207193344,0.029342053943776064,0.05725444085890268,-0.002931313702081973,4.37355394305225e-05,0.001765973656975278,0.00014567761927677193,0.0019045561288274218,传媒,False,pipeline_b_frozen_replay,-5.083068685515085e-05
2022-07-29,801770.SI,0.0,0.021841528907023493,0.0,-0.011800910032810098,-0.0002009301715032204,0.0002577499176108053,-0.0002577499176108053,0.0002577499176108053,通信,False,pipeline_b_frozen_replay,0.00045868008911402567
2022-07-29,801780.SI,0.0,0.022061544308101567,0.0,-0.0018399045134865637,-0.0004227093579951375,4.059113494695988e-05,-4.059113494695988e-05,4.059113494695988e-05,银行,True,pipeline_b_frozen_replay,0.0004633004929420974
2022-07-29,801790.SI,0.033554493448290944,0.06395447681337695,0.030680018249654606,0.03816202114969366,-0.0017985355685805338,-0.00047850758098816657,0.0002274527636987124,-0.0014111796254182016,非银金融,True,pipeline_b_frozen_replay,0.0006384107604517862
2022-07-29,801880.SI,0.048803556128025415,0.027681937735641496,-0.1316175837402397,-0.1471904508759444,-0.0026653388291919622,0.0004310871384159949,0.00032892415691565123,-0.0023488892390729826,汽车,False,pipeline_b_frozen_replay,-0.00044356170521266656
2022-07-29,801890.SI,0.04981053542028838,0.03371235986519056,0.07300004466721563,-0.03210852853932435,-0.00017882115944778995,0.003543458044855603,0.001692056263824731,0.0047186255794384215,机械设备,False,pipeline_b_frozen_replay,-0.00033806756979412253
2022-07-29,801950.SI,0.0,0.023321632514276,0.0,0.03869411021717738,-0.0013921726247275018,-0.000902409818951903,0.000902409818951903,-0.000902409818951903,煤炭,False,pipeline_b_frozen_replay,0.0004897628057755986
2022-07-29,801960.SI,2.537575246798635e-08,0.013190923364635525,0.024475524475525257,0.16372307884026693,-0.0024366681098362234,-0.0018368038183382265,0.001836800284826755,-0.0021596579649192905,石油石化,False,pipeline_b_frozen_replay,0.00027701367842840417
2022-07-29,801970.SI,0.01616221493073061,0.013570949966497655,0.011787819253438192,-0.051940351759639965,-8.017370250855065e-05,0.0008648518202748897,0.0001651365767808355,0.0008953971833110348,环保,False,pipeline_b_frozen_replay,-5.441751123613976e-05
2022-07-29,801980.SI,0.0190039141091466,0.008700609042632985,-0.08951232003641996,-0.048694510973909914,-0.0002853412298516255,-0.00035513979862974147,-0.0004205583389177451,-0.0012774125391763755,美容护理,False,pipeline_b_frozen_replay,-0.00021637317177726338
2022-07-29,999999.SI,0.08840474328362621,0.06781474703229226,-0.0553525014506754,-0.04879955571775239,-0.0005723852233279199,-0.000444386357194513,-0.00013492512807607962,-0.0015840941545658769,未分类,False,pipeline_b_frozen_replay,-0.00043239744596736433
2022-08-31,801010.SI,0.024393329167067292,0.02172,-0.08628037703478496,-0.08875697008081088,-4.80056503732221e-05,5.3791600959682944e-05,6.6207484248971175e-06,-0.00017686424751297072,农林牧渔,False,pipeline_b_frozen_replay,-0.00018927094652432868
2022-08-31,801030.SI,0.08333952874128164,0.05386,-0.11495956036763834,-0.11923382821351852,-0.0014278147951012786,0.0002302120661791067,0.00012600340181056086,-0.0031587415977637895,基础化工,False,pipeline_b_frozen_replay,-0.002087142270652179
2022-08-31,801040.SI,0.003800926353390245,0.03383,-0.06944444444444475,-0.10455947281981627,0.0010137742157299927,0.0011879414099388184,-0.0010544717731868227,0.0032732937465089497,钢铁,False,pipeline_b_frozen_replay,0.0021260498940269615
2022-08-31,801050.SI,0.06815411019759444,0.07252,-0.07614963477722822,-0.06951535733245139,-5.607369587498548e-06,-0.00048111780029521604,2.8964524242480372e-05,-0.0001486568863644077,有色金属,False,pipeline_b_frozen_replay,0.00030910375927582654
2022-08-31,801080.SI,0.08729655001962024,0.05624,-0.08793819488271465,-0.12176615124596891,-0.0015828416371569797,0.0019024842658694199,0.0010505796188569369,-0.0008285726821407203,电子,False,pipeline_b_frozen_replay,-0.0021987949297100975
2022-08-31,801110.SI,0.0,0.01396,0.0,-0.013950206429104398,-0.0007936191573770692,0.0001947448817502974,-0.0001947448817502974,0.0001947448817502974,家用电器,False,pipeline_b_frozen_replay,0.0009883640391273665
2022-08-31,801120.SI,0.014920728237829776,0.03178,-0.09083333333333377,-0.03250623130339417,-0.0006456002697703735,-0.0018536353025114807,0.0009833524642225823,-0.000322251450781011,食品饮料,False,pipeline_b_frozen_replay,0.0011936316572782608
2022-08-31,801130.SI,0.015542240477005762,0.006939999999999999,-0.09019607843137234,-0.04746302322903492,0.00020074784547531872,-0.00029656740310422163,-0.0003676000171676686,-0.0010724557598537593,纺织服饰,False,pipeline_b_frozen_replay,-0.0006090361850571878
2022-08-31,801140.SI,0.01660860917822818,0.01202,0.014150943396226578,-0.06123670374597447,4.3880927038651925e-05,0.0009061595186492567,0.0003459244496017311,0.0009710926673977693,轻工制造,False,pipeline_b_frozen_replay,-0.00032487222789187055
2022-08-31,801150.SI,0.10388287687006759,0.09937,-0.04762028075327689,-0.047385649449470095,0.00010566480058799364,-2.3315312659281538e-05,-1.0588621839435003e-06,-0.00023821977621686988,医药生物,False,pipeline_b_frozen_replay,-0.00031951040196163846
2022-08-31,801160.SI,0.034634350860815066,0.02623,-0.08439731289519778,-0.0594264784093315,9.558468140346008e-05,-0.0006549849885642726,-0.00020986365430656083,-0.0013642896178455064,公用事业,False,pipeline_b_frozen_replay,-0.000595025656378133
2022-08-31,801170.SI,0.06703686757543881,0.037970000000000004,0.028877268266971696,0.015528270731862259,0.0025092841662335153,0.0005068614364081053,0.000388013543617885,0.001346233169064593,交通运输,False,pipeline_b_frozen_replay,-0.002057925977194913
2022-08-31,801180.SI,0.050176582325831845,0.02284,0.06125406663139263,-0.03383887607804496,0.0010103830507357033,0.0021719228114835546,0.002599516056982152,0.0038463996467446087,房地产,False,pipeline_b_frozen_replay,-0.001935422272456801
2022-08-31,801200.SI,0.016912709048392854,0.01712,-0.0860655737704914,-0.033666509451260644,-7.697377777654224e-06,-0.0008970719811452305,1.0861851906057399e-05,-0.0008792313664577304,商贸零售,False,pipeline_b_frozen_replay,1.4676140559096839e-05
2022-08-31,801210.SI,0.02058865430719088,0.01095,-0.06565656565656541,-0.04779640620529801,0.00022172095363352128,-0.0001955687459913781,-0.00017214790282207447,-0.0008284096853523931,社会服务,False,pipeline_b_frozen_replay,-0.0006824139901724618
2022-08-31,801710.SI,0.016960921129582977,0.012639999999999998,-0.04597701149425282,-0.05252429128505391,7.896666996899475e-05,8.275761655572582e-05,2.829027958936407e-05,-0.0001159054238848707,建筑材料,False,pipeline_b_frozen_replay,-0.00030591998999895536
2022-08-31,801720.SI,0.015745032262102294,0.01292,-0.10139165009940376,-0.09025147144487672,-5.495183592391301e-05,-0.0001439311082164894,-3.147136410462223e-05,-0.0004303657908550922,建筑装饰,False,pipeline_b_frozen_replay,-0.00020001148261006754
2022-08-31,801730.SI,0.03824758813494511,0.06874,-0.12000259542623302,-0.10597748412890635,0.0010726549860510671,-0.0009640861505782353,0.00042765947013131907,0.0026950824140340134,电力设备,False,pipeline_b_frozen_replay,0.0021588541084298623
2022-08-31,801740.SI,0.03674531347470886,0.04745,-0.06724809395603794,-0.05847784631924832,-0.00013190175522679543,-0.00041614825036566725,9.388275170100828e-05,0.00030372151485704487,国防军工,False,pipeline_b_frozen_replay,0.0007578887687484993
2022-08-31,801750.SI,0.03352448410418378,0.0398,-0.04695905775008457,-0.07594536299255364,3.2291587802464186e-05,0.001153654948650269,-0.00018190401931009574,0.0014483472620134769,计算机,False,pipeline_b_frozen_replay,0.00044430474487083945
2022-08-31,801760.SI,0.03300281088987925,0.029679999999999998,-0.0688520002117846,-0.13171563068069395,-0.0002024120637712425,0.0018657925523172293,0.00020888395589943693,0.0016370103762235431,传媒,False,pipeline_b_frozen_replay,-0.00023525406822188046
2022-08-31,801770.SI,0.0,0.022,0.0,-0.006822551793607713,-0.0014074976184777408,0.00015009613945936968,-0.00015009613945936968,0.00015009613945936968,通信,False,pipeline_b_frozen_replay,0.0015575937579371101
2022-08-31,801780.SI,0.0,0.02237,0.0,-0.021336114178716965,-0.0011065007787790637,0.0004772888741778985,-0.0004772888741778985,0.0004772888741778985,银行,True,pipeline_b_frozen_replay,0.001583789652956962
2022-08-31,801790.SI,0.039022610564688615,0.0696,-0.11142623884678186,-0.10678957322107321,0.0011004758717181298,-0.000322711927549322,0.0001417771305186151,0.0030844115709807484,非银金融,True,pipeline_b_frozen_replay,0.0021648704962933256
2022-08-31,801880.SI,0.048001012420185826,0.024229999999999998,-0.08997988178261608,-0.11149012346998076,-0.0009672521749362834,0.0005211931560848461,0.0005113202223115447,-0.0016177197313365734,汽车,False,pipeline_b_frozen_replay,-0.0016829809347966808
2022-08-31,801890.SI,0.032548808566478904,0.03343,-0.059052127723177944,-0.09803001673334726,2.39951075006229e-05,0.00130303082960996,-3.434698189249732e-05,0.0013550670586908182,机械设备,False,pipeline_b_frozen_replay,6.238810347273258e-05
2022-08-31,801950.SI,0.01646309033394988,0.02478,0.06774668630338754,0.03174888843902975,-0.0008528874817433901,0.0008920254310787859,-0.00029939043301459555,0.000328582360919277,煤炭,False,pipeline_b_frozen_replay,0.0005888348445984768
2022-08-31,801960.SI,2.671016824394766e-08,0.01572,-0.02739726027397238,-0.043361322045490036,-0.00043133082432310604,0.0002509550510482576,-0.00025095462464548183,0.0006816392507696721,石油石化,False,pipeline_b_frozen_replay,0.0011129696486900024
2022-08-31,801970.SI,0.016497728821668254,0.013159999999999998,-0.042389210019267765,-0.07665411781814872,-1.9540404781313603e-05,0.00045092618663327333,0.00011436697033213037,0.00030944249862421445,环保,False,pipeline_b_frozen_replay,-0.00023631025355987567
2022-08-31,801980.SI,0.0,0.0084,0.0,-0.03951409825665381,-0.00026279919131100483,0.00033191842535589195,-0.00033191842535589195,0.00033191842535589195,美容护理,False,pipeline_b_frozen_replay,0.0005947176166668968
2022-08-31,999999.SI,0.06595250922770343,0.03773,-0.12501284519766986,-0.08173798066756235,-0.00030870526789897,-0.0016327606387209564,-0.0012213252635285751,-0.005160936815893654,未分类,False,pipeline_b_frozen_replay,-0.001998145645745153
2022-09-30,801010.SI,0.03327161578794323,0.02127,-0.01637102622998272,0.025291622412126933,0.0001381945697851078,-0.0008861645366176723,-0.0005000191017106747,-0.0010826433034842658,农林牧渔,False,pipeline_b_frozen_replay,0.00016534576505897354
2022-09-30,801030.SI,0.08184812486327966,0.05112,-0.07196674830063457,-0.05914892847388919,-0.0022408757668836593,-0.0006552469495432238,-0.0003938675681112538,-0.0028666501773293427,基础化工,False,pipeline_b_frozen_replay,0.0004233401072087943
2022-09-30,801040.SI,0.002713355464721401,0.03268,0.20264765784114094,-0.0046793865070667556,0.0005530747362785444,0.006775447809299428,-0.006212895840532682,0.000702777480867194,钢铁,False,pipeline_b_frozen_replay,-0.0004128492241780962
2022-09-30,801050.SI,0.07497881267485122,0.07238,-0.007869046554169066,-0.028945375146288407,-0.00011102734270225364,0.001525504663497598,5.477342988452897e-05,0.001505054485573629,有色金属,False,pipeline_b_frozen_replay,3.580373489375571e-05
2022-09-30,801080.SI,0.054601499598129995,0.05326,0.16508524887210146,0.07497532431521123,8.209758287731791e-05,0.004799254581899974,0.00012088242758059223,0.005020716376919088,电子,False,pipeline_b_frozen_replay,1.848178456120321e-05
2022-09-30,801110.SI,0.015785449845511994,0.01488,-0.09661016949152545,-0.0819191011292353,-8.664798258963517e-05,-0.00021860309723087756,-1.3302025579041749e-05,-0.0003060787602718667,家用电器,False,pipeline_b_frozen_replay,1.2474345127687716e-05
2022-09-30,801120.SI,0.015533042176193133,0.03293,-0.05499541704857913,-0.09136931512844651,0.0018292252911459822,0.0011977924637700328,-0.0006327951707829024,0.002154545414666833,食品饮料,False,pipeline_b_frozen_replay,-0.00023967716946627976
2022-09-30,801130.SI,0.010611141430599293,0.0071,-0.045689655172413635,-0.03337030520600857,-0.0001655407116442356,-8.746738476147598e-05,-4.325498006509684e-05,-0.0002478902259871328,纺织服饰,False,pipeline_b_frozen_replay,4.837285048367565e-05
2022-09-30,801140.SI,0.03532044279241989,0.01215,-0.005487608275323254,-0.053930136887229696,-0.0015688033849741787,0.0005885767226346632,0.0011224348379223416,0.0004614264090240758,轻工制造,False,pipeline_b_frozen_replay,0.00031921823344124975
2022-09-30,801150.SI,0.13045930553508747,0.10195,0.02920615006031338,0.10195466113108909,0.0025138850599538093,-0.007416710703665583,-0.002074009529339438,-0.006584063648092495,医药生物,False,pipeline_b_frozen_replay,0.0003927715249587181
2022-09-30,801160.SI,0.03528231578659205,0.026609999999999998,0.01953015794346917,-0.02097968531012799,-0.00030142059254898503,0.0010779669289782204,0.00035131415316054016,0.0012473386260260042,公用事业,False,pipeline_b_frozen_replay,0.00011947813643622875
2022-09-30,801170.SI,0.07278546316344123,0.04143,-0.03281966498347854,-0.04706718362828989,-0.001907796263525611,0.0005902746974545342,0.0004467375460378244,-0.0004388010989714089,交通运输,False,pipeline_b_frozen_replay,0.0004319829210618436
2022-09-30,801180.SI,0.054328128622054536,0.0238,-0.06049189888981402,-0.07198112546682994,-0.0026180338238646567,0.0002734435925329789,0.0003507445867110693,-0.0015732608773675815,房地产,False,pipeline_b_frozen_replay,0.0004205847672530273
2022-09-30,801200.SI,0.017206071880851548,0.01786,-0.05842696629213506,0.03234994619258959,-1.2145398777168013e-05,-0.0016212756569771824,5.9361575643239716e-05,-0.0015830686208022165,商贸零售,False,pipeline_b_frozen_replay,-9.00914069110561e-06
2022-09-30,801210.SI,0.020893449147372036,0.01115,-0.07779419005416055,-0.046051649232389275,-0.0005829369989596438,-0.00035392933016274974,-0.00030928183230530937,-0.0011119130649164585,社会服务,False,pipeline_b_frozen_replay,0.00013423509651124444
2022-09-30,801710.SI,0.01721201520652444,0.01287,-0.0717131474103585,-0.1284063966548363,-0.0006173622910708708,0.0007296421177764293,0.0002461629503268029,0.00041826254121292384,建筑材料,False,pipeline_b_frozen_replay,5.981976418056249e-05
2022-09-30,801720.SI,0.0,0.012669999999999999,0.0,0.03654393873966504,-0.00028845763708649716,-0.00046301170383155607,0.00046301170383155607,-0.00046301170383155607,建筑装饰,False,pipeline_b_frozen_replay,-0.00017455406674505897
2022-09-30,801730.SI,0.0354507683903128,0.06555,-0.04750183895965211,0.00614381314286658,0.00022975181607276366,-0.0035164724953201,0.0016146929074864129,-0.0020867036425874686,电力设备,False,pipeline_b_frozen_replay,-0.0004146758708265452
2022-09-30,801740.SI,0.05187640640274561,0.04826,0.05404529266188595,0.09651859994498334,0.0002992274011674543,-0.00204976180948228,-0.00015360074040437515,-0.001854312067061575,国防军工,False,pipeline_b_frozen_replay,4.982308165762603e-05
2022-09-30,801750.SI,0.016628166383343374,0.03969,0.1558282208588957,0.23424975612597054,-0.0050845069712073445,-0.003112550734750201,0.0018085443982920502,-0.006706235236977675,计算机,False,pipeline_b_frozen_replay,-0.0003177219293121784
2022-09-30,801760.SI,0.05135678935764096,0.02776,-0.0314567094924516,-0.011975336680978778,-0.0006076714896106149,-0.0005408029092464856,-0.0004596978506299978,-0.0012830802570243708,传媒,False,pipeline_b_frozen_replay,0.0003250919924627277
2022-09-30,801770.SI,0.016117413194217983,0.023479999999999997,0.15919037199124686,0.04183081323652933,-0.00020654893925264688,0.0027556024395607673,-0.0008640699388198824,0.0015835495071304824,通信,False,pipeline_b_frozen_replay,-0.00010143405435775557
2022-09-30,801780.SI,0.0,0.0236,0.0,-0.049485163342351667,0.0014929860802294116,0.0011678498548794993,-0.0011678498548794993,0.0011678498548794993,银行,True,pipeline_b_frozen_replay,-0.0003251362253499121
2022-09-30,801790.SI,0.037027289660434205,0.06676,0.008258429318673524,0.014268240551801845,-1.460714095702423e-05,-0.0004012149979236467,0.00017868797659007307,-0.0006467604847155443,非银金融,True,pipeline_b_frozen_replay,-0.0004096263224249464
2022-09-30,801880.SI,0.0,0.02253,0.0,-0.01152697401308497,0.0005700976040543607,0.0002597027245148044,-0.0002597027245148044,0.0002597027245148044,汽车,False,pipeline_b_frozen_replay,-0.0003103948795395563
2022-09-30,801890.SI,0.018330883216270816,0.03245,-0.06710605152786098,-0.008246303537179228,0.00031094901150332204,-0.0019099988222976228,0.0008310476557413048,-0.0009625206438808056,机械设备,False,pipeline_b_frozen_replay,-0.00019451848882780958
2022-09-30,801950.SI,0.01620056203440199,0.02741,-0.17166212534059933,-0.12486654635599491,0.0015541157692724567,-0.0012826668199680071,0.0005245521396921651,0.0006415691250801514,煤炭,False,pipeline_b_frozen_replay,-0.00015443196391646337
2022-09-30,801960.SI,2.88977067340859e-08,0.01629,-0.04827586206896539,-0.11722250014278766,0.0021339773989857143,0.0011231407342225648,-0.0011231387418228374,0.0019095531322643065,石油石化,False,pipeline_b_frozen_replay,-0.00022442625912113515
2022-09-30,801970.SI,0.016686700571773922,0.01292,-0.03406813627254479,-0.027577008371377228,-0.00015576801141765076,-8.386537248308491e-05,-2.4450135176785524e-05,-0.0002121898408601513,环保,False,pipeline_b_frozen_replay,5.189367821736992e-05
2022-09-30,801980.SI,0.0,0.0087,0.0,-0.0033311184255164555,0.0001488402710030202,2.8980730301993162e-05,-2.8980730301993162e-05,2.8980730301993162e-05,美容护理,False,pipeline_b_frozen_replay,-0.00011985954070102703
2022-09-30,999999.SI,0.06749473562773031,0.038489999999999996,0.05606263270097837,0.1569766309527567,0.004153468635632074,-0.0038841797927109483,-0.0029269838404300703,-0.002258097952624522,未分类,False,pipeline_b_frozen_replay,0.00039959704488442237
2022-10-31,801010.SI,0.01661852317014493,0.02182174573965917,0.0641399416909616,0.06350488886603436,-2.4456042464759517e-05,1.3857961276814404e-05,-3.304321191495164e-06,-0.00031987643093692435,农林牧渔,False,pipeline_b_frozen_replay,-0.00030597402855748405
2022-10-31,801030.SI,0.03674899694125874,0.04732378590287222,0.0018519049559040826,0.09454185664335861,-0.0003779127141507954,-0.004386439429004668,0.0009801766779569813,-0.004406022933090319,基础化工,False,pipeline_b_frozen_replay,-0.0006218474678918373
2022-10-31,801040.SI,0.033528996691606514,0.03210256820545643,0.137654378757403,0.08795084019945293,4.157486097668778e-05,0.0015956112366091253,7.089854326151914e-05,0.001791965363711978,钢铁,False,pipeline_b_frozen_replay,8.38807228646459e-05
2022-10-31,801050.SI,0.09580337727757353,0.06944555564445154,0.010939403997592415,0.06095404837034427,5.665170368401214e-05,-0.003473294768825394,-0.0013182770754210217,-0.0031849559094841917,有色金属,False,pipeline_b_frozen_replay,0.0015499642310782121
2022-10-31,801080.SI,0.0572129798774791,0.05644451556124489,-0.02501769682457112,0.015000724781690034,-3.366180461367216e-05,-0.0022588204210910665,-3.0752728996427764e-05,-0.002278045628375115,电子,False,pipeline_b_frozen_replay,4.518932632605098e-05
2022-10-31,801110.SI,0.0,0.01344107528602288,0.0,0.08702636109287436,-0.00037932924845203024,-0.0011697278713179366,0.0011697278713179366,-0.0011697278713179366,家用电器,False,pipeline_b_frozen_replay,-0.0007903986228659063
2022-10-31,801120.SI,0.015723823246463264,0.02942235378830306,0.11089494163424085,0.1319977521833361,-0.0010026370335186798,-0.0006208943579030142,0.00028907749482544017,-0.002139992102815204,食品饮料,False,pipeline_b_frozen_replay,-0.0008055382062189503
2022-10-31,801130.SI,0.0,0.006780542443395471,0.0,0.10241401026722792,-0.0002956946667016739,-0.0006944225434152785,0.0006944225434152785,-0.0006944225434152785,纺织服饰,False,pipeline_b_frozen_replay,-0.00039872787671360447
2022-10-31,801140.SI,0.01772737124911705,0.011310904872389789,0.01955914312325424,0.078923310013974,0.000129090278248883,-0.0006714624445296027,-0.00038090818083672895,-0.0005459618603216457,轻工制造,False,pipeline_b_frozen_replay,0.00037731848679580296
2022-10-31,801150.SI,0.14028118765110567,0.11106888551084085,0.018311835192614385,0.08187128816330515,0.0006738276581253553,-0.007059477605133326,-0.0018567179440497712,-0.00652454674274394,医药生物,False,pipeline_b_frozen_replay,0.0017178211483138018
2022-10-31,801160.SI,0.034763297392511674,0.025652052164173128,0.008529908525145895,0.08079220854954706,0.00020033343119516434,-0.001853676289729068,-0.0006583995362860936,-0.001775958201381168,公用事业,False,pipeline_b_frozen_replay,0.0005357841934388293
2022-10-31,801170.SI,0.06629955004616621,0.03875310024801983,0.06987941251327325,0.06673695677645666,0.00021850505606979214,0.00012177990219381804,8.656349919711506e-05,0.0020467096309146606,交通运输,False,pipeline_b_frozen_replay,0.0016198611734539355
2022-10-31,801180.SI,0.048153621633240384,0.02184174733978718,0.17254342814924425,0.22264725823994036,0.0043110043598004215,-0.0010943551975966105,-0.001318325678966934,0.0034455857940277803,房地产,False,pipeline_b_frozen_replay,0.0015472623107909034
2022-10-31,801200.SI,0.0,0.01829146331706536,0.0,-0.000888661244188927,0.0010918792309346046,1.625491454937942e-05,-1.625491454937942e-05,1.625491454937942e-05,商贸零售,False,pipeline_b_frozen_replay,-0.0010756243163852252
2022-10-31,801210.SI,0.020936406310653306,0.01041083286662933,0.11228813559322082,0.14794172479041018,0.0009382181263889122,-0.0003711835582273994,-0.0003752744716380765,0.000810713459851569,社会服务,False,pipeline_b_frozen_replay,0.0006189533633281325
2022-10-31,801710.SI,0.01660323139658544,0.011080886470917671,0.1459227467811155,0.16727702728230504,0.0005990215145244471,-0.00023662435790181217,-0.00011792570256703025,0.0005692113823243838,建筑材料,False,pipeline_b_frozen_replay,0.0003247399282687791
2022-10-31,801720.SI,0.0,0.012851028082246578,0.0,0.0715443398784952,-0.00016371725663150103,-0.0009194183209043356,0.0009194183209043356,-0.0009194183209043356,建筑装饰,False,pipeline_b_frozen_replay,-0.0007557010642728346
2022-10-31,801730.SI,0.03596503686623811,0.06499519961596927,0.18055493192645472,0.04324359324069308,0.0004517419434130121,0.00892457786741704,-0.003986170509431117,0.00368303880832543,电力设备,False,pipeline_b_frozen_replay,-0.0017071104930735065
2022-10-31,801740.SI,0.03365442475783134,0.05214417153372269,0.022296508206945554,-0.04192659128434355,0.001862496375009873,0.003348860316301117,-0.0011874688467568117,0.002936603525568111,国防军工,False,pipeline_b_frozen_replay,-0.0010872843189860667
2022-10-31,801750.SI,0.07691897307723418,0.04837386990959276,0.0026702824882201496,-0.003990362364136915,-0.0017924920071797834,0.0003222011676019193,0.00019012879447355215,0.00039842465671490975,计算机,False,pipeline_b_frozen_replay,0.0016785867018192216
2022-10-31,801760.SI,0.033237105079099216,0.026942155372429787,0.12639970216824864,0.14423744771631505,0.0005377947457405314,-0.00048058731204987307,-0.00011228771110544458,0.0003150924560372465,传媒,False,pipeline_b_frozen_replay,0.00037017273345203277
2022-10-31,801770.SI,0.01606886393211325,0.02411192895431634,-0.005878894767783249,-0.1521196176472809,0.0016964781350392237,0.0035261459202983116,-0.0011762236430137825,0.0035734302531742813,通信,False,pipeline_b_frozen_replay,-0.00047297015914947145
2022-10-31,801780.SI,0.0,0.022091767341387306,0.0,0.08836269624311534,-0.0006529880095674371,-0.0019520881270605822,0.0019520881270605822,-0.0019520881270605822,银行,True,pipeline_b_frozen_replay,-0.001299100117493145
2022-10-31,801790.SI,0.03698430359744111,0.06669533562685014,0.11409300150693166,0.09653943585778531,-0.0011211374527716085,0.0011707409524177636,-0.0005215345512321214,-0.0022190798696860954,非银金融,True,pipeline_b_frozen_replay,-0.0017471488181001289
2022-10-31,801880.SI,0.016182036950141046,0.022631810544843582,0.03409881697981909,0.07550962839750745,-0.00010774289907478782,-0.0009372016385133685,0.0002670903580170127,-0.0011571312878804001,汽车,False,pipeline_b_frozen_replay,-0.00037927710830925644
2022-10-31,801890.SI,0.01602331605456746,0.031812545003600284,0.02049351735675442,0.053950388592851284,7.66460961482904e-05,-0.0010643482218779914,0.0005282581998650442,-0.0013879250593947649,机械设备,False,pipeline_b_frozen_replay,-0.0009284811335301081
2022-10-31,801950.SI,0.017124787050415622,0.024081926554124326,0.1045349730976175,0.08386137404370514,-0.0001743226613987163,0.0004978600940257317,-0.0001438291126618086,-0.00022940429683082977,煤炭,False,pipeline_b_frozen_replay,-0.0004091126167960366
2022-10-31,801960.SI,0.01009563644079947,0.01453116249299944,0.04799244253266629,0.0639231550658975,-2.2702967204288462e-05,-0.00023149177244964554,7.066109047125564e-05,-0.0004443635016119968,石油石化,False,pipeline_b_frozen_replay,-0.0002608298524293184
2022-10-31,801970.SI,0.016967621308949354,0.012360988879110326,0.047101449275362306,0.06532002417434278,3.001362720618954e-05,-0.0002251996017195362,-8.392627795509475e-05,-8.220537995234163e-06,环保,False,pipeline_b_frozen_replay,0.00027089171447320726
2022-10-31,801980.SI,0.01883146133235765,0.008470677654212335,0.0045613411527754,0.04753119169880743,-0.00011680255269282614,-0.0003639837528251172,-0.00044520132618967216,-0.0003167246838589893,美容护理,False,pipeline_b_frozen_replay,0.0006092629478486263
2022-10-31,999999.SI,0.07154506998558727,0.04271341707336586,-0.03478699555083245,-0.026570285180843225,-0.0024615024184511352,-0.0003509637770044001,-0.0002369013414677797,-0.0013539303585849917,未分类,False,pipeline_b_frozen_replay,0.0016954371783383234
2022-11-30,801010.SI,0.016723456720174633,0.0218708748349934,-0.05946684894053323,-0.037939667641392436,-7.788866234951868e-05,-0.0004708182877437189,0.00011080940298018511,-0.00016471755227602698,农林牧渔,False,pipeline_b_frozen_replay,0.00027317999483702544
2022-11-30,801030.SI,0.03583769162401916,0.04887195487819512,-0.09659934923808854,-0.054714796381641895,2.142221056685704e-05,-0.002046979977293639,0.0005459342882143732,-0.0007878786291423108,基础化工,False,pipeline_b_frozen_replay,0.0006917448493700977
2022-11-30,801040.SI,0.01622434603334358,0.032981319252770105,-0.05760368663594462,-0.05950346112075357,0.0001077841251169609,6.265706879175083e-05,-3.18344701648934e-05,0.0010279205030905127,钢铁,False,pipeline_b_frozen_replay,0.0008893137793466944
2022-11-30,801050.SI,0.09915831654927594,0.06946277851114044,-0.10429976357294692,-0.06152921244615128,-0.00025116327703752784,-0.0029709613197200133,-0.001270094527897779,-0.0060681989162689985,有色金属,False,pipeline_b_frozen_replay,-0.0015759797916136782
2022-11-30,801080.SI,0.034153659015320824,0.05381215248609944,-0.07424679554848898,-0.04687039458865913,-0.00012189978576965162,-0.001473183062970963,0.0005381787995222325,-1.3602917454757276e-05,电子,False,pipeline_b_frozen_replay,0.0010433011317636247
2022-11-30,801110.SI,0.01584856190798222,0.013850554022160885,-0.10631802495354392,-0.032706003869547806,4.0689953887958526e-05,-0.0010195672747043342,-0.00014707739861707068,-0.0012319915269664646,家用电器,False,pipeline_b_frozen_replay,-0.00010603680753301799
2022-11-30,801120.SI,0.015543495708645006,0.03152126085043402,-0.0182207931404067,0.05708583453236378,-0.0017600642774439252,-0.002373759854639911,0.0012032316105756757,-0.0020826323011453726,食品饮料,False,pipeline_b_frozen_replay,0.000847960220362788
2022-11-30,801130.SI,0.0,0.007060282411296451,0.0,-0.00164463938103268,-0.00036308650581594624,1.1611618494830514e-05,-1.1611618494830514e-05,1.1611618494830514e-05,纺织服饰,False,pipeline_b_frozen_replay,0.00037469812431077676
2022-11-30,801140.SI,0.017035832249446558,0.011480459218368735,0.011624349954114876,0.006469603570082743,0.0003307717398178568,5.917885564291461e-05,2.863653904389804e-05,0.00012375645588181514,轻工制造,False,pipeline_b_frozen_replay,-0.0002948306786228543
2022-11-30,801150.SI,0.13681082868751956,0.11337453498139925,-0.0332252545455199,-0.07331784144715071,-0.00047450469394822977,0.004545478396173732,0.0009396216420647719,0.003766801572184319,医药生物,False,pipeline_b_frozen_replay,-0.0012437937721059547
2022-11-30,801160.SI,0.01747101360955299,0.026621064842593703,-0.07096774193548361,-0.04020084644109663,-0.00011776499631447265,-0.0008190475199613798,0.00028151867005525035,-0.00016968904535849278,公用事业,False,pipeline_b_frozen_replay,0.0004856048008621093
2022-11-30,801170.SI,0.051083339335097316,0.039041561662466494,-0.016152939521953985,-0.03969790148198377,0.00016103907957599914,0.000919232084202931,0.00028352319723322876,0.0007247219777201093,交通运输,False,pipeline_b_frozen_replay,-0.0006390723832920497
2022-11-30,801180.SI,0.04844988468799043,0.025221008840353613,-0.08807209557381628,-0.13265169241087377,-0.0018485638501796171,0.001124342405926827,0.0010355339202657112,-0.000921473367798555,房地产,False,pipeline_b_frozen_replay,-0.0012327858438114761
2022-11-30,801200.SI,0.017223310237839715,0.0172206888275531,0.16964285714285698,-0.019556861101618715,8.785500516588989e-08,0.003258149474148837,4.959700876307231e-07,0.0032585941776796024,商贸零售,False,pipeline_b_frozen_replay,-1.3912156203096937e-07
2022-11-30,801210.SI,0.020625057834975095,0.011320452818112723,0.056872037914692086,0.021262132592603792,0.0006916429113904876,0.0004031202530561617,0.00033133610370989684,0.0009322921023563926,社会服务,False,pipeline_b_frozen_replay,-0.0004938071658001535
2022-11-30,801710.SI,0.0,0.012240489619584783,0.0,-0.016329124236558204,-0.0004497418021274123,0.000199876475714501,-0.000199876475714501,0.000199876475714501,建筑材料,False,pipeline_b_frozen_replay,0.0006496182778419132
2022-11-30,801720.SI,0.0,0.01299051962078483,0.0,-0.06849624179451472,0.00020037845360532114,0.0008898017729816654,-0.0008898017729816654,0.0008898017729816654,建筑装饰,False,pipeline_b_frozen_replay,0.0006894233193763442
2022-11-30,801730.SI,0.034182213902193156,0.0641425657026281,0.014509161076539568,-0.06457235961457884,0.00034457681746289396,0.005072491636793806,-0.002369310180819282,0.004637792066611503,电力设备,False,pipeline_b_frozen_replay,0.0015900337931740844
2022-11-30,801740.SI,0.050095836753943315,0.046981879275171,0.01719632468576417,-0.03369074456560828,6.0350118968800045e-05,0.0023907701442352465,0.00015846016986811588,0.0024443187680978787,国防军工,False,pipeline_b_frozen_replay,-0.00016526166497428342
2022-11-30,801750.SI,0.0519807381328596,0.04559182367294691,-0.0266803931820698,-0.051297418680076604,1.1332957367374885e-05,0.0011223350858575642,0.00015727607016425497,0.0009518763360604828,计算机,False,pipeline_b_frozen_replay,-0.00033906777732871114
2022-11-30,801760.SI,0.05931852974983487,0.02914116564662586,-0.03426101693701795,-0.008160012305030523,0.0013553032483559209,-0.0007606136995240944,-0.0007876595202390294,-0.0017945208821786957,传媒,False,pipeline_b_frozen_replay,-0.0016015509107714927
2022-11-30,801770.SI,0.033223009557829294,0.019190767630705225,-0.06901003980750883,-0.05994058252336467,-9.639191445866735e-05,-0.0001740498472766175,-0.0001272648187588285,-0.0011424154212560439,通信,False,pipeline_b_frozen_replay,-0.0007447088407619305
2022-11-30,801780.SI,0.0,0.022630905236209448,0.0,-0.03319907582817929,-0.00044972564756830637,0.0007513251389972572,-0.0007513251389972572,0.0007513251389972572,银行,True,pipeline_b_frozen_replay,0.0012010507865655635
2022-11-30,801790.SI,0.03875933578636497,0.06922276891075642,-0.07246989581621308,-0.07156059163379967,0.0005632483417529028,-6.294455328878733e-05,2.770052715068016e-05,0.0021447372714400352,非银金融,True,pipeline_b_frozen_replay,0.0016167329558252396
2022-11-30,801880.SI,0.03517117276370536,0.023030921236849473,-0.07627200285895924,-0.05398980565627412,-1.1151305171518602e-05,-0.0005131795287589887,-0.0002705114786116021,-0.0014391408279238254,汽车,False,pipeline_b_frozen_replay,-0.000644298515381716
2022-11-30,801890.SI,0.016306495554380667,0.031811272450898036,-0.04587155963302747,-0.08393066997404298,0.00047846817723419825,0.0012107087282968354,-0.0005900980147173826,0.001921937026302218,机械设备,False,pipeline_b_frozen_replay,0.0008228581354885671
2022-11-30,801950.SI,0.032541043065950154,0.024600984039361572,-0.10192340505485893,-0.1007817613934971,-0.0003788241513825753,-2.8085557491800885e-05,-9.0647180585437e-06,-0.0008373634098182777,煤炭,False,pipeline_b_frozen_replay,-0.00042138898288535776
2022-11-30,801960.SI,2.9065026932385295e-08,0.014560582423296931,-0.0628930817610065,-0.11989717062841332,0.0009730221533032974,0.00083001273441882,-0.0008300110775934418,0.0017457708072659928,石油石化,False,pipeline_b_frozen_replay,0.0007727469971373172
2022-11-30,801970.SI,0.01693131831595976,0.012410496419856793,-0.027491408934707695,-0.050906345007912544,9.78722121633671e-06,0.00029059098030768444,0.00010585475569559568,0.00016630721684093722,环保,False,pipeline_b_frozen_replay,-0.00023992574037867963
2022-11-30,801980.SI,0.019105168030560327,0.008410336413456537,-0.017885416055826053,0.046352677650968975,0.0010633223336708605,-0.0005402639786332915,-0.0006870155955979075,-0.0007315454917521957,美容护理,False,pipeline_b_frozen_replay,-0.0005675882511918572
2022-11-30,999999.SI,0.07019603865017504,0.03933157326293051,-0.0156572952681679,-0.08179610500700092,-0.0008865768061677212,0.0026013434407659328,0.002041339003937763,0.0021180893929036975,未分类,False,pipeline_b_frozen_replay,-0.001638016245632277
2020-12-31,801010.SI,0.05446940810776125,0.02770861456927154,0.0008322728734695625,0.012309981489099063,0.0005174097941570582,-0.000318031404168885,-0.0003071525905578056,-0.0002957591216342805,农林牧渔,False,rolling_48m_replay,-0.00018798492106464804
2020-12-31,801030.SI,0.0702264032226628,0.08529573521323934,0.17006015583386563,0.07283370022943093,-0.0012034118300642907,0.008293002012957632,-0.0014651377377702778,0.005730309066327929,基础化工,False,rolling_48m_replay,0.00010585662120486498
2020-12-31,801040.SI,0.01634828427930771,0.025498725063746813,-0.07970032996811638,-0.05233806764466429,0.00041463784312406886,-0.0006977028041078229,0.00025037676111903744,3.159034576568319e-05,钢铁,False,rolling_48m_replay,6.427854563039977e-05
2020-12-31,801050.SI,0.033677508837693444,0.05113744312784361,-0.03883021793160677,0.04670381853793133,-0.0009380953427578651,-0.004373991925455906,0.001493418656329443,-0.003696018871897841,有色金属,False,rolling_48m_replay,0.00012264973998648773
2020-12-31,801080.SI,0.08895072463433815,0.07308634568271587,0.04158838009451899,-0.039491644137029,-0.0005150688687071492,0.005925842678949895,0.0012862842298159943,0.00658561650075345,电子,False,rolling_48m_replay,-0.00011144153930528998
2020-12-31,801110.SI,0.01775945239419571,0.010469476526173692,0.16840113528855283,0.02516604636063004,0.00023466932138909032,0.0014995964012552887,0.0010441803417385448,0.00272723661365635,家用电器,False,rolling_48m_replay,-5.120945072657366e-05
2020-12-31,801120.SI,0.07538517248696669,0.045097745112744364,0.011337824439953457,0.037233651707693036,0.0013404697735557856,-0.0011678434176041748,-0.0007843179876670686,-0.0008244498832974016,食品饮料,False,rolling_48m_replay,-0.00021275825158194382
2020-12-31,801130.SI,0.0,0.004829758512074396,0.0,-0.0797172943024296,0.00035108796943021707,0.0003850152807166991,-0.0003850152807166991,0.0003850152807166991,纺织服饰,False,rolling_48m_replay,3.392731128648205e-05
2020-12-31,801140.SI,0.01563639308170105,0.023088845557722115,0.17464242999041013,0.08436542433825142,-0.0006810801057870083,0.002084391840916299,-0.0006727850943001978,0.0007828774311159313,轻工制造,False,rolling_48m_replay,5.235079028683841e-05
2020-12-31,801150.SI,0.10847083030385328,0.1104744762761862,0.06724548698792004,-0.01541051117869234,1.6802318483499782e-05,0.00913137810854191,-0.0001656133578156902,0.008996641959380998,医药生物,False,rolling_48m_replay,1.407489017127804e-05
2020-12-31,801160.SI,0.03294774180202793,0.02851857407129644,-0.05462375265517789,-0.049697600366827736,-0.00018900570228505328,-0.00014048683892180027,-2.18187547522296e-05,-0.000382424601513573,公用事业,False,rolling_48m_replay,-3.1113305554489844e-05
2020-12-31,801170.SI,0.032240943584486856,0.026218689065546724,0.024785859006640973,-0.03266546716786493,-0.0001544155917047807,0.001506298457372676,0.0003459865086735216,0.0016555652087812327,交通运输,False,rolling_48m_replay,-4.230416556018444e-05
2020-12-31,801180.SI,0.030696033963733466,0.030318484075796213,0.03901622199082635,-0.045533727708785235,-1.4539102026353006e-05,0.0025634263035770443,3.192182403418871e-05,0.002578156873817416,房地产,False,rolling_48m_replay,-2.6521517674641705e-06
2020-12-31,801200.SI,0.03134915478768491,0.018189090545472728,-0.12534972922791882,-0.016175755274498584,-0.00012042927456722588,-0.001985775297447842,-0.0014367365108046096,-0.003635385786831155,商贸零售,False,rolling_48m_replay,-9.24447040114777e-05
2020-12-31,801210.SI,0.0,0.004789760511974401,0.0,0.019441302991449087,-0.0001267655251342134,-9.311918536977263e-05,9.311918536977263e-05,-9.311918536977263e-05,社会服务,False,rolling_48m_replay,3.3646339764440753e-05
2020-12-31,801230.SI,0.0,0.013429328533573322,0.0,0.007478050831701553,-0.0001947613899350341,-0.00010042520140968137,0.00010042520140968137,-0.00010042520140968137,综合,False,rolling_48m_replay,9.433618852535276e-05
2020-12-31,801710.SI,0.0,0.021388930553472327,0.0,-0.010545052260208264,7.529786906476767e-05,0.00022554739047633097,-0.00022554739047633097,0.00022554739047633097,建筑材料,False,rolling_48m_replay,0.00015024952141156332
2020-12-31,801720.SI,0.016818454094370654,0.012769361531923405,0.028798722060189963,0.0010371201285730035,3.264281000251311e-05,0.0003544979317701601,0.00011240929590293142,0.0004711066230720608,建筑装饰,False,rolling_48m_replay,-2.8443414603543892e-05
2020-12-31,801730.SI,0.06397104067866663,0.06234688265586721,0.1916696980089001,0.13712480465313664,0.00023412147582242202,0.0034007040655285752,8.858952614650214e-05,0.003712005943277273,电力设备,False,rolling_48m_replay,-1.1409124220226538e-05
2020-12-31,801740.SI,0.013705508484978379,0.04360781960901955,-0.09825454968853231,-0.11415810310543431,0.0032035381675399027,0.0006935192885466688,-0.0004755530022500116,0.0036315574026857247,国防军工,False,rolling_48m_replay,0.00021005294884916467
2020-12-31,801750.SI,0.037516182539422994,0.04837758112094395,0.06656224911530857,-0.047072315544206905,0.0004349737743274742,0.005497365369958861,-0.0012342302994046129,0.004774406251835004,计算机,False,rolling_48m_replay,7.629740695328131e-05
2020-12-31,801760.SI,0.06280720649739135,0.03455827208639568,-0.05057826564049021,0.004639842165595609,0.00032950917088343313,-0.001908242393658643,-0.0015598527057134064,-0.0033370245023587666,传媒,False,rolling_48m_replay,-0.00019843857387015062
2020-12-31,801770.SI,0.016614633116083865,0.016769161541922904,-0.030363196399059374,-0.09304619020947333,1.3292774855615061e-05,0.001051141249138185,-9.68630436040147e-06,0.0010558332260811733,通信,False,rolling_48m_replay,1.085506447774838e-06
2020-12-31,801780.SI,0.0,0.019039048047597623,0.0,-0.04112664511948259,0.0006492697279746859,0.0007830121724663252,-0.0007830121724663252,0.0007830121724663252,银行,True,rolling_48m_replay,0.0001337424444916393
2020-12-31,801790.SI,0.01171426201438551,0.04216789160541973,-0.17330811548616834,-0.17404002354588705,0.005086224648881155,3.0863019727351445e-05,-2.228925694536601e-05,0.005308724173863303,非银金融,True,rolling_48m_replay,0.00021392576220016259
2020-12-31,801880.SI,0.05067106889942786,0.03888805559722014,0.04318896634347499,-0.06776281727821419,-0.000715678759476449,0.004314699130090987,0.0013073463423180361,0.004823595295024755,汽车,False,rolling_48m_replay,-8.277141790782004e-05
2020-12-31,801890.SI,0.034031369188045085,0.03752812359382031,0.10485063320215032,0.06635081784867844,-0.0002565759529395438,0.0014448258289243535,-0.0001346243989587854,0.0010781889153264126,机械设备,False,rolling_48m_replay,2.4563438300388403e-05
2020-12-31,801950.SI,0.016322909414775093,0.010549472526373681,-0.10547316629606429,-0.16234022403440004,-0.0008967047264487847,0.0005999174632662789,0.00032831836888136054,-9.0252057639152e-06,煤炭,False,rolling_48m_replay,-4.055631146276993e-05
2020-12-31,801960.SI,0.03139576367935222,0.010149492525373734,-0.11946108247617543,0.12591774369153708,0.0028245299161598564,-0.0024904705620741787,-0.0052133850762041715,-0.00502857311271079,石油石化,False,rolling_48m_replay,-0.00014924739059229628
2020-12-31,801970.SI,0.0,0.0035898205089745514,0.0,-0.08446312778775047,0.00027799027428140194,0.00030320746838460497,-0.00030320746838460497,0.00030320746838460497,环保,False,rolling_48m_replay,2.5217194103203033e-05
2020-12-31,801980.SI,0.0,0.004469776511174441,0.0,0.06190461817315806,-0.00030809837583171506,-0.00027669980824360436,0.00027669980824360436,-0.00027669980824360436,美容护理,False,rolling_48m_replay,3.139856758811071e-05
2020-12-31,999999.SI,0.020574091364065485,0.015649217539123045,0.012755968434721597,-0.04774306712007578,-0.00020053311953413235,0.0009467625683041639,0.0002979501166380837,0.0010095841033601163,未分类,False,rolling_48m_replay,-3.459546204799893e-05
2021-01-29,801010.SI,0.05530722277792975,0.028024483917426787,0.06230652491963051,0.03480853844730913,0.0008291387479518854,0.00077061687965519,0.0007502203841139875,0.00247050952834289,农林牧渔,False,rolling_48m_replay,0.00012053351662182727
2021-01-29,801030.SI,0.06353589088904106,0.09264482317170747,0.07796912064461986,0.023083490718450582,-0.0005433342376913196,0.005084869479177728,-0.0015976620848123504,0.002815271626194442,基础化工,False,rolling_48m_replay,-0.00012860153047961672
2021-01-29,801040.SI,0.01626679483089903,0.024153864618338933,0.024861878453038555,0.0712394521354566,-0.000527025925669627,-0.0011201976360521641,0.00036578316020536726,-0.0013162850064581276,钢铁,False,rolling_48m_replay,-3.484460494170374e-05
2021-01-29,801050.SI,0.03451870232468216,0.054048647783645376,0.057951053928809254,0.13044907701594693,-0.0024613812225316284,-0.0039184201148472955,0.0014158824367744547,-0.005050201037366376,有色金属,False,rolling_48m_replay,-8.628213676190651e-05
2021-01-29,801080.SI,0.08533055677864558,0.07039126260201632,0.008132267477072897,-0.015791273834632632,-0.0003019113978369549,0.0016840082788424499,0.0003574008214023119,0.0018054986150054767,电子,False,rolling_48m_replay,6.600091259766983e-05
2021-01-29,801110.SI,0.033717118651412206,0.010751720275244039,-0.050920974931050064,-0.03849669382100732,-0.0009855516730625468,-0.00013358239511617804,-0.0002853285652296324,-0.001303002870110615,家用电器,False,rolling_48m_replay,0.00010145976329774221
2021-01-29,801120.SI,0.07340889818475332,0.04694751160185629,-0.07194114529850454,-0.08012148647128978,-0.002237030458253241,0.00038404666211647767,0.00021646317015305947,-0.0015196157948436165,食品饮料,False,rolling_48m_replay,0.00011690483114008745
2021-01-29,801130.SI,0.0,0.004440710513682188,0.0,0.03903595941364064,-0.000153728600608142,-0.00017334739537982517,0.00017334739537982517,-0.00017334739537982517,纺织服饰,False,rolling_48m_replay,-1.96187947716832e-05
2021-01-29,801140.SI,0.019560433382442347,0.025304048647783642,0.08547557840617026,0.08386771636557167,-0.0004563289455612115,4.068541929423154e-05,-9.234940960944897e-06,-0.00045025341765332454,轻工制造,False,rolling_48m_replay,-2.537495042539967e-05
2021-01-29,801150.SI,0.07769860643120689,0.10873739798367738,-0.08017553059136227,-0.021629764519325297,0.0008084892861272299,-0.00636611426563436,0.001817189829389654,-0.0038775626840003466,医药生物,False,rolling_48m_replay,-0.0001371275338828701
2021-01-29,801160.SI,0.017802785926770374,0.02725436069771163,-0.1710526315789469,0.010622938983426599,-5.864700723778632e-05,-0.004951451530069488,0.0017171202392236872,-0.003334734792934804,公用事业,False,rolling_48m_replay,-4.175649485121686e-05
2021-01-29,801170.SI,0.04797189381668045,0.025134021443430948,0.038471833837148216,0.04496782314307006,0.000926073044838051,-0.00016327033451133774,-0.00014835457470663667,0.0007153444966263149,交通运输,False,rolling_48m_replay,0.0001008963610062382
2021-01-29,801180.SI,0.03200406014975217,0.028854616738678188,0.06135668188173932,0.054907587077377515,0.0001590142847799297,0.00018608615889126058,2.031105913898873e-05,0.00037932555636906694,房地产,False,rolling_48m_replay,1.3914053558887918e-05
2021-01-29,801200.SI,0.04662743800949753,0.015712514002240358,-0.004551950206126967,-0.006154416396199192,-0.00032684360963730006,2.517877244962659e-05,4.954012049028175e-05,-0.00011554442225760719,商贸零售,False,rolling_48m_replay,0.0001365802944397845
2021-01-29,801210.SI,0.0,0.004850776124179869,0.0,0.05216620283382171,-0.00023161613096059244,-0.00025304657119542656,0.00025304657119542656,-0.00025304657119542656,社会服务,False,rolling_48m_replay,-2.1430440234834118e-05
2021-01-29,801230.SI,0.0,0.013522163546167386,0.0,-0.007980655801084795,0.0001676558467572076,0.0001079157329479381,-0.0001079157329479381,0.0001079157329479381,综合,False,rolling_48m_replay,-5.97401138092695e-05
2021-01-29,801710.SI,0.01184874291471593,0.022113538166106575,-0.12554509983933904,0.006948054464697846,-2.597110193857197e-05,-0.002929892424450167,0.0013600151011418458,-0.0016411976797839555,建筑材料,False,rolling_48m_replay,-4.53492545370623e-05
2021-01-29,801720.SI,0.01751211522574374,0.012792046727476395,0.11373390557939889,0.05483144759916361,0.0002379552068049193,0.0007534829948463845,0.0002780236363830246,0.001290314819756618,建筑装饰,False,rolling_48m_replay,2.0852981722289422e-05
2021-01-29,801730.SI,0.05812649505833754,0.07204152664426307,-0.03915734579345928,-0.07210234240253294,0.0010647821533788266,0.002373407851007736,-0.0004584306684134692,0.00291828355454473,电力设备,False,rolling_48m_replay,-6.147578142836393e-05
2021-01-29,801740.SI,0.03304068077121895,0.03938630180828932,-0.029575916067549612,-0.03791805606510904,0.0002686481903496028,0.00032856604367087765,-5.293605906269928e-05,0.000516243598859748,国防军工,False,rolling_48m_replay,-2.8034576098033234e-05
2021-01-29,801750.SI,0.03891954404367948,0.04640742518803008,-0.09657932835528761,-0.03381231391029421,0.00028626360104900325,-0.0029128555271320344,0.000469991943949848,-0.002189680995406431,计算机,False,rolling_48m_replay,-3.308101327324786e-05
2021-01-29,801760.SI,0.06531891366530673,0.035875740118418945,-0.0350319293612721,-0.011865761548411529,-0.00047944386502928385,-0.0008311034159938676,-0.0006820854993303797,-0.0018625545918601158,传媒,False,rolling_48m_replay,0.00013007818849341537
2021-01-29,801770.SI,0.0,0.015192430788926226,0.0,0.010794960914081093,-9.68824414703346e-05,-0.0001640016965563408,0.0001640016965563408,-0.0001640016965563408,通信,False,rolling_48m_replay,-6.711925508600622e-05
2021-01-29,801780.SI,0.0,0.018202912465994557,0.0,0.04095349408570899,-0.0006650534840447698,-0.0007454728680187865,0.0007454728680187865,-0.0007454728680187865,银行,True,rolling_48m_replay,-8.041938397401662e-05
2021-01-29,801790.SI,0.005125357708929596,0.03530564890382461,0.024629214326522035,-0.011111476230642858,0.00046868231864055627,0.0012618482723915031,-0.0010786644485218707,0.0005185314121155881,非银金融,True,rolling_48m_replay,-0.00013333473039460052
2021-01-29,801880.SI,0.060711565871206866,0.037025924147863654,-0.028368928902036388,0.014560166569115338,0.0002402251332461828,-0.001589489432651261,-0.0010168031748368955,-0.0022614257186998913,汽车,False,rolling_48m_replay,0.00010464175554208239
2021-01-29,801890.SI,0.054845952765741016,0.04004640742518803,-0.010448234896990979,-0.020325690735745226,-0.00036619449217840597,0.00039555662084305495,0.0001461818555349533,0.00024092749475628904,机械设备,False,rolling_48m_replay,6.538351055668677e-05
2021-01-29,801950.SI,0.016494715161935534,0.008801408225316049,0.07157057654075505,0.05833158867276727,0.00041477424356214503,0.00011652173671616703,0.00010185159719861159,0.0006671361496750136,煤炭,False,rolling_48m_replay,3.3988572198090003e-05
2021-01-29,801960.SI,0.01570493034946264,0.011831893102896462,0.05803571428571419,0.13012628203687368,0.00048687308902476957,-0.000852967891358834,-0.00027920945402634315,-0.0006281934082991903,石油石化,False,rolling_48m_replay,1.7110848061217257e-05
2021-01-29,801970.SI,0.0,0.0033305328852616415,0.0,0.11110076221477845,-0.0003553106460551913,-0.0003700247421339536,0.0003700247421339536,-0.0003700247421339536,环保,False,rolling_48m_replay,-1.4714096078762332e-05
2021-01-29,801980.SI,0.0,0.004800768122899663,0.0,0.04971875230432435,-0.00021747869331166538,-0.0002386882011729445,0.0002386882011729445,-0.0002386882011729445,美容护理,False,rolling_48m_replay,-2.120950786127908e-05
2021-01-29,999999.SI,0.018600541669729707,0.01607257161145783,-0.12928991486000163,-0.01574076916151273,-5.09606144061118e-05,-0.0018250267756588215,-0.00028704884046813094,-0.002151867809261426,未分类,False,rolling_48m_replay,1.1168421271638002e-05
2021-02-26,801010.SI,0.05428026582554599,0.028729425411491767,-0.06954535446091202,-0.08946005681752313,-0.0016870521593378267,0.0005721379559463181,0.0005088373818071599,-0.0012048042974232786,农林牧渔,False,rolling_48m_replay,-0.00059872747583893
2021-02-26,801030.SI,0.11506210521415175,0.09480810383792324,-0.042843362501671894,-0.05476310745976308,-0.0006345642944594771,0.001130088417708271,0.00024142253078547176,0.0002623388946371508,基础化工,False,rolling_48m_replay,-0.0004746077593971148
2021-02-26,801040.SI,0.016512782895347022,0.025779484410311793,0.23822714681440396,0.12085992486178021,-0.0013371175187163714,0.003025666468609268,-0.001087607013475585,0.0008180866063184958,钢铁,False,rolling_48m_replay,0.00021714466990118428
2021-02-26,801050.SI,0.05221554107572597,0.06058878822423551,0.005094007041059925,-0.0819652542767983,0.0004901067902259172,0.00527481514694609,-0.0007289687115811032,0.005232161767015047,有色金属,False,rolling_48m_replay,0.0001962085414241423
2021-02-26,801080.SI,0.09449943994765038,0.06884862302753944,-0.07703739946656113,-0.0649580159600494,-0.0010651559705820428,-0.0008316489214449039,-0.0003098460548333402,-0.002807721151163116,电子,False,rolling_48m_replay,-0.000601070204302829
2021-02-26,801110.SI,0.03183492652877436,0.010279794404111918,-0.1210373900466411,-0.07542062251247121,-0.0011206046002900144,-0.00046893099163143387,-0.000983275451299044,-0.0030779079261110853,家用电器,False,rolling_48m_replay,-0.0005050968828905931
2021-02-26,801120.SI,0.06113446038732258,0.04268914621707565,-0.007835695042191676,-0.004584423458500103,0.00034766404107717717,-0.00013879400802763265,-5.9970725813987326e-05,-0.00028332586482310437,食品饮料,False,rolling_48m_replay,-0.00043222517205866154
2021-02-26,801130.SI,0.0,0.004459910801783964,0.0,0.05989809140273082,-0.00037164829775732973,-0.0002671401448532824,0.0002671401448532824,-0.0002671401448532824,纺织服饰,False,rolling_48m_replay,0.0001045081529040474
2021-02-26,801140.SI,0.008139092884908009,0.02726945461090778,0.05905511811023545,-0.01753142217907721,-0.00011289529966453716,0.002088473184225872,-0.0014651282190774066,0.0009587274130054274,轻工制造,False,rolling_48m_replay,0.0004482777475214992
2021-02-26,801150.SI,0.07505961487465367,0.10593788124237515,-0.036386920676638755,-0.021720577904891913,-5.287013884602709e-05,-0.0015537212788132842,0.00045287123874630553,-0.00043015624985888023,医药生物,False,rolling_48m_replay,0.0007235639290541255
2021-02-26,801160.SI,0.0,0.02739945201095978,0.0,0.1920603811139345,-0.005904394798580697,-0.005262349195537894,0.005262349195537894,-0.005262349195537894,公用事业,False,rolling_48m_replay,0.0006420456030428023
2021-02-26,801170.SI,0.048897649520416905,0.026749465010699785,0.0018029508717639403,0.04758847111399019,0.0015729919936123113,-0.0012247381717161178,-0.001014066150198215,-0.0011848060831463347,交通运输,False,rolling_48m_replay,-0.0005189937548443131
2021-02-26,801180.SI,0.026653600902842346,0.02995940081198376,-0.014025050077904026,0.00032053730668802423,-7.85237470055105e-05,-0.00042978520233833106,4.7423641472564604e-05,-0.0003834211930650922,房地产,False,rolling_48m_replay,7.746411480618476e-05
2021-02-26,801200.SI,0.031761316208243975,0.017679646407071856,-0.0555695801783275,0.03043541753285284,0.00075855431020759,-0.0015205379487746927,-0.0012110939790194054,-0.0023030504278356598,商贸零售,False,rolling_48m_replay,-0.0003299728102491516
2021-02-26,801210.SI,0.0,0.005129897402051958,0.0,0.08472382114432933,-0.0005548323181411432,-0.0004346245099802098,0.0004346245099802098,-0.0004346245099802098,社会服务,False,rolling_48m_replay,0.00012020780816093352
2021-02-26,801230.SI,0.0,0.013409731805363891,0.0,0.05379090230603029,-0.0010355490018429062,-0.0007213215734923963,0.0007213215734923963,-0.0007213215734923963,综合,False,rolling_48m_replay,0.00031422742835050994
2021-02-26,801710.SI,0.0,0.02218955620887582,0.0,0.051356946808507296,-0.0016595510671031724,-0.0011395878579236183,0.0011395878579236183,-0.0011395878579236183,建筑材料,False,rolling_48m_replay,0.0005199632091795543
2021-02-26,801720.SI,0.03205162321564235,0.013469730605387892,0.13092272449866468,0.06067498299192319,0.0015628816040366242,0.0009462181537327331,0.0013053359887911851,0.0033790101606088513,建筑装饰,False,rolling_48m_replay,-0.0004354255859516914
2021-02-26,801730.SI,0.05706129637768562,0.06636867262654747,-0.0018104730809165555,-0.07886550279577077,0.00051593311518004,0.005114040041374047,-0.0007171801534233779,0.005130890795526574,电力设备,False,rolling_48m_replay,0.0002180977923958655
2021-02-26,801740.SI,0.016611709936366254,0.0378092438151237,-0.061866666666666625,-0.08193299101178354,0.0012400599944435867,0.0007586925496378779,-0.00042535659012775113,0.0020701133122703374,国防军工,False,rolling_48m_replay,0.0004967173583166238
2021-02-26,801750.SI,0.05346861596424674,0.04466910661786764,-0.018680375021046084,-0.04296090986831705,-0.00017183787395526302,0.0010845897998315972,0.00021365679332364436,0.0009202116652400356,计算机,False,rolling_48m_replay,-0.00020619705395994305
2021-02-26,801760.SI,0.06558456717812798,0.03518929621407572,0.07664198621470515,-0.013639338018645149,0.00029767462437801115,0.0031769362610463764,0.0027441253130661408,0.0055064901992654975,传媒,False,rolling_48m_replay,-0.0007122459992250311
2021-02-26,801770.SI,0.01651981676548451,0.015379692406151876,-0.048252911813644106,-0.07911773051295456,-6.3487757211907e-05,0.0004746914177670395,3.518973164546919e-05,0.0004196770975995745,通信,False,rolling_48m_replay,-2.67162946010272e-05
2021-02-26,801780.SI,0.0,0.018809623807523847,0.0,-0.011885973181982288,-0.00021719127911735172,0.000223570684139404,-0.000223570684139404,0.000223570684139404,银行,True,rolling_48m_replay,0.00044076196325675574
2021-02-26,801790.SI,0.004769471431729541,0.03477930441391172,-0.00909637185402839,-0.03114894302035366,0.00023156046564570893,0.000766973085703079,-0.0006617939775291079,0.0010399536857862938,非银金融,True,rolling_48m_replay,0.0007032141119666139
2021-02-26,801880.SI,0.05207323315839568,0.0370592588148237,-0.009970864905383148,-0.03813953303026473,-0.00022080666365454434,0.0010439099625088612,0.00042292366051956603,0.0008942076526362164,汽车,False,rolling_48m_replay,-0.0003518193067376666
2021-02-26,801890.SI,0.05132703082240402,0.039289214215715684,0.14366090112731408,0.005852822476513977,0.0003525348313083161,0.0054143711227674805,0.0016589083777184142,0.007143734704089673,机械设备,False,rolling_48m_replay,-0.00028207962770453784
2021-02-26,801950.SI,0.01605623519589489,0.009289814203715925,0.04726598702502316,0.08142260884869054,0.0007094957714080318,-0.0003173086705684586,-0.0002311180829295811,2.5128962537167288e-06,煤炭,False,rolling_48m_replay,-0.0001585561216562754
2021-02-26,801960.SI,0.015839623691279312,0.013369732605347892,0.12236286919831207,-0.1228454898669735,-0.00024553854141416627,0.003278370193299002,0.0006056379402512198,0.0035805931531809054,石油石化,False,rolling_48m_replay,-5.7876438955150114e-05
2021-02-26,801970.SI,0.0,0.00366992660146797,0.0,0.0469596508518673,-0.00025833509095060496,-0.0001723384718569158,0.0001723384718569158,-0.0001723384718569158,环保,False,rolling_48m_replay,8.599661909368915e-05
2021-02-26,801980.SI,0.0,0.0050198996020079595,0.0,0.0022882081334711646,-0.00012911682791877388,-1.1486575098523275e-05,1.1486575098523275e-05,-1.1486575098523275e-05,美容护理,False,rolling_48m_replay,0.0001176302528202506
2021-02-26,999999.SI,0.0025859490393760733,0.013919721605567887,-0.11477045908183647,-0.066121148910589,0.00048382015196253667,-0.000677184853886687,0.0005513802169830411,0.0006235974266642713,未分类,False,rolling_48m_replay,0.00026558191160538057
2021-03-31,801010.SI,0.01743484439465367,0.02681,-0.17855072463768096,-0.017152720565957156,0.0005068573186477852,-0.0043270804891629155,0.0015131314025647316,-0.002653139662237311,农林牧渔,False,rolling_48m_replay,-0.00034604789428691225
2021-03-31,801030.SI,0.1198458699983302,0.09243,0.117935449642618,0.05216330940154865,0.0004181508699949345,0.006079318922482039,0.0018032004463610996,0.009312621878078672,基础化工,False,rolling_48m_replay,0.0010119516392405985
2021-03-31,801040.SI,0.016775425311661242,0.02795,0.3301886792452837,0.1507717293690569,-0.0012723434058229894,0.00501470374904054,-0.002004908106745828,0.0013249856915701873,钢铁,False,rolling_48m_replay,-0.00041246654490153557
2021-03-31,801050.SI,0.06966066034735613,0.056960000000000004,0.0453780228387344,0.07122778485994921,0.0004358437617799706,-0.0014724024447283959,-0.0003283090474914353,-0.0008960715894190618,有色金属,False,rolling_48m_replay,0.00046879614102079883
2021-03-31,801080.SI,0.08422487595521944,0.06627,0.1372953227900643,0.06279953286946167,0.00046482247430912446,0.004936835998038335,0.0013375626672105067,0.0074019564879657515,电子,False,rolling_48m_replay,0.0006627353484077855
2021-03-31,801110.SI,0.03347497975203771,0.0097,0.04885989473684167,0.051116128748819684,0.00033772277917429,-2.1885469916186714e-05,-5.364191795063604e-05,0.0011397575381389181,家用电器,False,rolling_48m_replay,0.0008775621468314508
2021-03-31,801120.SI,0.02028736337500967,0.04358,0.4200126319588555,0.13134734441179405,-0.002199667663870183,0.012580033231300938,-0.006723775649082049,0.0027968316171775153,食品饮料,False,rolling_48m_replay,-0.00085975830117119
2021-03-31,801130.SI,0.0,0.00488,0.0,0.016061320119119402,0.00010174723200298905,-7.837924218130268e-05,7.837924218130268e-05,-7.837924218130268e-05,纺织服饰,False,rolling_48m_replay,-0.00018012647418429173
2021-03-31,801140.SI,0.0171915428506371,0.02768,0.029465930018416575,0.008981758336725746,0.00029293636131910727,0.0005670018721492022,-0.00021484735692360726,0.000257949727784914,轻工制造,False,rolling_48m_replay,-0.00038714114875978815
2021-03-31,801150.SI,0.09268853510201541,0.10605,0.14132314366020965,0.10060298673333015,-0.0008510160705396485,0.004318372642095571,-0.0005440809474189246,0.0024300884188068455,医药生物,False,rolling_48m_replay,-0.0004931872053301526
2021-03-31,801160.SI,0.01688525766395757,0.03376,-0.20289855072463747,-0.12612730055724458,0.002751232059050583,-0.002591797405651184,0.0012954950653906092,0.0008320633581835077,公用事业,False,rolling_48m_replay,-0.0006228663606065007
2021-03-31,801170.SI,0.03180285212665551,0.02862,0.05624316067706252,-0.02429777510443999,-0.00019481899799703964,0.002305081582066602,0.0002563498887349803,0.002484095245637418,交通运输,False,rolling_48m_replay,0.00011748277283287487
2021-03-31,801180.SI,0.04754727635441313,0.02819,-0.036926421844660086,0.007222021414514509,-0.0005747009134145804,-0.0012445446154761319,-0.0008545936167849702,-0.001959339567902855,房地产,False,rolling_48m_replay,0.0007144995777728274
2021-03-31,801200.SI,0.031390998615194836,0.01744,-0.020117957232395227,0.016326301080544014,-0.00028717937654247454,-0.0006355878649776603,-0.0005084337972556182,-0.0009162534584673551,商贸零售,False,rolling_48m_replay,0.0005149475803083979
2021-03-31,801210.SI,0.0,0.00608,0.0,0.030106247083205463,4.13738872096218e-05,-0.0001830459822658892,0.0001830459822658892,-0.0001830459822658892,社会服务,False,rolling_48m_replay,-0.00022441986947551102
2021-03-31,801230.SI,0.0,0.01455,0.0,0.1329527158358504,-0.0013974045975055894,-0.0019344620154116232,0.0019344620154116232,-0.0019344620154116232,综合,False,rolling_48m_replay,-0.0005370574179060336
2021-03-31,801710.SI,0.01692317377968914,0.02112,0.05646359583952454,0.0075444074455517035,0.00012324716863645237,0.0010331732588807062,-0.00020530533252815193,0.0007962053593683544,建筑材料,False,rolling_48m_replay,-0.00015490973562065223
2021-03-31,801720.SI,0.01792415632201596,0.01456,0.11423841059602659,-0.04876379214087511,-0.00028822394110995315,0.0023733120718492885,0.0005483648908398749,0.0027576279430729664,建筑装饰,False,rolling_48m_replay,0.0001241749214937562
2021-03-31,801730.SI,0.057273622009799074,0.06322,0.072841405367079,0.06785586918893963,-0.00018400892132525065,0.0003151855971819714,-2.9645882599038425e-05,-0.00011795693246813115,电力设备,False,rolling_48m_replay,-0.00021948772572581346
2021-03-31,801740.SI,0.032286589920146234,0.03623,-0.016409058612820264,-0.031818826317906126,0.000271030531649765,0.0005582958839552608,-6.076703329644059e-05,0.0006230035310899674,国防军工,False,rolling_48m_replay,-0.00014555585121861785
2021-03-31,801750.SI,0.037672604299326826,0.04389,0.033950028541831025,0.006799685581170699,0.00018721496864490336,0.0011916285525433816,-0.00016880442559541166,0.00098054779104967,计算机,False,rolling_48m_replay,-0.00022949130454320344
2021-03-31,801760.SI,0.04861533150108253,0.03559,-0.01270849278565807,-0.014243651456039832,-0.000666308412814645,5.463629707888691e-05,1.9995950588483543e-05,-0.0001108960343334253,传媒,False,rolling_48m_replay,0.0004807801308138492
2021-03-31,801770.SI,0.03277697906783684,0.01453,-0.09206783196645911,-0.06905097601141279,-0.0019334889278292034,-0.00033443491702682307,-0.0004199880888191459,-0.0020143947197399214,通信,False,rolling_48m_replay,0.0006735172139352508
2021-03-31,801780.SI,0.0,0.018959999999999998,0.0,-0.04790358055888964,0.0016080875329978121,0.0009082518873965474,-0.0009082518873965474,0.0009082518873965474,银行,True,rolling_48m_replay,-0.0006998356456012645
2021-03-31,801790.SI,0.004501660247323881,0.03442,-0.011601223822274355,-0.03342243773737702,0.0021042645551914117,0.0007510861829578338,-0.0006528544917278654,0.0010981755388194778,非银金融,True,rolling_48m_replay,-0.001104320707601902
2021-03-31,801880.SI,0.06633885913012728,0.03634,0.03478054617694843,0.08526468363711838,0.0014505504617578413,-0.0018345935553025759,-0.0015144665279736202,-0.000791216850071413,汽车,False,rolling_48m_replay,0.0011072927714469419
2021-03-31,801890.SI,0.03683755424956214,0.04149,0.11833045955118932,0.00880845913321677,0.00013074630398367452,0.00454406779734168,-0.0005095451654240494,0.003993541753655391,机械设备,False,rolling_48m_replay,-0.00017172718224591366
2021-03-31,801950.SI,0.015894111199013204,0.01027,0.0472792149866188,0.09707235559885256,0.000338353238488378,-0.0005113755540876407,-0.0002800421597513031,-0.000245471991600845,煤炭,False,rolling_48m_replay,0.00020759248374972082
2021-03-31,801960.SI,0.015436412259909762,0.01204,-0.07954545454545481,0.05315995176090046,5.5187586230161784e-05,-0.0015977730919285176,-0.00045072226893521126,-0.0018679422489667947,石油石化,False,rolling_48m_replay,0.00012536552566677238
2021-03-31,801970.SI,0.0,0.00394,0.0,-0.027469486048092077,0.0002536597562356527,0.00010822977502948278,-0.00010822977502948278,0.00010822977502948278,环保,False,rolling_48m_replay,-0.00014542998120616992
2021-03-31,801980.SI,0.0,0.00516,0.0,0.17611050625552183,-0.0007182686125262497,-0.0009087302122784926,0.0009087302122784926,-0.0009087302122784926,美容护理,False,rolling_48m_replay,-0.00019046159975224294
2021-03-31,999999.SI,0.018308442293367644,0.01729,0.03202247191011276,0.0017927702398128939,-3.576605620000784e-05,0.0005226715418794847,3.07872066969199e-05,0.0005552845816109208,未分类,False,rolling_48m_replay,3.759188923452403e-05
2021-04-30,801010.SI,0.03768813606121764,0.025461018440737625,-0.04076430890472329,-0.023042311701171797,-0.0007339378727042504,-0.00045122009760632516,-0.00021668894427764198,-0.0009496500973019575,农林牧渔,False,rolling_48m_replay,0.0004521968172862599
2021-04-30,801030.SI,0.06596523803228906,0.09193367734709387,-0.02286316223407447,0.051896942884222454,-0.00038728900382507114,-0.00687297138238033,0.0019414032529329226,-0.00627925074136023,基础化工,False,rolling_48m_replay,-0.0009603936080877515
2021-04-30,801040.SI,0.017796317995854304,0.032281291251650066,-0.14385150812064962,-0.03510659144701231,0.0010442173753785775,-0.0035104263272781036,0.001575167209721375,-0.0014267410793446067,钢铁,False,rolling_48m_replay,-0.0005356993371664553
2021-04-30,801050.SI,0.05023598951508515,0.05881235249409976,0.13034312633964845,0.0461077071929274,-7.825587064878434e-05,0.004954083163345199,-0.0007224335302917169,0.003836213200036813,有色金属,False,rolling_48m_replay,-0.00031718056236788557
2021-04-30,801080.SI,0.08295928852070877,0.06792271690867634,-0.003175549993960773,0.05619884329936511,0.0002889387727748893,-0.004032870107286985,-0.0008927873166760731,-0.004080619492178765,电子,False,rolling_48m_replay,0.0005560991590094037
2021-04-30,801110.SI,0.01520049510134673,0.009750390015600623,0.08492744063324542,0.004643249168639435,-0.00017625563167410424,0.000782802178867063,0.00043755728020626323,0.0012456656549817142,家用电器,False,rolling_48m_replay,0.0002015618275824924
2021-04-30,801120.SI,0.05984842898267147,0.04733189327573102,0.15173963835061707,0.05953607176664758,0.00028228497034596254,0.004364169373194203,0.001154069233455515,0.006263423974767932,食品饮料,False,rolling_48m_replay,0.00046290039777225137
2021-04-30,801130.SI,0.033999182645888304,0.004770190807632305,0.0028494770466170687,0.02001212878235818,-0.0004960446269030298,-8.186912354442688e-05,-0.0005016470075068071,1.4182177944412468e-06,纺织服饰,False,rolling_48m_replay,0.0010809789757487052
2021-04-30,801140.SI,0.016739961195736012,0.027031081243249728,-0.062388591800357045,-0.030477434289036803,0.0006942445440479508,-0.0008625930912546364,0.00032840155280411566,-0.00022054460344183202,轻工制造,False,rolling_48m_replay,-0.0003805976090392621
2021-04-30,801150.SI,0.13802492545456843,0.11130445217808711,-0.0020361907534886254,0.010112308498943684,-0.0007180004926592326,-0.001352182054077879,-0.0003246136496239708,-0.0014065900346922902,医药生物,False,rolling_48m_replay,0.000988206161668792
2021-04-30,801160.SI,0.03217220156147316,0.028121124844993798,-0.04539823056743065,0.05534904327856766,7.440181086193914e-05,-0.002833126665616097,-0.0004081349353262937,-0.0030170383804371767,公用事业,False,rolling_48m_replay,0.00014982140964327467
2021-04-30,801170.SI,0.01644204797429556,0.026971078843153723,-0.07070707070707105,0.04429674390485302,-7.700549321184804e-05,-0.0031017769511616383,0.0012108787140853903,-0.0023573000210403506,交通运输,False,rolling_48m_replay,-0.0003893962907522549
2021-04-30,801180.SI,0.032860395947830204,0.027351094043761747,0.04636227326339647,0.0789793663419914,0.00023137006343421196,-0.0008921131802267805,-0.00017969741300308115,-0.0006366894198598081,房地产,False,rolling_48m_replay,0.00020375110993584153
2021-04-30,801200.SI,0.0,0.01707068282731309,0.0,0.010877747918408927,0.0004456363301422978,-0.00018569058459062398,0.00018569058459062398,-0.00018569058459062398,商贸零售,False,rolling_48m_replay,-0.0006313269147329218
2021-04-30,801210.SI,0.0,0.006080243209728389,0.0,0.023580856348783236,8.148895248125242e-05,-0.00014337734169426984,0.00014337734169426984,-0.00014337734169426984,社会服务,False,rolling_48m_replay,-0.00022486629417552226
2021-04-30,801230.SI,0.0,0.015880635225409015,0.0,0.01122894379455281,0.00040899249481420724,-0.00017832276036791335,0.00017832276036791335,-0.00017832276036791335,综合,False,rolling_48m_replay,-0.0005873152551821206
2021-04-30,801710.SI,0.032723327414947975,0.022830913236529457,0.11631908752679596,0.01588794382655351,-0.00020868210585745875,0.002292934728065657,0.0009935064698950661,0.003443611318736438,建筑材料,False,rolling_48m_replay,0.00036585222663317344
2021-04-30,801720.SI,0.017379699230920354,0.013380535221408855,0.07270029673590495,0.0050766725473931525,-0.00012759907023067793,0.0009048402852536979,0.0002704379640474276,0.0011955806954407353,建筑装饰,False,rolling_48m_replay,0.00014790151637028787
2021-04-30,801730.SI,0.0400828848235882,0.06544261770470819,0.016325645229256707,0.031069508351571105,0.00014996731947821006,-0.0009648769978041664,0.0003739004304176889,-0.0013788909999300474,电力设备,False,rolling_48m_replay,-0.0009378817520217799
2021-04-30,801740.SI,0.004117270935006656,0.03403136125445017,0.11750648219859161,0.11951000101346546,-0.0024687169171995495,-6.818247256905968e-05,5.993344278484063e-05,-0.003583281994177811,国防军工,False,rolling_48m_replay,-0.0011063160471940425
2021-04-30,801750.SI,0.03516521011702252,0.04259170366814672,0.032175886297034294,0.08035008970000383,-0.0003220646064044001,-0.0020518213957883037,0.0003577654109026988,-0.0022907754078749345,计算机,False,rolling_48m_replay,-0.0002746548165849295
2021-04-30,801760.SI,0.06396305603457947,0.03385135405416216,0.02980895406269998,0.05708682056384757,0.0006053569871405132,-0.0009233927167725167,-0.0008213829867441648,-2.579437568854515e-05,传媒,False,rolling_48m_replay,0.001113624340687623
2021-04-30,801770.SI,0.016915326924880403,0.013050522020880834,0.11291048133153381,0.05098369190109387,5.41095234867209e-05,0.0008081769291444069,0.00023933495947971295,0.0012445539111074705,通信,False,rolling_48m_replay,0.00014293249899662974
2021-04-30,801780.SI,0.0,0.017340693627745107,0.0,0.02367602489123559,0.0002307540594927486,-0.0004105586939617835,0.0004105586939617835,-0.0004105586939617835,银行,True,rolling_48m_replay,-0.0006413127534545321
2021-04-30,801790.SI,0.0006529099943060288,0.03185127405096204,0.042323878119408555,0.06053696196775854,-0.0007348416962260009,-0.0005801099249669457,0.0005682184204952243,-0.0019005456828257914,非银金融,True,rolling_48m_replay,-0.0011538124821280692
2021-04-30,801880.SI,0.06511890892483778,0.03797151886075443,-0.053921889196047866,0.052634992506746615,0.0004249078010665759,-0.004046126643320839,-0.0028927412315981477,-0.005509965202318232,汽车,False,rolling_48m_replay,0.0010039948715341793
2021-04-30,801890.SI,0.05628611888194313,0.03992159686387455,0.03142679518028197,0.0033204723871732024,-0.0005508729494340467,0.0011220492878724168,0.0004599465381947713,0.0016363337695574727,机械设备,False,rolling_48m_replay,0.0006052108929243312
2021-04-30,801950.SI,0.016876198792033913,0.010830433217328692,0.1221621621621627,0.07640700492842392,0.00023834763600307445,0.0004955481747683817,0.00027662495446896247,0.0012341119692999415,煤炭,False,rolling_48m_replay,0.00022359120405952295
2021-04-30,801960.SI,0.016057403423948843,0.012150486019440777,0.061475409836065024,-0.015127137719097199,-0.00020359042780619088,0.0009307581831225459,0.00029927982627292004,0.0011709375317603347,石油石化,False,rolling_48m_replay,0.0001444899501710595
2021-04-30,801970.SI,0.0,0.0036701468058722344,0.0,0.006709253194505423,0.00011110949325658313,-2.4623944181602163e-05,2.4623944181602163e-05,-2.4623944181602163e-05,环保,False,rolling_48m_replay,-0.0001357334374381853
2021-04-30,801980.SI,0.0,0.005840233609344373,0.0,-0.016407131966362704,0.00031181147663254626,9.58214835428999e-05,-9.58214835428999e-05,9.58214835428999e-05,美容护理,False,rolling_48m_replay,-0.00021598999308964636
2021-04-30,999999.SI,0.019052610965845613,0.017170686827473098,-0.07884625017056818,0.06583317579330668,5.4293638081307216e-05,-0.0024842451136042752,-0.0002722757040472952,-0.0026326277750204257,未分类,False,rolling_48m_replay,6.959940454983726e-05
2021-05-31,801010.SI,0.018536696178600855,0.023751662616383146,-0.13014618803857692,-0.07062871615248295,0.0005025829800098641,-0.001413638912018573,0.0003103816183476311,-0.0007349309093920911,农林牧渔,False,rolling_48m_replay,-0.00013425659573101337
2021-05-31,801030.SI,0.09703477724710821,0.09580670646945287,0.117929292329923,0.04092068291660581,1.8637452124708374e-05,0.007377941237682426,9.457202284836883e-05,0.007522766755422377,基础化工,False,rolling_48m_replay,3.161604276687418e-05
2021-05-31,801040.SI,0.016321096023017113,0.030272119048333383,0.15945945945945894,0.019956751345599495,8.074472655356507e-05,0.004223042587587656,-0.001946205492990428,0.001998419997064259,钢铁,False,rolling_48m_replay,-0.00035916182408653446
2021-05-31,801050.SI,0.05669574411186373,0.06016421149480464,-0.03052677334217785,-0.06171292699216797,0.0003033431612695334,0.0018762903439074792,-0.00010816815673437415,0.0019821714615512525,有色金属,False,rolling_48m_replay,-8.929388689138569e-05
2021-05-31,801080.SI,0.06829931289181605,0.06906483453841769,0.23373829548694774,0.17090006480311,-0.000111119742794982,0.004339912004866175,-4.810402582262506e-05,0.004160980280031146,电子,False,rolling_48m_replay,-1.9707956217421968e-05
2021-05-31,801110.SI,0.030953602667109455,0.009460662246357245,0.0158689301705314,0.0699970610581689,0.0009511181022723482,-0.0005120879643545556,-0.0011633726922546702,-0.00017101799365824692,家用电器,False,rolling_48m_replay,0.0005533245606786307
2021-05-31,801120.SI,0.07860438567954642,0.048093366535657496,0.028025407243735912,-0.006959880442443251,-0.0009978433474969602,0.0016825602640468393,0.0010674367823474739,0.002537644000975749,食品饮料,False,rolling_48m_replay,0.000785490302078396
2021-05-31,801130.SI,0.03169778659809442,0.004670326922884603,-0.006439626539580602,-0.005160686420014061,-0.0008352881214108163,-5.973068473168869e-06,-3.45665025085927e-05,-0.00018001981509509451,纺织服饰,False,rolling_48m_replay,0.0006958078772974834
2021-05-31,801140.SI,0.0,0.025311771824027683,0.0,-0.0665002268301486,0.0023348769546247938,0.001683238567770805,-0.001683238567770805,0.001683238567770805,轻工制造,False,rolling_48m_replay,-0.0006516383868539887
2021-05-31,801150.SI,0.10407736369258097,0.10942765993619553,-0.07235721873504959,-0.02974290450310448,0.00029687394135887764,-0.004663184686187468,0.00022799920535938658,-0.004276052130590935,医药生物,False,rolling_48m_replay,-0.00013774059112173047
2021-05-31,801160.SI,0.031024483746730745,0.028541997939855793,-0.10364769623431638,-0.05175150151055181,-0.00019238267255836173,-0.0014812210828920437,-0.00012883156683256433,-0.0017385250177090205,公用事业,False,rolling_48m_replay,6.39103045739491e-05
2021-05-31,801170.SI,0.048329770100707825,0.027101897132799296,0.0186505216689255,0.038643644719440706,0.00027382184400683544,-0.0005418515642784615,-0.00042441147634810064,-0.00014594065950528556,交通运输,False,rolling_48m_replay,0.0005465005371144411
2021-05-31,801180.SI,0.0332521682782556,0.02851199583970878,-0.020910964046078742,-0.0749907850056573,-0.0004775025236544052,0.0015419236302116994,0.0002563476767941408,0.0014428020547770336,房地产,False,rolling_48m_replay,0.0001220332714255987
2021-05-31,801200.SI,0.016020258689507363,0.016501155080855662,-0.012995474320062095,-0.01355348598167416,1.889824971188238e-05,9.207836965186627e-06,-2.683457943995099e-07,1.545731366956398e-05,商贸零售,False,rolling_48m_replay,-1.2380427213105519e-05
2021-05-31,801210.SI,0.0,0.006070424929745083,0.0,-0.09355744716949602,0.0007242133888670112,0.0005679334596610171,-0.0005679334596610171,0.0005679334596610171,社会服务,False,rolling_48m_replay,-0.0001562799292059941
2021-05-31,801230.SI,0.0,0.015401078075465284,0.0,0.18937017190781613,-0.002520012066345503,-0.002916504802716559,0.002916504802716559,-0.002916504802716559,综合,False,rolling_48m_replay,-0.0003964927363710553
2021-05-31,801710.SI,0.03443601257311098,0.022261558309081636,0.16412102300108353,-0.016856312954960845,-0.0005186413974408111,0.004028837517007738,0.002203300299422735,0.006026921405300137,建筑材料,False,rolling_48m_replay,0.0003134249863104748
2021-05-31,801720.SI,0.015847289103618895,0.012930905163361437,0.04545454545454519,-0.031815943821139156,-0.0001678682937098094,0.0009991773687504112,0.000225350413979442,0.0011317402751257494,建筑装饰,False,rolling_48m_replay,7.508078610570564e-05
2021-05-31,801730.SI,0.03444535948480186,0.06494454611822828,0.16999523502766217,0.14481767306052473,-0.003631635558234253,0.0016351453343193079,-0.0007678951614103836,-0.0035495710655825486,电力设备,False,rolling_48m_replay,-0.0007851856802572202
2021-05-31,801740.SI,0.0065474498702051956,0.03666256637964658,0.02600000000000069,0.004886044019386278,0.0006281542099700144,0.0007740918126762118,-0.0006358492443314198,-8.901216569285009e-06,国防军工,False,rolling_48m_replay,-0.0007752979948840915
2021-05-31,801750.SI,0.06810126910256764,0.04419309351654616,0.011722235555746252,0.05660934765231572,0.0007379226909827265,-0.001983700342571385,-0.0010731689575542115,-0.0017034430766438996,计算机,False,rolling_48m_replay,0.0006155035324989704
2021-05-31,801760.SI,0.06444772333731297,0.034292400468032766,-0.0029043296781366573,-0.02374471849120346,-0.00149236273922682,0.0007146669590871969,0.0006284486533793646,0.0006270859599241533,传媒,False,rolling_48m_replay,0.0007763330866844119
2021-05-31,801770.SI,0.0166824543694131,0.013180922664586522,0.002853648593558411,0.033687129188693224,2.7811440255642406e-05,-0.00040641372320450117,-0.00010796440987401961,-0.00039642158217972266,通信,False,rolling_48m_replay,9.014511064315569e-05
2021-05-31,801780.SI,0.0,0.016891182382766795,0.0,-0.04537553990179331,0.0012013012161267377,0.000766446520197703,-0.000766446520197703,0.000766446520197703,银行,True,rolling_48m_replay,-0.0004348546959290347
2021-05-31,801790.SI,0.0023808735858099994,0.032832298260878266,0.33282932309214064,-0.03233864160413025,0.0017687137824090972,0.011989303532225831,-0.01111988477069648,0.0018541764704315508,非银金融,True,rolling_48m_replay,-0.0007839560735068969
2021-05-31,801880.SI,0.05186388489065186,0.038492694488614206,0.11983304764856582,0.0634659096129872,0.0005043804263795211,0.0021697230236010735,0.0007536957350916603,0.0037720335201664973,汽车,False,rolling_48m_replay,0.0003442343350942424
2021-05-31,801890.SI,0.055622416841985656,0.038842718990329324,0.19407527219493528,0.08071538806387553,0.0009223952389702026,0.004403206124079046,0.001902144604217954,0.0076597305519880195,机械设备,False,rolling_48m_replay,0.00043198458472081674
2021-05-31,801950.SI,0.0,0.01189083235826508,0.0,0.12826289209494476,-0.0012190292596708774,-0.0015251525476872314,0.0015251525476872314,-0.0015251525476872314,煤炭,False,rolling_48m_replay,-0.000306123288016354
2021-05-31,801960.SI,0.0,0.011610812756892982,0.0,0.13367862334774042,-0.0012532031361165924,-0.0015521174652898364,0.0015521174652898364,-0.0015521174652898364,石油石化,False,rolling_48m_replay,-0.00029891432917324373
2021-05-31,801970.SI,0.0,0.0035502485173962177,0.0,0.002766987530131038,8.15758062415016e-05,-9.82349337650154e-06,9.82349337650154e-06,-9.82349337650154e-06,环保,False,rolling_48m_replay,-9.139929961800313e-05
2021-05-31,801980.SI,0.0,0.005580390627343915,0.0,0.0469508721169253,-0.00011833995547636127,-0.0002620042067069127,0.0002620042067069127,-0.0002620042067069127,美容护理,False,rolling_48m_replay,-0.0001436642512305514
2021-05-31,999999.SI,0.01828736031329225,0.013690958367085697,0.30283325592196886,0.13560011350409662,0.0005049406506606224,0.002289581990440002,0.0007686707412797455,0.0036815253573358065,未分类,False,rolling_48m_replay,0.00011833197495543686
2021-06-30,801010.SI,0.01825521774131997,0.02295885205739713,0.013714285714285124,-0.012715837656287676,3.9564106386312977e-05,0.0006068052923237354,-0.00012431763526397915,0.000542298307417537,农林牧渔,False,rolling_48m_replay,2.024654397146772e-05
2021-06-30,801030.SI,0.04744475344887721,0.07810609469526524,0.07833776425234698,0.05194333495827272,-0.0017246324327413768,0.002061565793870447,-0.0008092886035892715,-0.00034037512834986065,基础化工,False,rolling_48m_replay,0.00013198011411034083
2021-06-30,801040.SI,0.0006199665504990828,0.030608469576521174,0.39431616341030223,0.10374784634300876,-0.0032403265217446986,0.008893851492855211,-0.008713708855638677,-0.0029310999667840594,钢铁,False,rolling_48m_replay,0.000129083917744105
2021-06-30,801050.SI,0.034640098800096754,0.05914704264786761,0.2773869784880614,0.2371220175544294,-0.005916624806817377,0.002381553361556253,-0.0009867711366332058,-0.00441635374435349,有色金属,False,rolling_48m_replay,0.00010548883754084044
2021-06-30,801080.SI,0.07317136588222063,0.07651617419129043,0.08772282758649408,0.11207219420904825,-0.00038925755603581597,-0.0018631203779389484,8.14439637997061e-05,-0.0021565364205453517,电子,False,rolling_48m_replay,1.439754962970696e-05
2021-06-30,801110.SI,0.03141302450710379,0.009949502524873756,-0.19949365252445744,-0.14502161570859132,-0.003020286046817658,-0.0005419696678344762,-0.0011691617596141862,-0.004823806064108528,家用电器,False,rolling_48m_replay,-9.238858984220773e-05
2021-06-30,801120.SI,0.05759507395860615,0.04006799660016999,-0.16269891032886447,-0.17355790416218797,-0.0029665184392845293,0.0004350981279948731,0.00019032642495144227,-0.002416538259472402,食品饮料,False,rolling_48m_replay,-7.544437313418808e-05
2021-06-30,801130.SI,0.017140875074725753,0.00431978401079946,-0.1864548494983279,-0.0908093653308904,-0.0011090874371681607,-0.0004131678332116695,-0.0012262794623640369,-0.0028037224379404034,纺织服饰,False,rolling_48m_replay,-5.518770519653653e-05
2021-06-30,801140.SI,0.0,0.01878906054697265,0.0,-0.13711348965753883,0.002495357146272323,0.0025762336589822054,-0.0025762336589822054,0.0025762336589822054,轻工制造,False,rolling_48m_replay,8.087651270988205e-05
2021-06-30,801150.SI,0.12246263868611151,0.09143542822858858,-0.07149548294717335,-0.08432958353345447,-0.0024829567573996683,0.001173491483035394,0.0003982063399235629,-0.0010448139131287951,医药生物,False,rolling_48m_replay,-0.00013355497868808384
2021-06-30,801160.SI,0.047618890222905455,0.03143842807859607,0.07497673020081594,-0.012148391307678242,-0.00012691864616662152,0.0027390768663837378,0.0014097247303865453,0.003952235011102138,公用事业,False,rolling_48m_replay,-6.964793950152252e-05
2021-06-30,801170.SI,0.04796693341072546,0.028548572571371434,-0.04366095683828557,-0.10723476500714244,-0.0019987380590533953,0.0018149414761470565,0.001234499146954735,0.0009671172616697657,交通运输,False,rolling_48m_replay,-8.358530237863055e-05
2021-06-30,801180.SI,0.017572205121524607,0.03644817759112044,-0.048247186997991465,-0.11588846361158084,0.002106256828213477,0.0024654012625022073,-0.0012767948751664297,0.0033761138360117364,房地产,False,rolling_48m_replay,8.12506204624819e-05
2021-06-30,801200.SI,0.032039189349511055,0.018439078046097696,-0.06960219011349773,-0.08606098924688621,-0.0011118980762177422,0.00030348508176559526,0.00022384150013460662,-0.0006431124507393108,商贸零售,False,rolling_48m_replay,-5.854095642177039e-05
2021-06-30,801210.SI,0.0,0.005319734013299335,0.0,-0.26465678265030296,0.0013850051761353788,0.0014079036885151861,-0.0014079036885151861,0.0014079036885151861,社会服务,False,rolling_48m_replay,2.2898512379807348e-05
2021-06-30,801230.SI,0.0,0.007699615019249038,0.0,0.14516999460334534,-0.001150895654499835,-0.0011177530707922195,0.0011177530707922195,-0.0011177530707922195,综合,False,rolling_48m_replay,3.3142583707615556e-05
2021-06-30,801710.SI,0.03694952915981507,0.019819009049547524,0.04021990681361466,-0.015598834325637228,-0.000193478731580324,0.0011062721357731839,0.0009562040676157731,0.0017952600582768967,建筑材料,False,rolling_48m_replay,-7.373741353173613e-05
2021-06-30,801720.SI,0.0319149069653249,0.01729913504324784,0.1187917363793392,0.010142634828276882,0.00021115525092356538,0.0018795354800593752,0.001587990487808916,0.0036157684052073014,建筑装饰,False,rolling_48m_replay,-6.291281358455523e-05
2021-06-30,801730.SI,0.04435535273168974,0.04930753462326884,0.10839721903366031,0.14375941034821413,-0.0007332391524733909,-0.0017436224725970188,0.00017512000347448921,-0.002280425217793045,电力设备,False,rolling_48m_replay,2.1316403802875642e-05
2021-06-30,801740.SI,0.0056988187771332645,0.03595820208989551,0.06058640121792069,0.013629797398184982,-0.0005426791714912893,0.001688475049605216,-0.0014208778740468985,-0.0001448320883886515,国防军工,False,rolling_48m_replay,0.00013024990754432016
2021-06-30,801750.SI,0.082640042721981,0.055597220138993056,-0.0013783024134936105,-0.04348077294460839,-0.0010594384357073658,0.002340780322513856,0.001138569640878415,0.0023035071348800444,计算机,False,rolling_48m_replay,-0.0001164043928048612
2021-06-30,801760.SI,0.06792180387547811,0.0368281585920704,-0.07857304252667724,-0.09476279901163046,-0.0028126799146646095,0.0005962389193948572,0.0005033985453678849,-0.0018468833937677542,传媒,False,rolling_48m_replay,-0.000133840943865887
2021-06-30,801770.SI,0.016198359310942195,0.02263886805659717,0.1210147373325845,0.05425766744976496,-0.00037716980938846755,0.0015113044969221883,-0.0004299494924145997,0.000731908022778538,通信,False,rolling_48m_replay,2.772282765941712e-05
2021-06-30,801780.SI,0.0,0.018279086045697716,0.0,-0.06158067585702145,0.0010469571181745056,0.001125638472742715,-0.001125638472742715,0.001125638472742715,银行,True,rolling_48m_replay,7.868135456820914e-05
2021-06-30,801790.SI,0.0091813471314348,0.039978001099945,-0.19487218864735165,-0.10098920290361293,0.0029775669758457758,-0.003753254107329307,0.0028912818254804976,0.0022481572545294238,非银金融,True,rolling_48m_replay,0.0001325625605324574
2021-06-30,801880.SI,0.047638941486455914,0.03980800959952003,-0.14209893066331358,-0.014218484480580312,-7.763615331623173e-05,-0.005090666029233151,-0.0010014230637279545,-0.006203433076463984,汽车,False,rolling_48m_replay,-3.3707830186646e-05
2021-06-30,801890.SI,0.059556633305540396,0.038758062096895154,-0.1725262068375182,-0.11901976775331895,-0.0023859147702823044,-0.002073805888609133,-0.0011128574834137572,-0.005662104486876714,机械设备,False,rolling_48m_replay,-8.952634457151925e-05
2021-06-30,801950.SI,0.01629117394314568,0.015719214039298036,0.039085082145901895,0.13399692885970138,7.910284155973656e-05,-0.00149193963335926,-5.428577072042698e-05,-0.0014695845335332127,煤炭,False,rolling_48m_replay,-2.461971013262244e-06
2021-06-30,801960.SI,0.0,0.012949352532373382,0.0,-0.004144780273841815,-2.067578936694127e-06,5.367222093520475e-05,-5.367222093520475e-05,5.367222093520475e-05,石油石化,False,rolling_48m_replay,5.573979987189888e-05
2021-06-30,801970.SI,0.015302876928147472,0.003479826008699565,0.22433171405560048,0.035043566664352765,0.00046521356750027384,0.0006586898184306205,0.002237963405054682,0.0033109750965570127,环保,False,rolling_48m_replay,-5.0891694428563655e-05
2021-06-30,801980.SI,0.0,0.006999650017499126,0.0,-0.19597868097253618,0.0013416525561464907,0.0013717821776988684,-0.0013717821776988684,0.0013717821776988684,美容护理,False,rolling_48m_replay,3.0129621552377542e-05
2021-06-30,999999.SI,0.01840996613046953,0.026788660566971653,0.12767857142857109,0.05779667967836838,-0.0005203263634436469,0.001872042277874037,-0.000585519017619667,0.0008022625417849294,未分类,False,rolling_48m_replay,3.606564497420637e-05
2021-07-30,801010.SI,0.016115176423311006,0.022811368682120928,-0.04604604604604601,-0.011317691482070418,0.0005800286515252194,-0.0007922012996822642,0.00023254773899249957,-0.0004838681225999257,农林牧渔,False,rolling_48m_replay,-0.0005042432134353804
2021-07-30,801030.SI,0.05379035682295123,0.08226493589615377,0.12984149093365077,0.15395688343120026,-0.002239636870511074,-0.0019838512179214964,0.0006866756505527882,-0.005681033018494246,基础化工,False,rolling_48m_replay,-0.002144220580614464
2021-07-30,801040.SI,0.014529524836789147,0.035212112726763604,0.09595202398800606,0.14495911154422783,-0.0014406691192808256,-0.0017256430914400548,0.0010135933956132302,-0.0037101792607929273,钢铁,False,rolling_48m_replay,-0.0015574604456852774
2021-07-30,801050.SI,0.043878761123013116,0.0735644138648319,0.6461259462399349,0.18848156265139815,-0.0033597801835547796,0.033666340837223,-0.013585472250453012,0.014485670369665221,有色金属,False,rolling_48m_replay,-0.002235418033549992
2021-07-30,801080.SI,0.06255787849417421,0.09437566253975238,-0.12619082612928087,-0.08790346679764406,0.005192867392070658,-0.0036133949038207945,0.001218218930889472,0.00040171755049376624,电子,False,rolling_48m_replay,-0.0023959738686455696
2021-07-30,801110.SI,0.015095735778832994,0.008400504030241814,-0.04016064257028107,-0.06519215008388687,-0.000940647437156775,0.00021027727975107382,0.00016759174382019224,-5.8607529429294475e-05,家用电器,False,rolling_48m_replay,0.0005041708841562146
2021-07-30,801120.SI,0.0413166426816681,0.03310198611916715,0.06474127024767562,0.046281434435815505,-0.00023840200726565842,0.0006110572288062982,0.00015164121139458672,0.001142884529311014,食品饮料,False,rolling_48m_replay,0.0006185880963757874
2021-07-30,801130.SI,0.016535322314489478,0.003950237014220853,-0.016632016632016855,0.042403672422211644,-0.00041404055778134576,-0.0002332049640620463,-0.0007429691825076005,-0.0004425203120914649,纺织服饰,False,rolling_48m_replay,0.0009476943922595276
2021-07-30,801140.SI,0.016452643228010516,0.016360981658899536,0.14368932038834914,0.03694034898693747,-3.516378703300014e-06,0.0017465179632048875,9.784778219636566e-06,0.001759688751776174,轻工制造,False,rolling_48m_replay,6.902389054949968e-06
2021-07-30,801150.SI,0.11080917084474547,0.08384503070184211,-0.08864855603575261,-0.012011366056369,-0.0023543561898357814,-0.006425647546724325,-0.002066455930762408,-0.008815979635138381,医药生物,False,rolling_48m_replay,0.0020304800321841333
2021-07-30,801160.SI,0.04880473441229308,0.030841850511030663,0.293041081502076,0.1252363830209024,0.0008969479703660458,0.00517540742560493,0.0030142563169036664,0.010439270350927097,公用事业,False,rolling_48m_replay,0.0013526586380524543
2021-07-30,801170.SI,0.055339922992201,0.025301518091085464,0.13633476762522395,0.10083098354621238,0.0007668205889567272,0.0008982996351771034,0.001066477041687129,0.004993578587203078,交通运输,False,rolling_48m_replay,0.0022619813213821185
2021-07-30,801180.SI,0.03296005352723292,0.03162189731383883,0.0066390437087575785,0.047691597265910095,-3.694833970779566e-05,-0.001298159633055146,-5.493472961819718e-05,-0.0012892755554652772,房地产,False,rolling_48m_replay,0.00010076714691586173
2021-07-30,801200.SI,0.03129678036184484,0.016831009860591634,-0.02352364729310271,-0.00369246152767595,-0.0011427298882382472,-0.00033377888316512227,-0.00028687338205038296,-0.0006740665662595723,商贸零售,False,rolling_48m_replay,0.00108931558719418
2021-07-30,801210.SI,0.0,0.003940236414184851,0.0,0.21011111605536031,-0.0005311759373854685,-0.00082788747050635,0.00082788747050635,-0.00082788747050635,社会服务,False,rolling_48m_replay,-0.0002967115331208815
2021-07-30,801230.SI,0.0,0.010390623437406245,0.0,0.2484367530580469,-0.0017989678685492276,-0.00258141274903805,0.00258141274903805,-0.00258141274903805,综合,False,rolling_48m_replay,-0.0007824448804888218
2021-07-30,801710.SI,0.03846557188608528,0.019551173070384224,0.21318898424975444,0.15455072275780013,0.001498923463472982,0.0011464467989756454,0.0011091074637181893,0.005178788270189711,建筑材料,False,rolling_48m_replay,0.0014243105440228943
2021-07-30,801720.SI,0.016409559686865288,0.017441046462787768,0.2442239884880527,0.23333466980106704,-0.0001630076010263454,0.0001899211131678202,-1.123218822443127e-05,-6.199270132065029e-05,建筑装饰,False,rolling_48m_replay,-7.767402523769383e-05
2021-07-30,801730.SI,0.041495846492626776,0.056453387203232196,0.41827513447767684,0.1907753571386422,-0.0017271828228922965,0.012843133018769633,-0.003402837181202279,0.006586765666585824,电力设备,False,rolling_48m_replay,-0.0011263473480892326
2021-07-30,801740.SI,0.006497595416668429,0.036632197931875915,0.03119800332778655,0.19371161019032687,-0.003568197087537167,-0.005953230613211645,0.004897282946115348,-0.006893370042762613,国防军工,False,rolling_48m_replay,-0.0022692252881291487
2021-07-30,801750.SI,0.05073545215459686,0.053033181990919456,0.01808505749583235,0.022027218640333458,0.00012241330014741293,-0.0002090653494138586,9.058021281311818e-06,-0.00025061992561364226,计算机,False,rolling_48m_replay,-0.0001730258976285084
2021-07-30,801760.SI,0.06304863220374468,0.03342200532031922,-0.01104829637998341,0.0008691494181159052,-0.002205223245160809,-0.00039830493686869123,-0.00035307372006373496,-0.00072562869141596,传媒,False,rolling_48m_replay,0.002230973210677275
2021-07-30,801770.SI,0.017481138419588847,0.023961437686261175,-0.25703294397426024,-0.06446747404512074,0.0009057543531353209,-0.0046141455082326765,0.001247881873568215,-0.002948495109885648,通信,False,rolling_48m_replay,-0.0004879858283565073
2021-07-30,801780.SI,0.0,0.01708102486149169,0.0,0.028644748189457177,0.0007969703708533057,-0.0004892816559752872,0.0004892816559752872,-0.0004892816559752872,银行,True,rolling_48m_replay,-0.0012862520268285928
2021-07-30,801790.SI,0.006382825014573425,0.03620217213032782,0.01773059610577973,0.07160300262047596,0.00011033082828083665,-0.0019502981337200269,0.0016064399898227555,-0.002479012933567516,非银金融,True,rolling_48m_replay,-0.002245485617951081
2021-07-30,801880.SI,0.06553801970964925,0.039912394743684625,0.08600847511843292,0.05937666604868654,-0.0004081216783516659,0.0010629392763301577,0.0006824567513864957,0.0032669602036096194,汽车,False,rolling_48m_replay,0.0019296858542446318
2021-07-30,801890.SI,0.05557862059395592,0.03443206592395544,-0.04291815027389534,0.027518548475712307,-0.0010104760357931486,-0.00242528105481228,-0.0014894935008829327,-0.0033328520659145038,机械设备,False,rolling_48m_replay,0.001592398525573858
2021-07-30,801950.SI,0.01789029659972086,0.017981078864731884,0.3261050875729783,0.44385091350917333,-3.3457616417274275e-05,-0.002117196982151716,1.0689232774081632e-05,-0.0021468015406332095,煤炭,False,rolling_48m_replay,-6.836174838301037e-06
2021-07-30,801960.SI,0.020387140423086196,0.013080784847090826,0.15137362637362584,0.026111679605130875,-0.0003594091119565232,0.0016385245752064265,0.0009152083232320283,0.0027445141143200074,石油石化,False,rolling_48m_replay,0.000550190327838076
2021-07-30,801970.SI,0.0,0.0035902154129247754,0.0,0.04876726514561371,9.5268922648324e-05,-0.00017508498697197154,0.00017508498697197154,-0.00017508498697197154,环保,False,rolling_48m_replay,-0.0002703539096202955
2021-07-30,801980.SI,0.0,0.00569034142048523,0.0,-0.01799850626680144,0.0005309172963406543,0.00010241764571684321,-0.00010241764571684321,0.00010241764571684321,美容护理,False,rolling_48m_replay,-0.00042849965062381106
2021-07-30,999999.SI,0.01872654941406869,0.018721123267396042,-0.18028921722728664,0.04274086092377664,-1.7668681924594356e-07,-0.004175373585403028,-1.2101939164600535e-06,-0.004176351861139201,未分类,False,rolling_48m_replay,4.086049995325955e-07
2021-08-31,801010.SI,0.04963574922386883,0.020900627018810566,0.08716238552872321,0.05029519758390357,0.0021535774715800275,0.0007705473444670646,0.0010593831509512434,0.0032751691443193287,农林牧渔,False,rolling_48m_replay,-0.0007083388226790067
2021-08-31,801030.SI,0.11288091261719987,0.08875266257987739,0.09235853814755252,0.011818616879650176,0.000879939071444583,0.007148132456500028,0.0019432873583382145,0.009376582358005762,基础化工,False,rolling_48m_replay,-0.0005947765282770644
2021-08-31,801040.SI,0.016730572132760458,0.03448103443103293,-0.11280487804878037,-0.11922829058969248,0.001678797224996513,0.0002214859089879192,-0.000114018542133711,0.0022238246438540193,钢铁,False,rolling_48m_replay,0.00043756005200329797
2021-08-31,801050.SI,0.04971016120421984,0.0811624348730462,-0.18123469058347125,-0.17438504719302342,0.004709487914047218,-0.0005559337355808133,0.00021543685845023278,0.005144309350935593,有色金属,False,rolling_48m_replay,0.0007753183140189546
2021-08-31,801080.SI,0.08921495688438158,0.08003240097202916,0.003354108488058205,-0.006370832223837075,0.00016785525146815008,0.0007783103544836137,8.92998118312908e-05,0.000809109643211304,电子,False,rolling_48m_replay,-0.00022635577457175062
2021-08-31,801110.SI,0.021816993034241096,0.007300219006570197,-0.02080625152282629,-0.028322842858267704,-5.330870586857542e-05,5.487276293161027e-05,0.00010911665787495204,-0.00024716688878814253,家用电器,False,rolling_48m_replay,-0.0003578476037261294
2021-08-31,801120.SI,0.023238350503178882,0.031420942628278846,0.19606991116261208,0.11609390789114794,-0.0011516551352104846,0.002512921410431716,-0.0006544110145660514,0.0009085612993834768,食品饮料,False,rolling_48m_replay,0.0002017060387282969
2021-08-31,801130.SI,0.0,0.0038301149034471035,0.0,-0.07348734578595165,0.00018705023867236707,0.0002814649783095441,-0.0002814649783095441,0.0002814649783095441,纺织服饰,False,rolling_48m_replay,9.441473963717705e-05
2021-08-31,801140.SI,0.0,0.015680470414112423,0.0,0.007521174875680719,-0.0005044690111647189,-0.0001179355601174772,0.0001179355601174772,-0.0001179355601174772,轻工制造,False,rolling_48m_replay,0.0003865334510472417
2021-08-31,801150.SI,0.066458105383387,0.07741232236967109,0.0006025013349959385,0.019668296681309493,-0.0004854791231493236,-0.0014759274955829997,0.00020885085923960398,-0.001482527425941071,医药生物,False,rolling_48m_replay,0.0002700283335516484
2021-08-31,801160.SI,0.06223695762496379,0.03225096752902587,0.12225753956270569,0.18686304420249644,0.006342446895125588,-0.002083590032334222,-0.001937260022271837,0.0015824233381468095,公用事业,False,rolling_48m_replay,-0.0007391735023727199
2021-08-31,801170.SI,0.049826555427594725,0.0259107773233197,0.062395925038719706,0.05751258576683031,0.0019649972009892153,0.00012653111646814823,0.0001167888584343987,0.0016187782143051465,交通运输,False,rolling_48m_replay,-0.0005895389615866156
2021-08-31,801180.SI,0.03436000430887656,0.030700921027630827,-0.0681582247650328,0.02021281581853308,0.00016415907908324677,-0.002713072338085615,-0.0003233569971456143,-0.0029624689588027358,房地产,False,rolling_48m_replay,-9.019870265475349e-05
2021-08-31,801200.SI,0.015731753127004287,0.015470464113923417,0.04368932038834994,-0.02435489060277013,7.727306602584578e-08,0.0010526755242983563,1.7779204735736204e-05,0.0010640910637048024,商贸零售,False,rolling_48m_replay,-6.4409383953160145e-06
2021-08-31,801210.SI,0.0,0.004300129003870116,0.0,-0.012514438443203617,-5.218718290460661e-05,5.381369971676705e-05,-5.381369971676705e-05,5.381369971676705e-05,社会服务,False,rolling_48m_replay,0.00010600088262137367
2021-08-31,801230.SI,0.0,0.012440373211196338,0.0,-0.2895918532449368,0.003295967714728574,0.003602630733289013,-0.003602630733289013,0.003602630733289013,综合,False,rolling_48m_replay,0.0003066630185604392
2021-08-31,801710.SI,0.03043534584176702,0.021510645319359582,-0.2959166860799943,-0.13689541206846115,-0.001001751078457775,-0.0034206502234947825,-0.001419217247244626,-0.0060616180263419845,建筑材料,False,rolling_48m_replay,-0.00021999947714480047
2021-08-31,801720.SI,3.2179785990857906e-08,0.01968059041771253,0.01587301587301604,0.0005956756303549724,-0.0004968613589353353,0.0003006670759878494,-0.00030066658436630984,-1.1722737312575117e-05,建筑装饰,False,rolling_48m_replay,0.00048513813000122054
2021-08-31,801730.SI,0.040830020928728894,0.06374191225736772,-0.11639063688038018,-0.0547986094390163,0.0006907472628134,-0.003925993608920801,0.0014111898394470698,-0.001259263985046468,电力设备,False,rolling_48m_replay,0.0005647925216138634
2021-08-31,801740.SI,0.04068217346912932,0.0408612258367751,-0.03774159937428057,-0.10102447342508342,1.367491775817846e-05,0.00258581580819005,-1.1330948430225998e-05,0.002592573530916753,国防军工,False,rolling_48m_replay,4.41375339875049e-06
2021-08-31,801750.SI,0.042299006660016625,0.05055151654549637,-0.02629466014277895,-0.03002293270681395,4.4334993488374514e-05,0.0001884698322069355,-3.076760619046175e-05,0.00040546677497054905,计算机,False,rolling_48m_replay,0.00020342955546570079
2021-08-31,801760.SI,0.05283947088585024,0.030980929427882838,0.040609212934155904,0.012729902894254916,0.0008170838954303916,0.000863726936844238,0.0006094010543267026,0.0017513851013409108,传媒,False,rolling_48m_replay,-0.0005388267852604214
2021-08-31,801770.SI,0.0,0.020960628818864565,0.0,-0.017972371896234726,-0.00013998045804749872,0.0003767122163115692,-0.0003767122163115692,0.0003767122163115692,通信,False,rolling_48m_replay,0.000516692674359068
2021-08-31,801780.SI,0.0,0.01630048901467044,0.0,0.004378597112574197,-0.0004731905733723441,-7.137327413318341e-05,7.137327413318341e-05,-7.137327413318341e-05,银行,True,rolling_48m_replay,0.00040181729923916075
2021-08-31,801790.SI,0.006238544739611008,0.036011080332409975,-0.015439064905040902,0.011023437445627528,-0.0010621073984168992,-0.0009529432979465087,0.0007878557931098022,-0.0004932831885416449,非银金融,True,rolling_48m_replay,0.0007339117147119607
2021-08-31,801880.SI,0.04874760265119511,0.03995119853595608,-0.10147495015903853,-0.06727167627148226,-0.00037491195992102533,-0.0013664617856614428,-0.0003008658191791478,-0.002259076454834085,汽车,False,rolling_48m_replay,-0.00021683689007246905
2021-08-31,801890.SI,0.058408783241628834,0.033080992429772894,-0.03654464641360812,0.00020840483147336112,0.0006296243962689515,-0.0012158274100095956,-0.0009308735936328452,-0.0021414225696667036,机械设备,False,rolling_48m_replay,-0.0006243459622932144
2021-08-31,801950.SI,0.01687746710262149,0.02327069812094363,-0.0618749999999999,-0.017380133989931504,-4.648195108706056e-05,-0.0010354265948521373,0.0002844659575316567,-0.0006398454255934555,煤炭,False,rolling_48m_replay,0.00015759716281408566
2021-08-31,801960.SI,0.0,0.012530375911277338,0.0,-0.03928803209018187,0.00018341216921923336,0.0004922938109043059,-0.0004922938109043059,0.0004922938109043059,石油石化,False,rolling_48m_replay,0.0003088816416850726
2021-08-31,801970.SI,0.01742736923693237,0.0035001050031500947,-0.027484143763213842,0.03825366405842262,0.0008760847040457063,-0.0002300892300526292,-0.0009155478196815303,-0.0006128681624821676,环保,False,rolling_48m_replay,-0.00034331581679371444
2021-08-31,801980.SI,0.01788285626358305,0.00516015480464414,0.11928262692729574,0.03108600291137413,0.000709120521906664,0.0004551082331691506,0.0011220993170408524,0.001972705484803122,美容护理,False,rolling_48m_replay,-0.00031362258731354497
2021-08-31,999999.SI,0.03549024659637454,0.019860595817874537,-0.14137296958639659,-0.10128551083810784,-0.001197776448232879,-0.0007961608155654814,-0.000626552980833278,-0.0030057709597203623,未分类,False,rolling_48m_replay,-0.0003852807150887239
2021-09-30,801010.SI,0.05232383633791268,0.02235357657225156,-0.03060174862326678,0.026980314568427425,0.0015108994981709385,-0.0012871650587437645,-0.0017257493916977892,-0.0022043074142665325,农林牧渔,False,rolling_48m_replay,-0.0007022924619959174
2021-09-30,801030.SI,0.11109141912693703,0.09218474955992959,-0.030366833665106556,-0.04239547214615356,-0.000358517595687755,0.0011088570259222498,0.00022742149310214598,0.0005347213360198024,基础化工,False,rolling_48m_replay,-0.0004430395873168383
2021-09-30,801040.SI,0.01674941473522481,0.03273523763802208,-0.16039603960396065,-0.1588796032110651,0.002165225750469402,-4.964090568438115e-05,2.424148362018511e-05,0.0025144217777345913,钢铁,False,rolling_48m_replay,0.00037459544932938547
2021-09-30,801050.SI,0.03687889133322943,0.06832093134901583,-0.1046661424220676,-0.052571424349027604,0.0009161721706600642,-0.0035591596571145005,0.001637964210263635,-0.00026824261878185185,有色金属,False,rolling_48m_replay,0.0007367806574089491
2021-09-30,801080.SI,0.08751351064398255,0.08131301008161305,-0.09495264679144075,0.03571588871895386,0.00036675258637203565,-0.010625051945306331,-0.0008102103279162003,-0.01121380588513513,电子,False,rolling_48m_replay,-0.00014529619828463486
2021-09-30,801110.SI,0.016060217427569076,0.007231156985117618,0.02944975458537802,0.02465545253703795,0.00042457566693889523,3.466835074561799e-05,4.232918256416329e-05,0.00029468201399528247,家用电器,False,rolling_48m_replay,-0.00020689118625339406
2021-09-30,801120.SI,0.03380062391729295,0.03568570971355416,0.007012751132018314,0.013541923743913683,-6.970086362107746e-05,-0.0002329981584977864,1.2308050552021675e-05,-0.0002462177960494688,食品饮料,False,rolling_48m_replay,4.4173175517373366e-05
2021-09-30,801130.SI,0.0,0.0035805728916626653,0.0,-0.06979134956966589,0.0001659895256464565,0.0002498930143416985,-0.0002498930143416985,0.0002498930143416985,纺织服饰,False,rolling_48m_replay,8.390348869524202e-05
2021-09-30,801140.SI,0.001247245558415395,0.016102576412225955,0.013096351730589094,-0.0188425528647224,-6.819229616560689e-05,0.000514298651768798,-0.0004744629948716427,0.0003197480138330225,轻工制造,False,rolling_48m_replay,0.0003481046531014742
2021-09-30,801150.SI,0.0524389659641477,0.08039286285805729,-0.1080010028540298,-0.02948939626098316,0.00016930046899272478,-0.006311772821600546,0.002194705355677218,-0.003292723923380161,医药生物,False,rolling_48m_replay,0.0006550430735504415
2021-09-30,801160.SI,0.06994039898028197,0.03901624259881581,-0.12420319449344977,-0.11959196116904154,-0.002973635407977394,-0.00017991299806485538,-0.00014259850043542814,-0.004020792007657952,公用事业,False,rolling_48m_replay,-0.0007246451011802741
2021-09-30,801170.SI,0.04892865092387519,0.027704432709233475,-0.06353299535860836,-0.07266144138217723,-0.0010448356320195105,0.0002528984185998336,0.00019374413036480408,-0.0010955397387210895,交通运输,False,rolling_48m_replay,-0.0004973466556662166
2021-09-30,801180.SI,0.05039276562483991,0.03200512081933109,-0.07064075404916369,-0.061365283176243346,-0.0006974857393550546,-0.0002968625659440019,-0.00017055406381510208,-0.001595779660193333,房地产,False,rolling_48m_replay,-0.0004308772910791745
2021-09-30,801200.SI,0.032997453731679664,0.015392462794047046,-0.07908254150717817,0.03497448702538551,0.0010282629067085293,-0.0017556185680870488,-0.0020079729536890884,-0.0031478659946458758,商贸零售,False,rolling_48m_replay,-0.00041253737957826784
2021-09-30,801210.SI,0.017425470380721408,0.0042706833093294925,0.10310670868977989,0.13313616293744898,0.0020596337216281678,-0.00012824628904379402,-0.00039503107649819234,0.0012281005094022949,社会服务,False,rolling_48m_replay,-0.00030825584668388653
2021-09-30,801230.SI,0.0,0.009151464234277484,0.0,0.04913188414623666,-0.0006640747480022191,-0.0004496286805269498,0.0004496286805269498,-0.0004496286805269498,综合,False,rolling_48m_replay,0.00021444606747526938
2021-09-30,801710.SI,0.019082396635499536,0.018903024483917424,-0.09863945578231303,-0.06627899149445378,-7.685381482062683e-06,-0.000611710648744339,-5.804566105509413e-06,-0.0006294038201589012,建筑材料,False,rolling_48m_replay,-4.203223826990186e-06
2021-09-30,801720.SI,0.015700366171699454,0.014002240358457351,-0.002681162897142139,-0.09531352036939487,-0.0001220622030931342,0.0012970605342970257,0.0001573013973651023,0.0012925075823718817,建筑装饰,False,rolling_48m_replay,-3.9792146197112225e-05
2021-09-30,801730.SI,0.040906897738811954,0.062069931188990235,0.16875154454429414,0.0878328555596923,-0.0023547225746115424,0.005022617457177539,-0.0017124849217257016,0.0014513228752173913,电力设备,False,rolling_48m_replay,0.0004959129143770964
2021-09-30,801740.SI,0.007381224985729301,0.03748599775964154,0.0615224191866528,0.07995443586518895,-0.003112454626455684,-0.0006909425359172817,0.0005548916738722914,-0.0025430609860328424,国防军工,False,rolling_48m_replay,0.000705444502467832
2021-09-30,801750.SI,0.020870284105024894,0.05010801728276524,-0.07074467512385615,-0.014542627395572867,-0.0002599337224889143,-0.0028161731788956157,0.0016432204755221747,-0.0007477592438783846,计算机,False,rolling_48m_replay,0.0006851271819839705
2021-09-30,801760.SI,0.051380809773677386,0.032085133621379415,-0.06509242354618276,-0.021147497478863637,4.409990760291228e-05,-0.0014099788248515734,-0.0008479470619316671,-0.002665981149566931,传媒,False,rolling_48m_replay,-0.0004521551703866025
2021-09-30,801770.SI,0.015896608976125336,0.020573291726676265,0.09574468085106358,-0.020973080534660116,-1.1504163828800617e-05,0.0024012685546730837,-0.0005458519413555332,0.0019535010572799107,通信,False,rolling_48m_replay,0.0001095886077911608
2021-09-30,801780.SI,0.0,0.016702672427588414,0.0,0.016250559626330954,-0.0006628211432568236,-0.0002714277742035995,0.0002714277742035995,-0.0002714277742035995,银行,True,rolling_48m_replay,0.0003913933690532241
2021-09-30,801790.SI,0.007088248593660357,0.036905904944791165,-0.03191190414644077,-0.05240587916038527,0.0008639039861662435,0.000756348693805561,-0.0006110823042344585,0.001707886885154358,非银金融,True,rolling_48m_replay,0.0006987165094170121
2021-09-30,801880.SI,0.032564832066671434,0.040026404224675946,0.06898411352813189,0.028477300192262623,-0.00038733229251179896,0.0016213420844349976,-0.000302244510596408,0.0011066121435888661,汽车,False,rolling_48m_replay,0.0001748468622620753
2021-09-30,801890.SI,0.05491198433881428,0.033795407265162426,0.05040360074411139,-0.0328280962856884,-0.00019839272230760368,0.002812849098492694,0.0017575685453006073,0.0038772006183952976,机械设备,False,rolling_48m_replay,-0.0004948243030903996
2021-09-30,801950.SI,0.01679748313220173,0.02374379900784125,-0.16191709844559554,-0.18224233007459473,0.0011031399178946018,0.0004825982145867745,-0.00014118547914056755,0.0016073255260569022,煤炭,False,rolling_48m_replay,0.00016277287271609345
2021-09-30,801960.SI,0.020618318640251883,0.01222195551288206,-0.10502692998204666,-0.07727248485799501,-0.00045205604338363777,-0.00033921359359088564,-0.00023303639966019643,-0.0012210578358729943,石油石化,False,rolling_48m_replay,-0.00019675179923827452
2021-09-30,801970.SI,0.016777083409704536,0.0037005920947351576,-0.012949640287769904,-0.10690263094827905,-0.0010914901812597631,0.00034768169451500624,0.0012285754663875468,0.00017834583576000553,环保,False,rolling_48m_replay,-0.0003064211438827844
2021-09-30,801980.SI,0.018693209059584256,0.0053508561369819164,0.16731517509727656,0.11972346130894958,0.0019100437472001676,0.00025465641379375634,0.0006349854415553385,0.002487034529248626,美容护理,False,rolling_48m_replay,-0.0003126510733006361
2021-09-30,999999.SI,0.03354138768643393,0.024883981437029922,-0.009331833553982394,-0.09059274236143058,-0.000581429356685299,0.0020220949463207218,0.0007035086997418511,0.0019413054721920768,未分类,False,rolling_48m_replay,-0.00020286881718519704
2021-10-29,801010.SI,0.01692343370719207,0.023370934837393494,0.044339599621766985,0.04348605434212689,-4.8514598933271465e-05,1.9948151111233423e-05,-5.50323415515759e-06,-0.0002659314675627879,农林牧渔,False,rolling_48m_replay,-0.0002318617855855923
2021-10-29,801030.SI,0.11723926670507738,0.09081363254530181,-0.10941412324961909,-0.047443396547298726,-0.0022040271754666598,-0.005627786803309845,-0.0016376157524509531,-0.008519124396216873,基础化工,False,rolling_48m_replay,0.0009503053350105838
2021-10-29,801040.SI,0.03296495894675723,0.028241129645185804,-0.02706024621625295,-0.05019407945029064,-0.00040698423142620875,0.0006533255835525665,0.00010928027928861412,0.0005254975995684934,钢铁,False,rolling_48m_replay,0.00016987596815352154
2021-10-29,801050.SI,0.036299544547760576,0.06656266250650025,-0.046987675256038905,0.06189035380660705,-0.000784688084768778,-0.007247211502869829,0.0032949886366379416,-0.00582521794398937,有色金属,False,rolling_48m_replay,-0.001088306992988705
2021-10-29,801080.SI,0.09139199621093909,0.08630345213808552,0.16180462601060588,0.08209781951605606,0.00023476671597981354,0.006878972559382025,0.000405591597753928,0.007702322530028582,电子,False,rolling_48m_replay,0.00018299165691281535
2021-10-29,801110.SI,0.015439843082526774,0.007530301212048482,0.01697877652933788,0.055759493085782326,0.00015659308753723856,-0.00029203047688910224,-0.0003067377013703481,-0.0001577361330208102,家用电器,False,rolling_48m_replay,0.0002844389577014016
2021-10-29,801120.SI,0.0173979561579642,0.03633145325813032,0.11971138078058473,0.03497088546882737,1.875572009779468e-05,0.003078745344489924,-0.0016044339222517987,0.0008121902636238406,食品饮料,False,rolling_48m_replay,-0.0006808768787120794
2021-10-29,801130.SI,0.0,0.0034001360054402175,0.0,-0.010517278903666894,0.0001580341557654632,3.5760178679614625e-05,-3.5760178679614625e-05,3.5760178679614625e-05,纺织服饰,False,rolling_48m_replay,-0.00012227397708584854
2021-10-29,801140.SI,0.032416628936795325,0.016090643625745027,0.18914976330617633,0.04635969356766557,0.0001697608220631153,0.002297584125457656,0.0023311885811147745,0.005385640382782931,轻工制造,False,rolling_48m_replay,0.0005871068541473852
2021-10-29,801150.SI,0.09207246954076787,0.07923316932677306,0.14060335514475467,0.05544271678689036,0.0002501252432498086,0.006747547278984747,0.0010934030022920615,0.008552795966783183,医药生物,False,rolling_48m_replay,0.00046172044225656524
2021-10-29,801160.SI,0.06728499916221892,0.03586143445737829,0.005355784455588963,-0.02128007129909438,-0.0017987340913042833,0.0009551999953627591,0.0008369935367760936,0.0011234978347481384,公用事业,False,rolling_48m_replay,0.0011300383939135692
2021-10-29,801170.SI,0.031644594550182314,0.026321052842113682,-0.04537257571055706,-0.010625385506717225,-0.0002480072063220436,-0.0009145826294702432,-0.0001849781162883352,-0.0011561254286678955,交通运输,False,rolling_48m_replay,0.00019144252341272657
2021-10-29,801180.SI,0.016390930025180203,0.03048121924876995,-0.07125000000000015,0.0023185736369973524,0.00047403850528914205,-0.0022424598228485975,0.0010366024803122546,-0.0012385267156678262,房地产,False,rolling_48m_replay,-0.0005067078784206254
2021-10-29,801200.SI,0.015248962958973832,0.016510660426417054,-0.019169329073482677,-0.006827503616548319,5.398677234923398e-05,-0.0002037716891615527,1.5571649922640368e-05,-0.00017958579521695387,商贸零售,False,rolling_48m_replay,-4.537252832727552e-05
2021-10-29,801210.SI,0.0,0.005020200808032321,0.0,-0.02257432947168182,0.0002938615979283366,0.00011332766705452489,-0.00011332766705452489,0.00011332766705452489,社会服务,False,rolling_48m_replay,-0.0001805339308738117
2021-10-29,801230.SI,0.0,0.00987039481579263,0.0,-0.12905637032473463,0.0016287914914916055,0.0012738373285982746,-0.0012738373285982746,0.0012738373285982746,综合,False,rolling_48m_replay,-0.000354954162893331
2021-10-29,801710.SI,0.04845688012758449,0.018100724028961155,0.023573004640513293,0.013270776994416335,-0.0006888030056839794,0.00018647777950553512,0.0003127360305884721,0.0009020635880865291,建筑材料,False,rolling_48m_replay,0.0010916527836765013
2021-10-29,801720.SI,0.0168005344813607,0.020440817632705305,0.13495108946487977,0.03848955827173608,-9.202862785895587e-06,0.001971752567690564,-0.000351147286755303,0.001480492390455964,建筑装饰,False,rolling_48m_replay,-0.00013091002769340153
2021-10-29,801730.SI,0.08031779593611804,0.06950278011120445,0.1311063536932146,0.05184220849493801,0.0001717501578127868,0.0055090784544184,0.0008572429846676102,0.006926995744357236,电力设备,False,rolling_48m_replay,0.0003889241474584384
2021-10-29,801740.SI,0.011022097073585374,0.041521660866434655,0.12650979690435737,0.14470592100846788,-0.003316657530113523,-0.0007555332941344336,0.0005549738478959208,-0.004614026915239287,国防军工,False,rolling_48m_replay,-0.0010968099388872512
2021-10-29,801750.SI,0.036463041918538316,0.05043201728069122,0.13739366318704122,0.10293029843626814,-0.0009354855523877065,0.0017380570066617526,-0.0004814178931004381,-0.00018119168931396076,计算机,False,rolling_48m_replay,-0.0005023452504875688
2021-10-29,801760.SI,0.06014820272205386,0.03199127965118605,0.09324785873517796,0.08830408741038426,0.001473806321934836,0.00015815757098298994,0.0001392013888721786,0.002783730355912545,传媒,False,rolling_48m_replay,0.0010125650741225403
2021-10-29,801770.SI,0.016936575218227896,0.02052082083283331,0.15068493150684947,0.08946122214138708,-0.00019175615909289872,0.0012563607706101126,-0.00021944081180303506,0.0007162689656695701,通信,False,rolling_48m_replay,-0.00012889483404460872
2021-10-29,801780.SI,0.0,0.0172006880275211,0.0,-0.031689098817399446,0.0011636367749480211,0.0005450743026313757,-0.0005450743026313757,0.0005450743026313757,银行,True,rolling_48m_replay,-0.0006185624723166454
2021-10-29,801790.SI,0.005739281014228057,0.03574142965718628,0.06906231707151553,0.027764063280259217,0.0002459405925372439,0.0014760586328448142,-0.001239036348939885,-0.0005959592695619062,非银金融,True,rolling_48m_replay,-0.0010789221460040794
2021-10-29,801880.SI,0.015835127789072444,0.04200168006720268,0.11934338580241179,0.09503935864981734,-0.001545863983609471,0.0010208099728078786,-0.0006359525970574592,-0.0021019949708399955,汽车,False,rolling_48m_replay,-0.0009409883629809439
2021-10-29,801890.SI,0.037365310682918706,0.03355134205368214,-0.0757774104213269,-0.0240436509198905,-0.00022885774763869085,-0.001735737060755621,-0.00019731093581094758,-0.0020247497269073452,机械设备,False,rolling_48m_replay,0.00013715601729791423
2021-10-29,801950.SI,0.017633536005060773,0.02003080123204928,-0.15690866510538648,-0.018332916553924807,0.0001301581070426403,-0.00277578327481677,0.00033220282330632207,-0.0023996315881464414,煤炭,False,rolling_48m_replay,-8.620924367863398e-05
2021-10-29,801960.SI,0.019188081994481847,0.011950478019120764,0.012042018959774303,-0.020551933625567197,-0.0004090218223376569,0.000389513313927388,0.00023590212080439827,0.00047666867822202403,石油石化,False,rolling_48m_replay,0.0002602750658278947
2021-10-29,801970.SI,0.0,0.003380135205408216,0.0,0.19764111998297262,-0.0005464989892936466,-0.000668053707690755,0.000668053707690755,-0.000668053707690755,环保,False,rolling_48m_replay,-0.00012155471839710836
2021-10-29,801980.SI,0.01753364365552139,0.006030241209648386,-0.021332150950832296,-0.05942508533178223,-0.0010972702320710378,0.0002297095827004361,0.00043819835452829924,-1.568273472310022e-05,美容护理,False,rolling_48m_replay,0.0004136795601192022
2021-10-29,999999.SI,0.03384427243229473,0.015660626425057,0.001287906308340304,0.08462179732627757,0.0008848216953838478,-0.0013050609357783286,-0.0015153139746758991,-0.00128164210337698,未分类,False,rolling_48m_replay,0.0006539111116933998
2021-11-30,801010.SI,0.03370756366711348,0.023559528809423812,0.09656034960401524,0.04825735906239742,0.0003696038663318883,0.001137995697246571,0.0004901804317469919,0.002117893490898818,农林牧渔,False,rolling_48m_replay,0.00012011349557336688
2021-11-30,801030.SI,0.11441049734565639,0.08344833103337934,-0.037213445057153974,-0.025725445683680934,-0.0011629878623541905,-0.0009586543746288327,-0.0003556933471968068,-0.0021108632495412186,基础化工,False,rolling_48m_replay,0.0003664723346386116
2021-11-30,801040.SI,0.04056399637306148,0.025609487810243796,0.007594406983475463,0.03333950060050773,0.00032157228708750514,-0.0006593186611589732,-0.000385005222946452,-0.000545748036895067,钢铁,False,rolling_48m_replay,0.00017700356012285306
2021-11-30,801050.SI,0.04579368891512721,0.06821863562728746,-0.046812243044783625,-0.04357255160953223,0.001242536811491644,-0.00022100732956625873,7.264990779935445e-05,0.0008287547261897083,有色金属,False,rolling_48m_replay,-0.0002654246635350316
2021-11-30,801080.SI,0.08733603312671802,0.09021819563608728,-0.07513922888270115,-0.05204515383255754,0.00018411625146691376,-0.0020835057809083382,6.656087729808399e-05,-0.0018669423124397016,电子,False,rolling_48m_replay,-3.41136602963611e-05
2021-11-30,801110.SI,0.015382938286086967,0.007709845803083939,0.06630648330058975,0.03545428905810803,0.00018122429169755306,0.0002378656602963281,0.00023673173972613577,0.0007466414388844491,家用电器,False,rolling_48m_replay,9.081974716443212e-05
2021-11-30,801120.SI,0.031219164669491407,0.03606927861442771,-0.05285181692494182,0.016251782485140823,-2.1416400606413175e-05,-0.002492516980382074,0.0003351603311441341,-0.0022361796460991924,食品饮料,False,rolling_48m_replay,-5.74065962548392e-05
2021-11-30,801130.SI,0.0,0.003249935001299974,0.0,0.05721757932593626,-0.00014748674912401787,-0.00018595341374101802,0.00018595341374101802,-0.00018595341374101802,纺织服饰,False,rolling_48m_replay,-3.846666461700018e-05
2021-11-30,801140.SI,0.01616774257758599,0.01613967720645587,0.015999999999999792,0.04713158564261342,9.905799629375389e-07,-0.00050245374319692,-8.737195049289718e-07,-0.000502004697258838,轻工制造,False,rolling_48m_replay,3.321854800732724e-07
2021-11-30,801150.SI,0.05076207584278855,0.08105837883242335,-0.020205541234189224,0.05623531733527765,-0.0013451311252641956,-0.006196172072199541,0.0023158754120083903,-0.005584018872898985,医药生物,False,rolling_48m_replay,-0.0003585910874436384
2021-11-30,801160.SI,0.06522623870698958,0.03387932241355173,0.021003824893806332,0.08725608540453196,0.002364182918480261,-0.002244581694469495,-0.0020768040644807547,-0.0015861765536813218,公用事业,False,rolling_48m_replay,0.00037102628678866724
2021-11-30,801170.SI,0.03959971917594628,0.0251794964100718,0.05486244375398417,0.04729102631688618,0.0005112674522256295,0.00019064447817656395,0.00010918152609637948,0.0009817731385892746,交通运输,False,rolling_48m_replay,0.00017067968209070182
2021-11-30,801180.SI,0.031492036777718155,0.02926941461170777,0.09921876265743186,0.08506242177319519,0.00016275437139917875,0.000414347810725393,3.1464197038903506e-05,0.0006348736318919248,房地产,False,rolling_48m_replay,2.630725272844965e-05
2021-11-30,801200.SI,0.04705516495881116,0.01661966760664787,-0.013499242426743581,0.01195802868578648,3.7099398991493063e-06,-0.00042309138406256843,-0.0007748047075387117,-0.0008339475411979331,商贸零售,False,rolling_48m_replay,0.0003602386105041977
2021-11-30,801210.SI,0.0,0.0046599068018639625,0.0,0.12023565719728917,-0.0005051316776878559,-0.0005602869568002315,0.0005602869568002315,-0.0005602869568002315,社会服务,False,rolling_48m_replay,-5.5155279112375664e-05
2021-11-30,801230.SI,0.0,0.008299834003319934,0.0,-0.1415183944948848,0.0012728171262073051,0.0011745791827238892,-0.0011745791827238892,0.0011745791827238892,综合,False,rolling_48m_replay,-9.823794348341568e-05
2021-11-30,801710.SI,0.01966108699288639,0.015789684206315872,0.08022741629816799,0.091927890333492,0.0003100674504968207,-0.00018474679008196446,-4.5297247784549345e-05,0.000125845852934116,建筑材料,False,rolling_48m_replay,4.58224403038091e-05
2021-11-30,801720.SI,2.918785126981746e-08,0.020429591408171837,0.5721649484536075,0.07622406651722126,-0.0013154172833398647,0.010131869580568761,-0.010131855105120059,-0.0015572098341507248,建筑装饰,False,rolling_48m_replay,-0.00024180702625956258
2021-11-30,801730.SI,0.04202799512815528,0.07015859682806344,-0.001785050692995063,-0.07496554491878431,0.002441783443134035,0.005134240790065573,-0.002058611335268107,0.005184455340124361,电力设备,False,rolling_48m_replay,-0.00033295755780713993
2021-11-30,801740.SI,0.03279551804782921,0.04619907601847963,-0.07943043466226922,0.004428106270492111,9.929392272938494e-05,-0.003874187107351427,0.001124002814726428,-0.0028095366717217404,国防军工,False,rolling_48m_replay,-0.0001586463018261263
2021-11-30,801750.SI,0.02425020270192754,0.053928921421571574,0.06152178132780098,0.0316788675549772,-0.0005889069219588058,0.0016093961518453496,-0.0008856994436382278,-0.00021649149131390414,计算机,False,rolling_48m_replay,-0.00035128127756222
2021-11-30,801760.SI,0.0639721511048664,0.033739325213495736,0.12984000724981584,0.17742536368731873,0.005006230365038905,-0.001605497816245023,-0.001438639796153839,0.002319932516672964,传媒,False,rolling_48m_replay,0.00035783976403292155
2021-11-30,801770.SI,0.0030137308709358213,0.02155956880862383,-0.06505355017850023,0.01640063058935272,-8.465242285653428e-05,-0.0017561170150146093,0.001510636035867744,-0.0005496444161328894,通信,False,rolling_48m_replay,-0.00021951101412948982
2021-11-30,801780.SI,0.0,0.01603967920641587,0.0,0.005186057981336374,0.00010666507838939408,-8.318270636650811e-05,8.318270636650811e-05,-8.318270636650811e-05,银行,True,rolling_48m_replay,-0.00018984778475590217
2021-11-30,801790.SI,0.005534617429548818,0.035489290214195716,0.0029736875455223474,0.03783699742839813,-0.0007788473703993372,-0.0012372741222608163,0.0010443190397312905,-0.001326349959650718,非银金融,True,rolling_48m_replay,-0.0003545475067218548
2021-11-30,801880.SI,0.04872773317706367,0.04385912281754365,0.004103288640495023,-0.058752700689780404,-0.0003436695295155965,0.0027568085558547636,0.0003060213208112588,0.002776785869437978,汽车,False,rolling_48m_replay,5.762552228755257e-05
2021-11-30,801890.SI,0.05284322489816151,0.03193936121277575,-0.036292757813673755,-0.00488162639297584,-0.00034946577441205426,-0.0010032514725476405,-0.0006566140094220069,-0.0017619103346513958,机械设备,False,rolling_48m_replay,0.00024742092173030573
2021-11-30,801950.SI,0.03342119046356648,0.01875962480750385,0.031631154561355,0.09779205969086201,0.0012602484550353335,-0.0012411537571544084,-0.0009700224544207978,-0.0007773915077760373,煤炭,False,rolling_48m_replay,0.00017353624876383555
2021-11-30,801960.SI,0.019015796373926426,0.01136977260454791,0.019872611464967882,0.05627527019353599,0.00033978269527230236,-0.0004138899519447805,-0.000278335593907206,-0.0002619434923240121,石油石化,False,rolling_48m_replay,9.049935825567205e-05
2021-11-30,801970.SI,0.0,0.003919921601567969,0.0,0.020889013470399623,-3.548657966155899e-05,-8.188329513806377e-05,8.188329513806377e-05,-8.188329513806377e-05,环保,False,rolling_48m_replay,-4.639671547650478e-05
2021-11-30,801980.SI,0.01750904926096429,0.005439891202175957,0.04254041339272274,0.013671013264662328,2.214545361897682e-05,0.00015704639576873328,0.0003484293532079653,0.0006704733688917002,美容护理,False,rolling_48m_replay,0.00014285216629602476
2021-11-30,999999.SI,0.018510777351817168,0.018189636207275855,0.07505573445627967,-0.013827484619145267,-8.24164370329335e-06,0.0016167534199135812,2.8544058704398266e-05,0.00164085690438126,未分类,False,rolling_48m_replay,3.8010694665738774e-06
2021-12-31,801010.SI,0.01684003759270033,0.024709752902470974,-0.12340426407995843,-0.12733762848721433,0.00014272469430405422,9.71924625786676e-05,-3.095445809468873e-05,0.0010683488888996963,农林牧渔,False,rolling_48m_replay,0.0008593861901116631
2021-12-31,801030.SI,0.03602461449679495,0.03959960400395996,-0.10093136761074666,-0.094366371784755,-5.303609717259163e-05,-0.00025997123499691956,2.3469791192502263e-05,0.00010085734515531426,基础化工,False,rolling_48m_replay,0.0003903948861323232
2021-12-31,801040.SI,0.032571673304026064,0.03821961780382196,-0.022582424436704877,-0.06203932199037711,-0.00026637042154264024,0.0015080275442259103,-0.00022285036751727315,0.0016355718241152538,钢铁,False,rolling_48m_replay,0.0006167650689492571
2021-12-31,801050.SI,0.03428183456313837,0.045519544804551955,0.02247957491999873,-0.08566118871963198,-0.00026454130157627933,0.004922518335692633,-0.0012152545670673636,0.004669899386391539,有色金属,False,rolling_48m_replay,0.001227176919342549
2021-12-31,801080.SI,0.07370437124405473,0.07853921460785392,-0.09352041387738634,-0.1401527701553364,0.0001496436377211884,0.003662468637383823,-0.00022546013828876632,0.004114625189798658,电子,False,rolling_48m_replay,0.0005279730529824129
2021-12-31,801110.SI,0.015689549880703035,0.01031989680103199,0.012799999999999923,-0.06207098045168167,0.000253075544980048,0.0007726607916534373,0.0004020311907603627,0.0008413923510732264,家用电器,False,rolling_48m_replay,-0.0005863751763206217
2021-12-31,801120.SI,0.052371524685545345,0.02812971870281297,-0.07199068164196815,-0.08374742290736295,0.0006170573379586931,0.00033071382465730924,0.0002850046407448844,-0.0014144703122719359,食品饮料,False,rolling_48m_replay,-0.0026472461156328226
2021-12-31,801130.SI,0.0,0.007019929800701993,0.0,-0.05566722416342643,-0.0003758081728819571,0.0003907800058271953,-0.0003907800058271953,0.0003907800058271953,纺织服饰,False,rolling_48m_replay,0.0007665881787091524
2021-12-31,801140.SI,0.0,0.013119868801311987,0.0,-0.02663751416882003,-0.0010832311186932,0.0003494806910880079,-0.0003494806910880079,0.0003494806910880079,轻工制造,False,rolling_48m_replay,0.001432711809781208
2021-12-31,801150.SI,0.06156178369379552,0.0917990820091799,-0.153622289176583,-0.13639153158443898,0.0008221474338760543,-0.0015817677292815275,0.0005210115575137327,0.003063355256443058,医药生物,False,rolling_48m_replay,0.0033019639943347983
2021-12-31,801160.SI,0.03356538607159289,0.02768972310276897,-0.12104123848664078,-0.15204857385673887,-0.00025175386488431273,0.0008585845305527105,0.0001821886521959894,0.00014738700787617076,公用事业,False,rolling_48m_replay,-0.0006416323099882165
2021-12-31,801170.SI,0.03313599463395567,0.032839671603283965,-0.05530062270257179,-0.048702995108224394,1.792715581117498e-05,-0.000216663923559133,-1.9550290040002745e-06,-0.00023305077167639146,交通运输,False,rolling_48m_replay,-3.2358974924433167e-05
2021-12-31,801180.SI,0.04816649457701705,0.02827971720282797,-0.03191580074295869,-0.018446815477676657,0.0018048219308310558,-0.00038089909431123273,-0.0002678547114268968,-0.0010156015184054307,房地产,False,rolling_48m_replay,-0.002171669643498357
2021-12-31,801200.SI,0.03291906271161066,0.014319856801431984,-0.03826513841786369,-0.04329384734022827,0.0012258334858311242,7.201039166434414e-05,9.352999270941155e-05,-0.0006396907969509913,商贸零售,False,rolling_48m_replay,-0.0020310646671558713
2021-12-31,801210.SI,0.017880761005094517,0.0075399246007539925,-0.015384615384615552,-0.08657671425707719,0.0002339611445137614,0.0005367830576677841,0.0007361858477217614,0.00037769326683177425,社会服务,False,rolling_48m_replay,-0.0011292367830715326
2021-12-31,801230.SI,0.0,0.0012699873001269988,0.0,-0.04635761589403975,-7.981117252770081e-05,5.8873583449595986e-05,-5.8873583449595986e-05,5.8873583449595986e-05,综合,False,rolling_48m_replay,0.0001386847559772968
2021-12-31,801710.SI,0.0,0.01965980340196598,0.0,-0.07538303244803647,-0.0006648681049942383,0.0014820155977724194,-0.0014820155977724194,0.0014820155977724194,建筑材料,False,rolling_48m_replay,0.002146883702766658
2021-12-31,801720.SI,0.03394906633446809,0.016189838101618982,-0.10608516316036211,-0.10825872544524656,1.6746274148183774e-05,3.5189621496064334e-05,3.8600788695576e-05,-0.001848801003187843,建筑装饰,False,rolling_48m_replay,-0.0019393376875276671
2021-12-31,801730.SI,0.09431793141440661,0.07524924750752492,-0.1510036998977118,-0.15175240617012717,-0.0008113862088378716,5.6339583603419494e-05,1.4276843247788082e-05,-0.0028231022385156717,电力设备,False,rolling_48m_replay,-0.002082332456529008
2021-12-31,801740.SI,0.07282483263077719,0.06769932300676992,-0.1986786576244694,-0.19681550361699796,-0.0004490654589150048,-0.00012613426496316723,-9.549613796302595e-06,-0.0011444636367022292,国防军工,False,rolling_48m_replay,-0.0005597142990277546
2021-12-31,801750.SI,0.043383381202752216,0.05390946090539094,-0.07124471687432563,-0.11587094889409683,7.020117947965892e-05,0.002405776110424761,-0.00046973927506856,0.003155703678635843,计算机,False,rolling_48m_replay,0.0011494656637999834
2021-12-31,801760.SI,0.035386961380211426,0.033659663403365965,-0.13219708180422954,-0.13538782227017523,-4.523125801814448e-05,0.00010739925009123122,5.511359551466945e-06,-0.0001209445018540891,传媒,False,rolling_48m_replay,-0.00018862385347864278
2021-12-31,801770.SI,0.01705724146432604,0.01991980080199198,-0.09116175653140624,-0.08692469047103928,-6.376922518388955e-05,-8.440151190739075e-05,1.212885301541088e-05,0.00017655442548961532,通信,False,rolling_48m_replay,0.00031259630956548474
2021-12-31,801780.SI,0.0,0.01924980750192498,0.0,0.005337368307720195,-0.0022048547712014838,-0.00010274331249048885,0.00010274331249048885,-0.00010274331249048885,银行,True,rolling_48m_replay,0.002102111458710995
2021-12-31,801790.SI,0.021519114734430356,0.05127948720512795,-0.07675969957269105,-0.07401461511290476,-0.0010471803733599825,-0.0001407665234326065,8.169473598676359e-05,0.002143630726589526,非银金融,True,rolling_48m_replay,0.0032498828873953516
2021-12-31,801880.SI,0.016732741022470108,0.02950970490295097,-0.09099307159353387,-0.1155250841655457,8.079381381725394e-05,0.0007239324516755524,-0.00031344463854809755,0.0018865476408001436,汽车,False,rolling_48m_replay,0.0013952660138554349
2021-12-31,801890.SI,0.05394903008214248,0.03074969250307497,-0.1187167799584262,-0.07759612247897102,0.0007332281668172408,-0.0012644475730175164,-0.0009539720143390881,-0.004018598227572922,机械设备,False,rolling_48m_replay,-0.0025334068070335587
2021-12-31,801950.SI,0.03331543513316783,0.026219737802621972,0.057376025592489444,-0.09249526277702555,0.00011854373163282478,0.003929585885189831,0.0010634413008090357,0.004336708796823789,煤炭,False,rolling_48m_replay,-0.000774862120807903
2021-12-31,801960.SI,0.01974544720052531,0.010649893501064989,-0.12575757575757585,-0.11670897518098629,-6.828294038929091e-05,-9.636663247435404e-05,-8.230203244933796e-05,-0.0012402014158913346,石油石化,False,rolling_48m_replay,-0.0009932498105783517
2021-12-31,801970.SI,0.016993501680036747,0.015019849801501985,-0.10971786833855768,-0.10582902678723051,6.656457684978024e-06,-5.840981600277404e-05,-7.675219433100905e-06,-0.00027495469295799805,环保,False,rolling_48m_replay,-0.00021552611520710114
2021-12-31,801980.SI,0.017933486547995196,0.007039929600703993,-0.18749399211765827,-0.11416646656410383,-5.408410604004558e-05,-0.0005162206176908463,-0.0007987975754215962,-0.0025586970980995246,美容护理,False,rolling_48m_replay,-0.0011895947989470365
2021-12-31,999999.SI,0.03417870694093261,0.035079649203507965,-0.11585691208673153,-0.14417781733691323,3.1511473764320645e-05,0.000993487421302161,-2.5515500454280873e-05,0.0010978678098125753,未分类,False,rolling_48m_replay,9.838441520037449e-05
2022-01-28,801010.SI,0.034022478064578934,0.024139758602413974,-0.010993030881727458,-0.01034076485332558,-0.0003797121978712379,-1.574554447017664e-05,-6.446162173396286e-06,-0.00012438658471320503,农林牧渔,False,rolling_48m_replay,0.0002775173198016058
2022-01-28,801030.SI,0.03527901892996384,0.03910960890391096,0.22211221499923534,0.07605467378976957,-0.00018376721236025857,0.005712253314169064,-0.0005594865529763479,0.004861432490301807,基础化工,False,rolling_48m_replay,-0.00010756705853065106
2022-01-28,801040.SI,0.03307475931786181,0.04011959880401196,0.05787917393357823,0.04503048812065778,-0.00011940594230874171,0.0005154841199731685,-9.051692915999921e-05,0.00010773463002014408,钢铁,False,rolling_48m_replay,-0.0001978266184842835
2022-01-28,801050.SI,0.01852018745273782,0.04656953430465695,0.21720116618075844,0.1502562833355479,-0.003426934984389901,0.003117592018181272,-0.0018777602388864007,-0.002974758828664148,有色金属,False,rolling_48m_replay,-0.0007876556235691177
2022-01-28,801080.SI,0.07260325839392603,0.07561924380756192,0.035427192035605654,-0.012320719154366598,0.00012185120152353284,0.0036106609375763255,-0.0001440070036805381,0.0035038130431508615,电子,False,rolling_48m_replay,-8.469209226845886e-05
2022-01-28,801110.SI,0.01546776008921054,0.010859891401085989,0.026398210290827562,-0.05568984496481544,-0.0003860053680196198,0.0008914673654026289,0.0003782509794815154,0.0010131068520242606,家用电器,False,rolling_48m_replay,0.00012939387515973613
2022-01-28,801120.SI,0.03333597823830153,0.02880971190288097,0.04117126038960791,0.003744135056270118,-0.00011015544146289677,0.0010782646982064796,0.00016940513742785276,0.0012646167880947957,食品饮料,False,rolling_48m_replay,0.0001271023939233601
2022-01-28,801130.SI,0.0,0.007419925800741993,0.0,0.020516777022281423,5.612647971165755e-05,-0.0001522329631756964,0.0001522329631756964,-0.0001522329631756964,纺织服饰,False,rolling_48m_replay,-0.00020835944288735394
2022-01-28,801140.SI,0.0,0.014329856701432985,0.0,0.00866530366617838,0.00027822512436389565,-0.00012417255981073808,0.00012417255981073808,-0.00012417255981073808,轻工制造,False,rolling_48m_replay,-0.0004023976841746337
2022-01-28,801150.SI,0.06685370562528441,0.08937910620893791,0.051817489274777404,0.03316298570489504,-0.0001144722262018344,0.0016673228558475273,-0.0004202001656007946,0.0005001131526939971,医药生物,False,rolling_48m_replay,-0.0006325373113509011
2022-01-28,801160.SI,0.04840230579753745,0.026329736702632972,0.04574391386496805,0.05181892134711114,0.0005239554024520165,-0.00015995334747135283,-0.00013409102240166505,0.0008497323519845138,公用事业,False,rolling_48m_replay,0.0006198213194055152
2022-01-28,801170.SI,0.05134580719278704,0.035019649803501966,0.06933760705536332,0.04793507295095002,0.0003241396054083741,0.0007495092492440612,0.00034942114031819287,0.0018815259350263259,交通运输,False,rolling_48m_replay,0.00045845594005569754
2022-01-28,801180.SI,0.06218624853501388,0.03100968990310097,0.02253044614172559,0.0034903911755798855,-0.0007666526858896962,0.0005904262002381759,0.0005936033900068861,0.0012928479753788397,房地产,False,rolling_48m_replay,0.000875471071023474
2022-01-28,801200.SI,0.016292563063757075,0.015379846201537983,-0.004970178926441249,-0.02879539603708777,-5.191210802644181e-05,0.0003664281748799947,2.174567740291792e-05,0.0003618918087655858,商贸零售,False,rolling_48m_replay,2.5630064509114966e-05
2022-01-28,801210.SI,0.016485788490366086,0.007709922900770991,-0.023166023166022676,-0.03448170728994871,-0.0005490425091295838,8.724305216494807e-05,9.930492292589002e-05,-0.00011605885338551318,社会服务,False,rolling_48m_replay,0.00024643568065323254
2022-01-28,801230.SI,0.0,0.0013599864001359986,0.0,0.25088339222614775,-0.0003030081305140153,-0.0003411980014475465,0.0003411980014475465,-0.0003411980014475465,综合,False,rolling_48m_replay,-3.8189870933531237e-05
2022-01-28,801710.SI,0.0,0.020439795602043977,0.0,0.00950290136112248,0.0003797339340532837,-0.000194237361447729,0.000194237361447729,-0.000194237361447729,建筑材料,False,rolling_48m_replay,-0.0005739712955010127
2022-01-28,801720.SI,0.016891856821618086,0.016119838801611983,-0.03179140074316345,0.034398690327699245,4.877318080623762e-06,-0.0010669735983263233,-5.10999430525511e-05,-0.0010915171325812808,建筑装饰,False,rolling_48m_replay,2.1679090716969886e-05
2022-01-28,801730.SI,0.05380337419085618,0.07137928620713793,0.054890577182024454,0.02860551243401635,-9.217584677532147e-06,0.0018762091596212223,-0.00046198398535325956,0.0009114572045470378,电力设备,False,rolling_48m_replay,-0.0004935503850433927
2022-01-28,801740.SI,0.05568958542639095,0.06089939100608994,-0.003100429005091917,0.03729642597607949,-4.801022205336087e-05,-0.0024601438669146695,0.00021045976048319765,-0.0024439912345844807,国防军工,False,rolling_48m_replay,-0.0001462969060996482
2022-01-28,801750.SI,0.06966612107370891,0.05354946450535494,0.04763780310685854,0.025169978255060843,-4.691703783306173e-05,0.0012031399894138727,0.0003621062169743519,0.001970902101757977,计算机,False,rolling_48m_replay,0.00045257293320281433
2022-01-28,801760.SI,0.049980772899990235,0.032769672303276966,-0.014817111535160939,-0.026640285901148975,-0.0009418147312387046,0.00038744154955793234,0.0002034898433855017,0.0001324227523735569,传媒,False,rolling_48m_replay,0.00048330609066882745
2022-01-28,801770.SI,0.019021979997927034,0.020519794802051978,0.03356643356643363,0.06435386098157374,-5.43299259268259e-05,-0.0006317516930417446,4.6113864563319005e-05,-0.0006820279941592253,通信,False,rolling_48m_replay,-4.206023975397385e-05
2022-01-28,801780.SI,0.0,0.021769782302176976,0.0,0.0037964515665236858,0.0005286708186870308,-8.264792412397939e-05,8.264792412397939e-05,-8.264792412397939e-05,银行,True,rolling_48m_replay,-0.0006113187428110102
2022-01-28,801790.SI,0.023124840642261134,0.05314946850531494,0.002362351156204556,-0.007267779706615966,0.0010613360055552975,0.0005118363369955407,-0.00028914109542869547,0.000440907622648644,非银金融,True,rolling_48m_replay,-0.0008431236244734988
2022-01-28,801880.SI,0.015413218880655175,0.02932970670293297,-0.14636542239685668,-0.00498441524688846,0.0004601553985474293,-0.004146663473073836,0.001967527064303902,-0.0021097708546854357,汽车,False,rolling_48m_replay,-0.0003907898444629309
2022-01-28,801890.SI,0.051765351391236086,0.03166968330316697,-0.018143902399874533,-0.009591605080904292,-0.0007570575394289746,-0.00027084854760631144,-0.00017186412831250936,-0.0006354623880565108,机械设备,False,rolling_48m_replay,0.0005643078272912845
2022-01-28,801950.SI,0.03386303372729825,0.027279727202727973,0.14670084084086202,0.1572010700318724,0.000850036550123874,-0.00028644338789688404,-6.912622734266187e-05,0.0006793332147707089,煤炭,False,rolling_48m_replay,0.0001848662798863809
2022-01-28,801960.SI,0.019152617820830095,0.010569894301056988,0.20918367346938727,0.12080895441068784,0.000795857809412931,0.0009341114393360595,0.0007584957798184402,0.0027294770735743074,石油石化,False,rolling_48m_replay,0.00024101204500687678
2022-01-28,801970.SI,0.03390624977317755,0.015059849401505985,0.05713379507561474,0.03322073857349586,9.686428452537693e-05,0.00036012702965161375,0.0004506750369493363,0.0014368934063996863,环保,False,rolling_48m_replay,0.0005292270552733593
2022-01-28,801980.SI,0.01785358539515894,0.0069699303006969925,0.08507906868179971,0.010335755713455314,-0.00019313386128914104,0.0005209556818325421,0.0008134804389648852,0.0014469269211232893,美容护理,False,rolling_48m_replay,0.000305624661615003
2022-01-28,999999.SI,0.0359975489917315,0.03535964640353596,0.04312218231822646,-0.008053455687961682,-2.30503063489807e-05,0.001809552464374169,3.264507193670529e-05,0.0018370602160836054,未分类,False,rolling_48m_replay,1.7912986121711768e-05
2022-02-28,801010.SI,0.05351833794358532,0.023271861748939915,-0.062261978112649746,0.00028804403660992944,0.0024002273646284086,-0.0014556554678507006,-0.0018919177559121256,-0.0033388609066664944,农林牧渔,False,rolling_48m_replay,-0.0023915150475320767
2022-02-28,801030.SI,0.03216235444852657,0.04402352188175054,-0.05510302970633226,-0.09997268095204717,0.000247959149148041,0.0019753200734422454,-0.000532206446095791,0.002628906334866967,基础化工,False,rolling_48m_replay,0.0009378335583724714
2022-02-28,801040.SI,0.03155738218314499,0.0408132650612049,-0.11604469607898156,-0.0818247715606022,2.5520434550975078e-05,-0.0013966268497430413,0.00031673561343817006,-0.00032253073421592993,钢铁,False,rolling_48m_replay,0.0007318400675379662
2022-02-28,801050.SI,0.02218437717708339,0.0525542043363469,-0.11165884234447246,-0.10842478869048565,0.0008915739850786071,-0.00016996311656633213,9.821765049536401e-05,0.0032210966262387498,有色金属,False,rolling_48m_replay,0.002401268107231111
2022-02-28,801080.SI,0.08925443897300804,0.07321585726858149,-0.11469893230365248,-0.14890115197619352,-0.0011200317832316244,0.0025041448338134348,0.0005485550946907948,0.000664536636650814,电子,False,rolling_48m_replay,-0.0012681315086217912
2022-02-28,801110.SI,0.01520030513009751,0.008760700856068485,0.10405257393209189,-0.10155139696768692,-0.00014478701769583276,0.001801234883872772,0.0013240082097635548,0.002471292283689592,家用电器,False,rolling_48m_replay,-0.0005091637922509016
2022-02-28,801120.SI,0.03524357794274924,0.028172253780302425,-0.07412319396259014,-0.1622030628743802,-0.0005878780957915077,0.002481408419918719,0.0006228413052610889,0.0019572592874533236,食品饮料,False,rolling_48m_replay,-0.0005591123419349769
2022-02-28,801130.SI,0.0,0.007370589647171773,0.0,-0.07098703790698412,-5.955820668853791e-05,0.0005232163266806073,-0.0005232163266806073,0.0005232163266806073,纺织服饰,False,rolling_48m_replay,0.0005827745333691452
2022-02-28,801140.SI,0.0,0.01383110648851908,0.0,-0.11019064750816521,0.00043046674844950225,0.0015240585797243026,-0.0015240585797243026,0.0015240585797243026,轻工制造,False,rolling_48m_replay,0.0010935918312748004
2022-02-28,801150.SI,0.11819719589230716,0.08921713737098967,-0.07502917205485175,0.04152884755941965,0.0034948909257515415,-0.01039897284761696,-0.0033778582295504573,-0.012573322644572563,医药生物,False,rolling_48m_replay,-0.002291382493156687
2022-02-28,801160.SI,0.03354122444126316,0.026902152172173774,-0.0436559303532666,-0.1335093050748356,-0.0003614426852261199,0.0024172491599430018,0.000596543048398066,0.0021274142833533315,公用事业,False,rolling_48m_replay,-0.0005249352397616166
2022-02-28,801170.SI,0.03261216323989589,0.034952796223697895,-0.03473831197192745,-0.018554774152921054,-0.0001416382206554591,-0.0005656598995662388,3.787972241377357e-05,-0.00048435026076314126,交通运输,False,rolling_48m_replay,0.0001850681370447831
2022-02-28,801180.SI,0.0596486412444846,0.029502360188815104,0.16922736202145622,0.11717592934148123,0.005916011361335717,0.0015356401152684836,0.001569157118920786,0.006637215733076833,房地产,False,rolling_48m_replay,-0.002383592862448154
2022-02-28,801200.SI,0.016013551068272375,0.014641171293703497,-0.14597815292949357,-0.05558249665506917,3.223042486023035e-05,-0.0013234982877205908,-0.0001240571703799003,-0.0015238357523299504,商贸零售,False,rolling_48m_replay,-0.00010851071908968973
2022-02-28,801210.SI,0.0,0.007250580046403712,0.0,-0.10310982835005285,0.00017432039686882543,0.0007476060640230049,-0.0007476060640230049,0.0007476060640230049,社会服务,False,rolling_48m_replay,0.0005732856671541795
2022-02-28,801230.SI,0.0,0.0016101288103048243,0.0,-0.05367231638418035,-4.088961212482578e-05,8.641934292596444e-05,-8.641934292596444e-05,8.641934292596444e-05,综合,False,rolling_48m_replay,0.0001273089550507902
2022-02-28,801710.SI,0.013955462244535385,0.02021161692935435,-0.1912058627581612,-0.08414250961254956,3.174967471170748e-05,-0.0021639234809512874,0.0006698048983543454,-0.0009677100268919655,建筑材料,False,rolling_48m_replay,0.0004946588809932688
2022-02-28,801720.SI,0.016866999544506035,0.016041283302664213,-0.04960336812135779,-0.07580361605006797,2.695090882828361e-06,0.00042028559962448126,2.1633970255018538e-05,0.0003793272929166172,建筑装饰,False,rolling_48m_replay,-6.528736784571095e-05
2022-02-28,801730.SI,0.04027410991964414,0.07151572125770062,-0.2070337896291903,-0.16286345347971648,0.0026179187603773747,-0.0031588734479247073,0.0013799524746531673,0.003309195741515404,电力设备,False,rolling_48m_replay,0.002470197954409569
2022-02-28,801740.SI,0.05782382295571902,0.06164493159452756,-0.13038641589258157,-0.11583392921084322,0.00014048829401293376,-0.0008970870460260339,5.560663257573659e-05,-0.00039886638587560783,国防军工,False,rolling_48m_replay,0.0003021257335617556
2022-02-28,801750.SI,0.050944081170504044,0.053484278742299385,-0.13854502839097946,-0.1307322448751761,0.00013123850906433183,-0.0004178610913124688,1.984601371580637e-05,-6.592934660938632e-05,计算机,False,rolling_48m_replay,0.0002008472219229443
2022-02-28,801760.SI,0.060863944087571065,0.030562444995599646,-0.03459001891218311,-0.03591061327023809,0.0013077201583242657,4.036059242955464e-05,4.0015988741465644e-05,-0.0010077688342292359,传媒,False,rolling_48m_replay,-0.0023958655737245215
2022-02-28,801770.SI,0.019610740576933114,0.021591727338187053,-0.1236486486486489,-0.12952588200230525,9.995726943889992e-05,0.00012689962007504657,-1.1642721466393317e-05,0.0003718459560949597,通信,False,rolling_48m_replay,0.00015663178804740653
2022-02-28,801780.SI,0.0,0.021141691335306825,0.0,-0.010979828835970408,-0.0014394897793718752,0.0002321321521645876,-0.0002321321521645876,0.0002321321521645876,银行,True,rolling_48m_replay,0.0016716219315364629
2022-02-28,801790.SI,0.02126529918696134,0.05122409792783422,-0.03430574183201966,-0.041069466540542415,-0.0011383772109382895,0.0003464656968262815,-0.00020263306728130227,0.001374224512028102,非银金融,True,rolling_48m_replay,0.0023687690934214123
2022-02-28,801880.SI,0.01622296203299753,0.028112248979918392,-0.06379310344827627,-0.1440972829242717,0.0007731570452715397,0.0022575310875572363,-0.000954759432827143,0.0030159855996883993,汽车,False,rolling_48m_replay,0.0009400568996867664
2022-02-28,801890.SI,0.03491855345860721,0.030622449795983678,-0.2178988657666665,-0.09813152529698975,-8.190077451367363e-05,-0.0036675693707311605,-0.0005145329100544583,-0.004603685486032851,机械设备,False,rolling_48m_replay,-0.00033968243073355907
2022-02-28,801950.SI,0.016916362449234522,0.03082246579726378,0.23324396782841836,0.051244365371915936,-0.0018121310907710131,0.005609676521831151,-0.0025309052810603624,0.002366161799904754,煤炭,False,rolling_48m_replay,0.001099521649904978
2022-02-28,801960.SI,0.036417872542038,0.01164093127450196,0.036805138944569056,-0.012599261338648906,0.0016468811126082972,0.0005751132283549255,0.0012240899241751325,0.0014870319943280164,石油石化,False,rolling_48m_replay,-0.0019590522708103388
2022-02-28,801970.SI,0.0,0.015171213697095766,0.0,-0.1267643281610115,0.0007236178743575624,0.00192316871169948,-0.00192316871169948,0.00192316871169948,环保,False,rolling_48m_replay,0.0011995508373419178
2022-02-28,801980.SI,0.01769819774547469,0.006860548843907512,0.019577091558055093,-0.07405954736043623,5.427507416277527e-05,0.0006423987348796407,0.00101480101692143,0.0008545683796996766,美容护理,False,rolling_48m_replay,-0.0008569064462641694
2022-02-28,999999.SI,0.05651594576196155,0.03326266101288103,-0.11382752283708002,-0.1659465504557869,-0.0020202219220603656,0.0017336175480020311,0.0012119385900629834,-0.0009132462528110563,未分类,False,rolling_48m_replay,-0.0018385804688157053
2022-03-31,801010.SI,0.05417653112440349,0.025330759922797687,-0.19272951030098015,-0.17332161395625187,-0.001981249923932344,-0.0004916167629148548,-0.0005598357374645136,-0.0060510481208544565,农林牧渔,False,rolling_48m_replay,-0.003018345696542744
2022-03-31,801030.SI,0.03196990058437671,0.042911287338620166,-0.19411347588860128,-0.09048102482082149,-0.00015489007129498413,-0.004447001885374993,0.001133882727422789,-0.002323131271467295,基础化工,False,rolling_48m_replay,0.0011448779577798935
2022-03-31,801040.SI,0.06510229364233637,0.0407512225366761,-0.11831754391763633,-0.07042784900774725,0.000833038530837175,-0.0019515636144864146,-0.0011661653659790854,-0.004832722539471858,钢铁,False,rolling_48m_replay,-0.002548032089843533
2022-03-31,801050.SI,0.020951392989568454,0.05107153214596438,-0.1759535798595858,-0.08211624162384826,-0.0006783395857898066,-0.0047924166361982025,0.0028263936857262067,0.000507329674238546,有色金属,False,rolling_48m_replay,0.0031516922105003483
2022-03-31,801080.SI,0.058666607152925,0.06770203106093184,-0.13154730721106442,-0.15153446018532304,0.00042373507033543914,0.0013531708514828537,-0.00018059239983660635,0.002541756536091625,电子,False,rolling_48m_replay,0.0009454430141099387
2022-03-31,801110.SI,0.015310938226702783,0.00961028830864926,0.19701195219123524,-0.02680524245581727,0.0004436937238355165,0.0021509477689912447,0.0012759034723236892,0.0032740439381057744,家用电器,False,rolling_48m_replay,-0.0005965010270446757
2022-03-31,801120.SI,0.03483298458627086,0.025600768023040694,0.03542351290431299,-0.006650916095585924,0.0009046321826751076,0.001077137696528308,0.0003884402403013185,0.0014041752390913042,食品饮料,False,rolling_48m_replay,-0.0009660348804134303
2022-03-31,801130.SI,0.0,0.007400222006660201,0.0,-0.024311991961975855,-0.0005944256462548039,0.00017991413794275963,-0.00017991413794275963,0.00017991413794275963,纺织服饰,False,rolling_48m_replay,0.0007743397841975635
2022-03-31,801140.SI,0.0,0.013430402912087365,0.0,-0.06394784755173671,-0.0005464767098266362,0.0008588453579805636,-0.0008588453579805636,0.0008588453579805636,轻工制造,False,rolling_48m_replay,0.0014053220678071998
2022-03-31,801150.SI,0.12918953596256225,0.10079302379071374,-0.0655725818111347,-0.1451625970505592,-0.0011507750417947711,0.008022118299530583,0.0022600788365039256,0.006160085681991164,医药生物,False,rolling_48m_replay,-0.0029713364122485736
2022-03-31,801160.SI,0.03341008159658623,0.025300759022770687,-0.10650733214265186,-0.05169884333742051,0.00042929560682748697,-0.0013866963676633832,-0.00044445971550497923,-0.0022503986804846597,公用事业,False,rolling_48m_replay,-0.0008485382041437844
2022-03-31,801170.SI,0.04914803003433795,0.03803114093422803,0.0235077490099287,0.008456252841536813,0.001257249287101605,0.0005724255720511052,0.00016732581369474197,0.0008337586107877012,交通运输,False,rolling_48m_replay,-0.001163242062059751
2022-03-31,801180.SI,0.06662793372530634,0.035641069232076966,-0.057312567469847545,-0.09996532370558125,0.00014477213244678072,0.0015201898379366876,0.0013216751777394248,-0.00025574692401054413,房地产,False,rolling_48m_replay,-0.0032423840721334373
2022-03-31,801200.SI,0.01633753724950889,0.014990449713491406,-0.10769572174680742,-0.05750413576484841,6.349259528372189e-05,-0.0007523944457029367,-6.761245988924676e-05,-0.0008974700101504677,商贸零售,False,rolling_48m_replay,-0.00014095569984200619
2022-03-31,801210.SI,0.0,0.007050211506345191,0.0,0.026051042572538714,-0.0009213809653124471,-0.00018366536009720088,0.00018366536009720088,-0.00018366536009720088,社会服务,False,rolling_48m_replay,0.0007377156052152461
2022-03-31,801230.SI,0.0,0.001650049501485045,0.0,-0.20298507462686588,0.00016227857742318362,0.0003349354211969647,-0.0003349354211969647,0.0003349354211969647,综合,False,rolling_48m_replay,0.00017265684377378108
2022-03-31,801710.SI,0.016970715609483857,0.020100603018090545,-0.07815533980582556,-0.10046394078886149,-1.3062370307685579e-05,0.00044841633224898964,-6.982340932043494e-05,0.0006930337462226202,建筑材料,False,rolling_48m_replay,0.0003275031936017511
2022-03-31,801720.SI,0.034405757534239065,0.016080482414472436,-0.08624455735217847,-0.039944258931517845,0.0011855190983157701,-0.000744531134538259,-0.0008484657066859022,-0.0023249863755994216,建筑装饰,False,rolling_48m_replay,-0.0019175086326910305
2022-03-31,801730.SI,0.05667832535643989,0.06539196175885277,-0.08563006932607707,-0.12564263017371155,0.00018303218084675727,0.0026164998488222833,-0.00034865490675570806,0.003362649138043128,电力设备,False,rolling_48m_replay,0.0009117720151297953
2022-03-31,801740.SI,0.05619190004873845,0.0590317709531286,-0.05627160563415209,-0.10555940038294838,2.6184411156879423e-06,0.0029095458103957574,-0.00013997097424866043,0.0030693499059795027,国防军工,False,rolling_48m_replay,0.0002971566287167178
2022-03-31,801750.SI,0.042099947320684616,0.050261507845235365,-0.20347660377105178,-0.20935200318589273,0.0008546347989017235,0.0002953064337829193,-4.795242793013441e-05,0.001955993050790389,计算机,False,rolling_48m_replay,0.0008540042460358805
2022-03-31,801760.SI,0.052779151958072965,0.03195095852875587,-0.07195460801926828,-0.1338074799355418,-0.0006075606470466132,0.001976258545481303,0.0012882835804309198,0.000477574051525292,传媒,False,rolling_48m_replay,-0.0021794074273403176
2022-03-31,801770.SI,0.0,0.020420612618378554,0.0,-0.08440794572814482,-0.0004130972807121969,0.0017236619616275662,-0.0017236619616275662,0.0017236619616275662,通信,False,rolling_48m_replay,0.002136759242339763
2022-03-31,801780.SI,0.0,0.022680680420412616,0.0,-0.02511780634785761,-0.0018035578594165845,0.0005696889386375698,-0.0005696889386375698,0.0005696889386375698,银行,True,rolling_48m_replay,0.0023732467980541543
2022-03-31,801790.SI,0.023502170111148354,0.053241597247917445,-0.11735805755190555,-0.11846204972975981,0.0004111379911946703,5.8778306898167604e-05,-3.28320949328597e-05,0.003548939708375816,非银金融,True,rolling_48m_replay,0.0031118555052158377
2022-03-31,801880.SI,0.03290925616975689,0.026350790523715716,-0.11247870472595764,-0.13290489216025614,-0.0001853915588027028,0.0005382461862793538,0.00013396444856744456,-0.00019944153457704828,汽车,False,rolling_48m_replay,-0.0006862606106211439
2022-03-31,801890.SI,0.01655672930790077,0.02988089642689281,-0.07305058675995779,-0.11914281082081264,0.00019327288881487695,0.0013772769732475405,-0.0006141404962728559,0.0023506151993776454,机械设备,False,rolling_48m_replay,0.001394205833588084
2022-03-31,801950.SI,0.03367152657642568,0.03543106293188796,-0.060813062907575814,-0.0598957942708811,-7.872443290141659e-05,-3.249980279217758e-05,1.6139675139896794e-06,7.450299228071696e-05,煤炭,False,rolling_48m_replay,0.00018411326046032146
2022-03-31,801960.SI,0.0,0.012360370811124335,0.0,-0.030085832795534607,-0.000921484671118394,0.0003718720495142932,-0.0003718720495142932,0.0003718720495142932,石油石化,False,rolling_48m_replay,0.001293356720632687
2022-03-31,801970.SI,0.0,0.014340430212906388,0.0,-0.14019626353639486,0.0005099298001926787,0.002010474733353903,-0.002010474733353903,0.002010474733353903,环保,False,rolling_48m_replay,0.0015005449331612244
2022-03-31,801980.SI,0.01826961975958249,0.006850205506165186,0.08137412775093944,-0.020699463596423995,0.0009585217494838595,0.0006992250774817641,0.0011656206239295753,0.0016284699517802427,美容护理,False,rolling_48m_replay,-0.0011948974991149563
2022-03-31,999999.SI,0.04024073033777315,0.02836085082552477,-0.16009129319999457,-0.18211802554454343,-0.0009204608267064878,0.0006246968701975116,0.0002616749263017847,-0.0012771684039784527,未分类,False,rolling_48m_replay,-0.0012430793737712611
2022-04-29,801010.SI,0.05355693041686427,0.023667633236676335,0.13347525912624394,0.09819219777830981,0.0006098559451698266,0.0008350665554500559,0.0010545859060552055,0.0048245482416769524,农林牧渔,False,rolling_48m_replay,0.0023250398350018646
2022-04-29,801030.SI,0.06997411337567778,0.03972602739726028,0.07372339090813854,0.117586166388219,0.0012038070384695419,-0.001742493820441553,-0.0013267650039734972,0.00048749764636830516,基础化工,False,rolling_48m_replay,0.0023529494323138132
2022-04-29,801040.SI,0.034795189478793884,0.04218578142185782,0.052823212415788606,0.03386554809436717,0.0003246156850727302,0.0007997438833324373,-0.0001401083611932079,0.00040934907524555527,钢铁,False,rolling_48m_replay,-0.0005749021319664043
2022-04-29,801050.SI,0.03720537554065245,0.0524047595240476,0.10679042113741911,0.0713397079882997,9.801575463129307e-05,0.0018577860975355954,-0.0005388290016386614,0.000234637480919485,有色金属,False,rolling_48m_replay,-0.001182335369608742
2022-04-29,801080.SI,0.05392516915091092,0.06434356564343566,0.13104817031796218,0.10958532719836261,-0.00033127326311204543,0.0013809958551607158,-0.00022360840947684482,1.568405716827377e-05,电子,False,rolling_48m_replay,-0.0008104301254035518
2022-04-29,801110.SI,0.015789998290534235,0.010518948105189482,0.07494260413250253,0.07480232167345514,-1.573963296587238e-05,1.4756239067878527e-06,7.39435881762357e-07,0.00039650185130963374,家用电器,False,rolling_48m_replay,0.0004100264244869559
2022-04-29,801120.SI,0.03543716688500169,0.028247175282471754,0.02606435878918033,0.02951610086128368,-0.00034707724027101776,-9.750196334058554e-05,-2.4817996512522354e-05,8.990055747894828e-05,食品饮料,False,rolling_48m_replay,0.0005592977576030739
2022-04-29,801130.SI,0.0,0.008109189081091891,0.0,0.02777778352157923,0.0004055453362412908,-0.00022525529883012457,0.00022525529883012457,-0.00022525529883012457,纺织服饰,False,rolling_48m_replay,-0.0006308006350714154
2022-04-29,801140.SI,0.01758455541610205,0.014038596140385962,0.1142162818955046,0.04171029168374099,-0.00012793141151163308,0.001017882314341727,0.0002571032885363831,0.001422888598566895,轻工制造,False,rolling_48m_replay,0.0002758344072004179
2022-04-29,801150.SI,0.10563119852081045,0.09558044195580442,0.017630467334720807,0.0387076132231765,-0.00039279121541540435,-0.002014562919185561,-0.00021184126240998574,-0.0018373633838769919,医药生物,False,rolling_48m_replay,0.0007818320131339591
2022-04-29,801160.SI,0.03144988627833722,0.026877312268773126,0.07428507815141959,0.09187016540017463,6.439003223976599e-05,-0.0004726398812584098,-8.040911290957424e-05,-0.00013296586360479106,公用事业,False,rolling_48m_replay,0.000355693098323427
2022-04-29,801170.SI,0.07348047775334814,0.04298570142985702,0.06541496703681299,0.1203771538055296,0.0012987353065588426,-0.0023625881503720903,-0.0016760595917619562,-0.00036777336237593314,交通运输,False,rolling_48m_replay,0.002372139073199271
2022-04-29,801180.SI,0.06613859466630818,0.035826417358264175,-0.006159509577411375,-0.052747424752554097,-0.0039568242842908516,0.001669078092916072,0.0014121811452010404,0.0014823699464749833,房地产,False,rolling_48m_replay,0.0023579349926487227
2022-04-29,801200.SI,0.016086137231349464,0.015798420157984203,-0.11011419430559322,0.08826843140429624,3.015291374290533e-06,-0.0031341320730089526,-5.70780684757655e-05,-0.0031658138067305317,商贸零售,False,rolling_48m_replay,2.2381043379895733e-05
2022-04-29,801210.SI,0.019734153186282452,0.008109189081091891,0.024857685009487263,0.014666911608777297,-0.0007337847374246439,8.263890838891893e-05,0.0001184673749873841,0.00037160860436234185,社会服务,False,rolling_48m_replay,0.0009042870584106829
2022-04-29,801230.SI,0.0,0.0014798520147985203,0.0,0.14122137404580126,-9.387145255847512e-05,-0.00020898673491429447,0.00020898673491429447,-0.00020898673491429447,综合,False,rolling_48m_replay,-0.00011511528235581933
2022-04-29,801710.SI,0.010480580051320304,0.020037996200379965,0.10053684724255807,0.019325151445109573,0.0005587573497231412,0.0016273196518156866,-0.0007761739729070548,0.0006664471644041177,建筑材料,False,rolling_48m_replay,-0.0007434558642276553
2022-04-29,801720.SI,3.833080550783269e-08,0.017248275172482754,0.1124121779859486,0.034225860854018846,0.0007513765484033353,0.001348579112614527,-0.0013485761156700115,-0.0005903327571758916,建筑装饰,False,rolling_48m_replay,-0.0013417123025237427
2022-04-29,801730.SI,0.07437073492430586,0.06385361463853616,0.1853873373147868,0.17919977880510007,0.001066555940097088,0.0003950979766309309,6.507529712161316e-05,0.0023448389026291053,电力设备,False,rolling_48m_replay,0.0008181096887794734
2022-04-29,801740.SI,0.040701791112790514,0.059004099590041,0.09496320402829019,0.11914168168019507,-0.0007568609892155242,-0.0014266293033085762,0.0004425219564954701,-0.0031646751574224193,国防军工,False,rolling_48m_replay,-0.0014237068213937892
2022-04-29,801750.SI,0.016990776385883182,0.04441555844415559,0.23081721771678088,0.07334524024711546,0.00012185198157464395,0.0069942058186206755,-0.004318634662390756,0.0006640939274411488,计算机,False,rolling_48m_replay,-0.0021333292103634144
2022-04-29,801760.SI,0.059916537713132184,0.030936906309369065,0.05979520726322745,0.06810440122029772,-0.0002806379688083455,-0.0002570607549562585,-0.00024079737813827233,0.001475782311243692,传媒,False,rolling_48m_replay,0.0022542784131465684
2022-04-29,801770.SI,0.0,0.020847915208479156,0.0,0.12546870122680476,-0.000994035414008732,-0.00261576084449443,0.00261576084449443,-0.00261576084449443,通信,False,rolling_48m_replay,-0.0016217254304856984
2022-04-29,801780.SI,0.0,0.024737526247375265,0.0,-0.026891613762657723,0.002589523950938679,0.0006652320012880234,-0.0006652320012880234,0.0006652320012880234,银行,True,rolling_48m_replay,-0.0019242919496506557
2022-04-29,801790.SI,0.02214142752850769,0.05249475052494751,0.06812140413320207,0.023832724202015224,0.0016377332732674275,0.002324923204066903,-0.0013443086070372564,0.00025721222144081007,非银金融,True,rolling_48m_replay,-0.002361135648856264
2022-04-29,801880.SI,0.032760826487404505,0.025587441255874414,0.14712130881229782,0.17194230521938075,0.0006754024179350748,-0.0006351057874785045,-0.00017805056905843017,0.00042025203639901084,汽车,False,rolling_48m_replay,0.0005580059750008707
2022-04-29,801890.SI,0.01645781738990692,0.029367063293670635,0.10084680523479572,0.12167840976453478,-0.000566587261233908,-0.000611763048733563,0.00026892030544435966,-0.001913619256118507,机械设备,False,rolling_48m_replay,-0.0010041892515953957
2022-04-29,801950.SI,0.015892399704741177,0.03706629337066294,0.04100529100529138,0.08356315006768641,-0.00012227448919328307,-0.0015774620892340609,0.0009011155824364373,-0.0024457037607202785,煤炭,False,rolling_48m_replay,-0.0016470827647293719
2022-04-29,801960.SI,0.022415396861823186,0.013458654134586544,0.15934065934065966,0.14564509465711553,0.0006077751870365412,0.00018432386825367866,0.0001226676493747329,0.0016114971599562235,石油石化,False,rolling_48m_replay,0.0006967304552912708
2022-04-29,801970.SI,0.0,0.013818618138186183,0.0,0.0651966488729979,0.00017400024463019165,-0.0009009275946653646,0.0009009275946653646,-0.0009009275946653646,环保,False,rolling_48m_replay,-0.0010749278392955563
2022-04-29,801980.SI,0.0185760174891888,0.007479252074792522,0.13283880743925813,0.11480214019877193,0.0004107330778814662,0.00013490078088074876,0.0002001486652252017,0.0016089818649623554,美容护理,False,rolling_48m_replay,0.0008631993409749388
2022-04-29,999999.SI,0.03850670638719696,0.029747025297470257,0.014382681402812507,0.07265116159518566,-4.5000344511094677e-05,-0.0017333139543276688,-0.0005104133040682459,-0.001607326252023888,未分类,False,rolling_48m_replay,0.0006814013508831215
2022-05-31,801010.SI,0.032456290727798605,0.024231453887233235,0.05514091663798127,0.005307602752806701,-0.0006387096312345703,0.0012075336474566272,0.0004098708759302416,0.0016610586900432395,农林牧渔,False,rolling_48m_replay,0.0006823637978909411
2022-05-31,801030.SI,0.07392531997388573,0.04503270196211773,0.09379887264428412,0.059557489261506384,-0.0006762698735117382,0.0015419820126472401,0.0009893232102730974,0.004252077009893015,基础化工,False,rolling_48m_replay,0.002397041660484416
2022-05-31,801040.SI,0.017471413446095325,0.04020241214472869,0.13772455089820324,0.0217868279622465,0.001390613890710471,0.004660976120592697,-0.0026353802291797478,0.0015303595333557747,钢铁,False,rolling_48m_replay,-0.001885850248767646
2022-05-31,801050.SI,0.03609529476107358,0.05145308718523112,0.1724475504946406,0.09724091958540934,-0.0002192648910887747,0.0038696133370801737,-0.001155007826424204,0.0012211996525290578,有色金属,False,rolling_48m_replay,-0.001274140967038137
2022-05-31,801080.SI,0.05484990586926035,0.0662239734384063,0.15412353484063127,0.1143962381379902,-0.00035751456569499244,0.0026308994416153883,-0.00045186095703534876,0.000877887942342428,电子,False,rolling_48m_replay,-0.0009436359765426193
2022-05-31,801110.SI,0.015518114832506263,0.01060063603816229,0.17205632059415166,0.09941578631874354,8.09022464844852e-05,0.0007700358654712543,0.000357208286909136,0.0016161191734258434,家用电器,False,rolling_48m_replay,0.00040797277456096803
2022-05-31,801120.SI,0.03432015076129746,0.027101626097565855,0.07186726083501874,0.1156020658264121,0.0002356000573240519,-0.0011852843323266996,-0.0003157007684938652,-0.0006665087374742844,食品饮料,False,rolling_48m_replay,0.0005988763060222285
2022-05-31,801130.SI,0.018637791880180537,0.007840470428225695,0.009702853800276356,0.03176908414784105,-0.0005527659076918176,-0.00017300962650249735,-0.0002382561822955372,-6.824479501959187e-05,纺织服饰,False,rolling_48m_replay,0.0008957869214702603
2022-05-31,801140.SI,0.016756744896317118,0.013550813048782927,0.2508510985084358,0.10079345188258275,5.716061792283763e-05,0.0020334031159672666,0.0004810745882838537,0.0028376146416643974,轻工制造,False,rolling_48m_replay,0.00026597631949043955
2022-05-31,801150.SI,0.12253099340158943,0.09209552573154389,0.0954340483435481,0.08355796677595605,1.8083450560546235e-05,0.0010937339755980882,0.0003614540965972717,0.00399831386857971,医药生物,False,rolling_48m_replay,0.0025250423458238035
2022-05-31,801160.SI,0.05750716430587496,0.02727163629817789,0.024243289508004175,0.01958921230893653,-0.0019161644123233607,0.00012692430067661524,0.00014071848150239407,0.0008599329595945839,公用事业,False,rolling_48m_replay,0.0025084545897389354
2022-05-31,801170.SI,0.06842163607170779,0.04452267136028162,-0.039131474317766764,0.012678912901683628,-0.001679736266692485,-0.0023067368432205244,-0.0012382146158429702,-0.003241938567046912,交通运输,False,rolling_48m_replay,0.0019827491587090674
2022-05-31,801180.SI,0.060672233232864504,0.0314718883132988,0.00273366391099355,0.014968639349634227,-0.001985482425095537,-0.00038505778052085336,-0.00035726550289072245,-0.0003052338514256727,房地产,False,rolling_48m_replay,0.00242257185708144
2022-05-31,801200.SI,0.0,0.016030961857711464,0.0,0.08862429822594221,-9.07430767532651e-05,-0.0014207327445265254,0.0014207327445265254,-0.0014207327445265254,商贸零售,False,rolling_48m_replay,-0.0013299896677732603
2022-05-31,801210.SI,0.0,0.007530451827109626,0.0,0.13269763970271992,-0.0003745182115288608,-0.000999273183352482,0.000999273183352482,-0.000999273183352482,社会服务,False,rolling_48m_replay,-0.0006247549718236213
2022-05-31,801230.SI,0.0,0.0015400924055443326,0.0,-0.04391891891891875,0.00019541112663526685,6.763919348674408e-05,-6.763919348674408e-05,6.763919348674408e-05,综合,False,rolling_48m_replay,-0.0001277719331485228
2022-05-31,801710.SI,0.0,0.018691121467288036,0.0,0.12303624498100657,-0.0007489987566073841,-0.002299685399819002,0.002299685399819002,-0.002299685399819002,建筑材料,False,rolling_48m_replay,-0.0015506866432116176
2022-05-31,801720.SI,3.91622756195927e-08,0.016640998459907595,-0.061702127659574835,0.027761182069531355,0.0009186246783813155,-0.001488758799420292,0.0014887552958334986,-0.00046197620446001533,建筑装饰,False,rolling_48m_replay,-0.0013805973792545374
2022-05-31,801730.SI,0.07604397316570581,0.0703642218533112,0.2789301619692426,0.2025947899397109,0.0006794742174085261,0.005371279052741015,0.0004335659294668632,0.006955533006252261,电力设备,False,rolling_48m_replay,0.00047121380663585604
2022-05-31,801740.SI,0.03188817430709737,0.05495329719783187,0.10564931982617125,0.0839949899369362,-2.3784300467033152e-05,0.001189976826023027,-0.0004994597800117115,-0.0012468377190901258,国防军工,False,rolling_48m_replay,-0.001913570464634408
2022-05-31,801750.SI,0.03425496289428557,0.04438266295977759,0.05943156384425163,0.08960068433734455,-6.721627639288704e-05,-0.0013389859066378624,0.00030554380359373384,-0.0019408909596755827,计算机,False,rolling_48m_replay,-0.000840232580238567
2022-05-31,801760.SI,0.03273249562650922,0.03051183070984259,-0.040903471344823944,0.06415955122889862,-4.1757956918625014e-05,-0.0032056651586337935,-0.00023330976826841973,-0.003296498062419123,传媒,False,rolling_48m_replay,0.00018423482140171544
2022-05-31,801770.SI,0.0,0.02171130267816069,0.0,0.1493549184361621,-0.0014414374583963812,-0.0032426898406395176,0.0032426898406395176,-0.0032426898406395176,通信,False,rolling_48m_replay,-0.0018012523822431362
2022-05-31,801780.SI,0.0,0.022301338080284817,0.0,0.03410635008082931,0.0010895867231836935,-0.0007606172438371238,0.0007606172438371238,-0.0007606172438371238,银行,True,rolling_48m_replay,-0.0018502039670208173
2022-05-31,801790.SI,0.019883457662417198,0.049152949176950615,0.06310654048136147,0.08470675337663276,-5.101507715801823e-05,-0.0010617141666525833,0.0006322272480502585,-0.0029088105177833526,非银金融,True,rolling_48m_replay,-0.0024283085220230096
2022-05-31,801880.SI,0.04997675492518207,0.02814168850131008,0.053711799851402786,0.16846564781805287,0.0018669383161661977,-0.0032293670438041616,-0.002505657892746712,-0.002056566326303064,汽车,False,rolling_48m_replay,0.001811520294081612
2022-05-31,801890.SI,0.015989503330398763,0.03074184451067064,0.038888888888888085,0.06913963187207368,0.0002039389868440124,-0.0009299636371213525,0.00044626928144466944,-0.0015036657941319134,机械设备,False,rolling_48m_replay,-0.0012239104252992428
2022-05-31,801950.SI,0.035240731734394216,0.03769226153569214,0.16019125501785572,0.037582616984493854,0.00011125334619261587,0.004621396851288486,-0.0003005787300353368,0.004228683215704897,煤炭,False,rolling_48m_replay,-0.0002033882517408674
2022-05-31,801960.SI,0.039050361917097105,0.014590875452527153,0.008636171833965702,0.03859553115362948,-0.001085225306886124,-0.0004371332804707228,-0.0007327905437665039,-0.00022589695239213841,石油石化,False,rolling_48m_replay,0.002029252178731212
2022-05-31,801970.SI,0.0165968587685903,0.013630817849070945,-0.024809160305343525,0.047922919485596224,-0.00010393271402917921,-0.0009913977314143937,-0.0002157263248216741,-0.001064982716058958,环保,False,rolling_48m_replay,0.0002460740542062892
2022-05-31,801980.SI,0.018315238447416053,0.007560453627217633,0.06898783329018943,0.1343662065973834,0.0005528217186103292,-0.0004942901596119632,-0.0007031303368134754,0.00024765914263574535,美容护理,False,rolling_48m_replay,0.0008922579204508547
2022-05-31,999999.SI,0.02086438107945182,0.03223193391603496,-0.02191726724681072,0.0939920022761615,-0.00012536356258003074,-0.0037359799155203257,0.0013176047455521424,-0.0034868342220586916,未分类,False,rolling_48m_replay,-0.0009430954895104774
2022-06-30,801010.SI,0.029207791760312015,0.020160201602016023,0.005989769061710874,-0.03153139074694899,-0.00010155512295494555,0.0007564341460840437,0.00033947607621268207,0.0008106271216972449,农林牧渔,False,rolling_48m_replay,-0.00018372797764453527
2022-06-30,801030.SI,0.09438771391268141,0.06486064860648606,0.06925615456776191,-0.054619543622016556,-0.001013153401796285,0.008034658131170342,0.003657685830300134,0.010079589129948607,基础化工,False,rolling_48m_replay,-0.0005996014297255832
2022-06-30,801040.SI,0.04038640057771228,0.038830388303883044,0.4200713595701966,0.020183447638481462,6.300338658540946e-05,0.015527802898337485,0.000622230499121692,0.016181439089712844,钢铁,False,rolling_48m_replay,-3.159769433174267e-05
2022-06-30,801050.SI,0.03648826333328459,0.05623056230562306,-0.03802545398522381,0.008152894146731902,-0.0005618606061959703,-0.002596634481804688,0.0009116667548697975,-0.0018459246006695001,有色金属,False,rolling_48m_replay,0.0004009037324613611
2022-06-30,801080.SI,0.05742256015328061,0.05775057750577506,-0.03307645133433068,-0.01974314497919075,-1.8490218029433428e-07,-0.0007700061420707517,4.3735558506104275e-06,-0.0007591564920741529,电子,False,rolling_48m_replay,6.660996326282673e-06
2022-06-30,801110.SI,0.016127381336397326,0.013390133901339014,0.03187042842215271,0.022377374931487126,0.00011683726144327293,0.00012711325737258588,2.5984836318195724e-05,0.00021435050582533288,家用电器,False,rolling_48m_replay,-5.5584849308721674e-05
2022-06-30,801120.SI,0.03369301800198102,0.03420034200342004,-0.16853797020724334,-0.12558203130158901,5.340863063530373e-05,-0.0014691078016513947,2.179257881118659e-05,-0.0013836044442114464,食品饮料,False,rolling_48m_replay,1.0302147993457994e-05
2022-06-30,801130.SI,0.0,0.007030070300703008,0.0,-0.022497329094489864,1.5399283069541866e-05,0.0001581578051123149,-0.0001581578051123149,0.0001581578051123149,纺织服饰,False,rolling_48m_replay,0.00014275852204277304
2022-06-30,801140.SI,0.0,0.012840128401284014,0.0,-0.10745367520468498,0.0011189765368849929,0.0013797189868180234,-0.0013797189868180234,0.0013797189868180234,轻工制造,False,rolling_48m_replay,0.0002607424499330305
2022-06-30,801150.SI,0.13594869752257227,0.1061010610106101,-0.032887980736575465,-0.060081931802101356,-0.001187192443033775,0.002885307061122908,0.000811675166727903,0.0019036785664851901,医药生物,False,rolling_48m_replay,-0.000606111218331846
2022-06-30,801160.SI,0.031141673292545538,0.02220022200222002,0.060881244987733195,0.06192288972230725,0.0007352531347033163,-2.3124744354987584e-05,-9.31381565601797e-06,0.0005212419421972033,公用事业,False,rolling_48m_replay,-0.00018157263249510747
2022-06-30,801170.SI,0.06583056309547763,0.036610366103661036,-0.042499005300217316,-0.011382437427294449,0.00026077283968775096,-0.0011391889417171233,-0.0009092322429560377,-0.0023810182485457312,交通运输,False,rolling_48m_replay,-0.0005933699035603212
2022-06-30,801180.SI,0.054079094637603985,0.024380243802438025,-0.055083134041698206,-0.046986020989203583,-0.0007923409774934109,-0.00019740959031572207,-0.0002404749527415131,-0.0018333153717535692,房地产,False,rolling_48m_replay,-0.000603089851202923
2022-06-30,801200.SI,0.01944009027555717,0.015760157601576015,0.031573033707864795,-0.058402769948490356,-0.00014019045251717675,0.0014180328459526168,0.0003311048997427345,0.0015342194843108968,商贸零售,False,rolling_48m_replay,-7.472780886727775e-05
2022-06-30,801210.SI,0.0,0.011670116701167011,0.0,-0.1268375949579527,0.0012432263272547798,0.0014802095352546604,-0.0014802095352546604,0.0014802095352546604,社会服务,False,rolling_48m_replay,0.0002369832079998804
2022-06-30,801230.SI,0.0,0.0011000110001100011,0.0,0.014134275618374879,-3.7885607484837405e-05,-1.5547858658798956e-05,1.5547858658798956e-05,-1.5547858658798956e-05,综合,False,rolling_48m_replay,2.233774882603845e-05
2022-06-30,801710.SI,0.0,0.013550135501355014,0.0,-0.08947915392159698,0.000937294208736222,0.001212454660184241,-0.001212454660184241,0.001212454660184241,建筑材料,False,rolling_48m_replay,0.00027516045144801915
2022-06-30,801720.SI,0.016037782428518884,0.011260112601126011,-0.03529393973300598,-0.033906946883265766,-6.49768140139565e-05,-1.561769566503144e-05,-6.626593889013469e-06,-0.00018424048661723653,建筑装饰,False,rolling_48m_replay,-9.701938304923513e-05
2022-06-30,801730.SI,0.044547239672523525,0.06734067340673407,-0.11808714922251935,0.04154560259201037,-0.001409829581535898,-0.010749777004960482,0.0036385785502941613,-0.008058165394295155,电力设备,False,rolling_48m_replay,0.0004628626419070636
2022-06-30,801740.SI,0.04978799653568226,0.050010500105001056,0.009247739479438624,0.0014159788850846087,-4.833405030603893e-06,0.00039167026402628466,-1.7425946862940355e-06,0.00038961260898397925,国防军工,False,rolling_48m_replay,4.518344674592483e-06
2022-06-30,801750.SI,0.049309248443808684,0.041510415104151044,0.13461241351439382,-0.021022974232250607,-5.585001256144791e-06,0.006460489550258713,0.0012137744507890748,0.007510309328706548,计算机,False,rolling_48m_replay,-0.0001583696710850957
2022-06-30,801760.SI,0.031766933412329626,0.03025030250302503,-0.027378170358685817,-0.049834643821836305,-4.478277796288293e-05,0.0006793151154114564,3.405818176819243e-05,0.0006377925360052666,传媒,False,rolling_48m_replay,-3.079798321149925e-05
2022-06-30,801770.SI,0.0,0.02083020830208302,0.0,0.023723412841841533,-0.0009171593657194896,-0.0004941636311318704,0.0004941636311318704,-0.0004941636311318704,通信,False,rolling_48m_replay,0.00042299573458761926
2022-06-30,801780.SI,0.0,0.022170221702217024,0.0,-0.027569739146198348,0.00016102005507689752,0.0006112272291435088,-0.0006112272291435088,0.0006112272291435088,银行,True,rolling_48m_replay,0.0004502071740666114
2022-06-30,801790.SI,0.03134800909667235,0.06405064050640506,-0.04246645738483618,-0.043249093669997206,0.0007502720224135946,5.0128355348117005e-05,-2.5594265961503403e-05,0.0014388932584815369,非银金融,True,rolling_48m_replay,0.0006640871466813286
2022-06-30,801880.SI,0.032550606713955585,0.024520245202452027,0.059649746580937184,0.10760203512175794,0.0010271545183323724,-0.0011758018730396553,-0.00038507421228672006,-0.0006967928439251562,汽车,False,rolling_48m_replay,-0.00016307127693115323
2022-06-30,801890.SI,0.015865976193762087,0.03268032680326803,0.02065289806795456,0.017091243586776442,-0.0006288245116938785,0.00011639603240522498,-5.9886907196446886e-05,-0.000230869036811751,机械设备,False,rolling_48m_replay,0.00034144634967334944
2022-06-30,801950.SI,0.0,0.022960229602296024,0.0,0.010950987719076799,-0.0007176869315345117,-0.0002514371924019273,0.0002514371924019273,-0.0002514371924019273,煤炭,False,rolling_48m_replay,0.00046624973913258447
2022-06-30,801960.SI,0.022070037121010876,0.013770137701377015,-0.060869565217391175,-0.05335578362639105,-0.00027430289709435803,-0.00010346580716614344,-6.236363146639755e-05,-0.0006086770761873339,石油石化,False,rolling_48m_replay,-0.0001685447404604348
2022-06-30,801970.SI,0.016397737763587036,0.012900129001290013,0.0116964989074535,0.014484144518215973,0.00012168525690572666,-3.596098798871578e-05,-9.75009371438166e-06,4.948789078191142e-06,环保,False,rolling_48m_replay,-7.102538612443809e-05
2022-06-30,801980.SI,0.01777654227547985,0.00871008710087101,0.068242424242424,-0.029082934701119903,-7.956805727653908e-05,0.0008477123535218027,0.0008823960042143563,0.0014664292339223793,美容护理,False,rolling_48m_replay,-0.0001841110665372406
2022-06-30,999999.SI,0.03822510418962497,0.04037040370403704,-0.0625085285451527,-0.010008056404097708,-2.2093978272391486e-05,-0.0021194652549869396,0.00011262923739060977,-0.0019853657390524106,未分类,False,rolling_48m_replay,4.356425681631068e-05
2022-07-29,801010.SI,0.04821271757894189,0.020031402198153872,0.08076824748436592,0.061162605243960236,0.0023154605898518914,0.00039272850507068093,0.000552512787219772,0.0026688839601811355,农林牧渔,False,rolling_48m_replay,-0.0005918179219612085
2022-07-29,801030.SI,0.0737129937608216,0.053243727060894266,-0.04722357077877564,-0.00798322924813396,0.0002664512326600552,-0.00208930203423376,-0.0008032210161869395,-0.0030559338990274135,基础化工,False,rolling_48m_replay,-0.0004298620812667694
2022-07-29,801040.SI,0.016322517072640378,0.035832508275579295,-0.05111111111111144,-0.07448509471520862,0.0010434865973845142,0.0008375484609270668,-0.0004560262144935744,0.0018347257890772844,钢铁,False,rolling_48m_replay,0.0004097169452592778
2022-07-29,801050.SI,0.03637900451610959,0.05780404628323983,-0.10410141375316512,-0.06366625261027047,0.0009141184143621889,-0.0023373159261741434,0.0008663250163471597,-0.00010693878849527428,有色金属,False,rolling_48m_replay,0.0004499337069695206
2022-07-29,801080.SI,0.03677204842384659,0.05143360035202464,-0.09573353911313129,-0.009611576575914316,-0.00016697731953002645,-0.004429562602671256,0.0012626816258960113,-0.003025960347695817,电子,False,rolling_48m_replay,0.00030789794860945456
2022-07-29,801110.SI,0.015842959831301923,0.014020981468702811,-0.03908583300870072,-0.017529841598197655,6.3232193715242e-06,-0.00030223615610618044,-3.9274549934308903e-05,-0.0003734496981321953,家用电器,False,rolling_48m_replay,-3.8262211463230126e-05
2022-07-29,801120.SI,0.03514123203123723,0.030672147050293523,-0.005717458260947827,0.011905286881376981,0.00014705815663863895,-0.0005405274304352323,-7.875754563856245e-05,-0.0005660792372784068,食品饮料,False,rolling_48m_replay,-9.385241784325095e-05
2022-07-29,801130.SI,0.017508883083003683,0.007060494234596422,-0.01840490797546024,-0.041456003129777534,-0.00021372845658227605,0.0001627521244381908,0.00024084680555394347,-2.9549510808569838e-05,纺织服饰,False,rolling_48m_replay,-0.00021941998421842805
2022-07-29,801140.SI,0.016681423904344128,0.01163081415699099,0.08587155963302773,0.010247408188032096,0.00015782031013778067,0.0008795704512368857,0.00038194807642340483,0.0013132741873398718,轻工制造,False,rolling_48m_replay,-0.00010606465045819957
2022-07-29,801150.SI,0.12840308010222456,0.09937695638694709,-0.0118861946396592,-0.019929331911054747,3.108795211067698e-05,0.0007993025018337039,0.00023346109749848646,0.0004542923457190879,医药生物,False,rolling_48m_replay,-0.0006095592057237793
2022-07-29,801160.SI,0.05316893316851025,0.023941675917314213,0.00232308531808438,0.014890051164729365,0.0010489784393580709,-0.0003008742235643305,-0.0003672979436668876,-0.0002329768113562017,公用事业,False,rolling_48m_replay,-0.0006137830834830545
2022-07-29,801170.SI,0.06735313728033779,0.03662256357945056,0.014577517122853453,0.014744568335147307,0.0010984623222300705,-6.1178436432559625e-06,-5.13357959121884e-06,0.00044185762067653765,交通运输,False,rolling_48m_replay,-0.0006453532783190581
2022-07-29,801180.SI,0.05305652076892507,0.023771664016481155,0.00631707429230826,-0.0012806255005114316,0.0005774897597232042,0.00018060996677299817,0.0002224975500807975,0.0003656045825177916,房地产,False,rolling_48m_replay,-0.0006149926940592081
2022-07-29,801200.SI,0.0,0.0151610612742892,0.0,0.031967344124672184,-0.0008030466904757474,-0.00048465886305044384,0.00048465886305044384,-0.00048465886305044384,商贸零售,False,rolling_48m_replay,0.00031838782742530346
2022-07-29,801210.SI,0.0,0.010310721750522537,0.0,0.034398038125902336,-0.0005711975247319497,-0.0003546685998800447,0.0003546685998800447,-0.0003546685998800447,社会服务,False,rolling_48m_replay,0.00021652892485190487
2022-07-29,801710.SI,0.0,0.012520876461352295,0.0,-0.024479399087275224,4.3560550331469926e-05,0.0003065035318199132,-0.0003065035318199132,0.0003065035318199132,建筑材料,False,rolling_48m_replay,0.0002629429814884433
2022-07-29,801720.SI,0.015572314093864467,0.011120778454491815,0.01825538367482914,0.012516110663979096,0.00014919978794382285,6.382518364350754e-05,2.5548578351888557e-05,0.00014508967468243115,建筑装饰,False,rolling_48m_replay,-9.348387525678781e-05
2022-07-29,801730.SI,0.04674238761103277,0.06980488634204395,-0.09340490078093357,-0.06862772198403574,0.0010984058495433623,-0.0017295681497939536,0.0005714236545614931,0.00042458225593655207,电力设备,False,rolling_48m_replay,0.00048432090162565033
2022-07-29,801740.SI,0.018448023122730677,0.04875341273889173,-0.07061707856531906,-0.05176344212869521,0.0009322870244289818,-0.0009191791188237304,0.0005713667978933361,0.0012208989606533188,国防军工,False,rolling_48m_replay,0.0006364242571547313
2022-07-29,801750.SI,0.016850184815184462,0.0416929185042953,-0.03820960698689957,-0.06403153169177503,0.001069011803185516,0.001076591402344422,-0.0006414871987834931,0.002025822493085557,计算机,False,rolling_48m_replay,0.000521706486339112
2022-07-29,801760.SI,0.0316995213802928,0.029342053943776064,0.05725444117696865,-0.002931313702081973,4.259720111306502e-05,0.001765973666307987,0.00014188595726954002,0.0019009491469786533,传媒,False,rolling_48m_replay,-4.950767771193872e-05
2022-07-29,801770.SI,0.0,0.021841528907023493,0.0,-0.011800910032810098,-0.0002009301715032204,0.0002577499176108053,-0.0002577499176108053,0.0002577499176108053,通信,False,rolling_48m_replay,0.00045868008911402567
2022-07-29,801780.SI,0.0,0.022061544308101567,0.0,-0.0018399045134865637,-0.0004227093579951375,4.059113494695988e-05,-4.059113494695988e-05,4.059113494695988e-05,银行,True,rolling_48m_replay,0.0004633004929420974
2022-07-29,801790.SI,0.033564430569093,0.06395447681337695,0.03144040080638017,0.03816202114969366,-0.0017979476647979184,-0.00042987771239476514,0.00020427035306981657,-0.0013853529468394808,非银金融,True,rolling_48m_replay,0.0006382020772833859
2022-07-29,801880.SI,0.048706757033394575,0.027681937735641496,-0.13161758368133117,-0.1471904508759444,-0.002653123743171696,0.0004310871400466976,0.00032741671871465016,-0.0023361487732601847,汽车,False,rolling_48m_replay,-0.00044152888884983646
2022-07-29,801890.SI,0.03241725250159884,0.03371235986519056,0.12701568427259724,-0.03210852853932435,1.438626380823036e-05,0.005364452725580668,-0.00020608293973845603,0.005199953777587586,机械设备,False,rolling_48m_replay,2.719772793714336e-05
2022-07-29,801950.SI,0.0,0.023321632514276,0.0,0.03869411021717738,-0.0013921726247275018,-0.000902409818951903,0.000902409818951903,-0.000902409818951903,煤炭,False,rolling_48m_replay,0.0004897628057755986
2022-07-29,801960.SI,0.02344181488151912,0.013190923364635525,0.3081695966907956,0.16372307884026693,0.0018935799880820659,0.0019053829472547806,0.0014807055844773588,0.005064396051733896,石油石化,False,rolling_48m_replay,-0.00021527246808030875
2022-07-29,801970.SI,0.016130158113439517,0.013570949966497655,0.011787819253438192,-0.051940351759639965,-7.918186502055075e-05,0.0008648518202748897,0.0001630936544463738,0.000895019303342967,环保,False,rolling_48m_replay,-5.3744306357745805e-05
2022-07-29,801980.SI,0.018966220904869432,0.008700609042632985,-0.08951232003641996,-0.048694510973909914,-0.00028429734876724884,-0.00035513979862974147,-0.0004190197849026054,-0.0012740385330119192,美容护理,False,rolling_48m_replay,-0.00021558160071232348
2022-07-29,999999.SI,0.09890530800474631,0.06781474703229226,-0.031799693105956435,-0.04879955571775239,-0.0008642924198908243,0.0011528413826026656,0.000528535265055384,0.00016417108518660024,未分类,False,rolling_48m_replay,-0.0006529131425806251
2022-08-31,801010.SI,0.03386198176492512,0.02172,-0.0921858928583383,-0.08875697008081088,-0.00021803664832059245,-7.447620272789553e-05,-4.1633917838074315e-05,-0.0011937956327971802,农林牧渔,False,rolling_48m_replay,-0.0008596488639106179
2022-08-31,801030.SI,0.0735269561426643,0.05386,-0.13441968920089445,-0.11923382821351852,-0.000952551555404655,-0.0008179104727800674,-0.0002986596620273192,-0.0034615366050046257,基础化工,False,rolling_48m_replay,-0.0013924149147925844
2022-08-31,801040.SI,0.003766283743110476,0.03383,-0.1965217391304349,-0.10455947281981627,0.0010149437418192923,-0.0031110834692882287,0.0027647274807029495,0.0027970903342396294,钢铁,False,rolling_48m_replay,0.002128502581005616
2022-08-31,801050.SI,0.0472865788244565,0.07252,-0.08015802712444461,-0.06951535733245139,-3.2408770008423795e-05,-0.000771806413315349,0.0002685509692935991,0.0012508548457164023,有色金属,False,rolling_48m_replay,0.001786519059746576
2022-08-31,801080.SI,0.07644828770868245,0.05624,-0.08976655669949943,-0.12176615124596891,-0.00102994438148289,0.0017996571972934438,0.0006466570131562413,-1.4371207107796193e-05,电子,False,rolling_48m_replay,-0.0014307410360745914
2022-08-31,801110.SI,0.0,0.01396,0.0,-0.013950206429104398,-0.0007936191573770692,0.0001947448817502974,-0.0001947448817502974,0.0001947448817502974,家用电器,False,rolling_48m_replay,0.0009883640391273665
2022-08-31,801120.SI,0.04911964473024911,0.03178,-0.04921075637789372,-0.03250623130339417,0.0006639954248018029,-0.0005308698068675957,-0.0002896505301793602,-0.0013841668393671132,食品饮料,False,rolling_48m_replay,-0.0012276419271219602
2022-08-31,801130.SI,0.015583202008582831,0.006939999999999999,-0.09019607843137234,-0.04746302322903492,0.0002017037521642152,-0.00029656740310422163,-0.00036935042855772377,-0.0010761503293685538,纺织服饰,False,rolling_48m_replay,-0.0006119362498708237
2022-08-31,801140.SI,0.01654312887399706,0.01202,-0.07747252747252731,-0.06123670374597447,4.325473806922133e-05,-0.00019515460119316506,-7.343672309069768e-05,-0.0005455728271456838,轻工制造,False,rolling_48m_replay,-0.00032023624093104237
2022-08-31,801150.SI,0.13180365787840762,0.09937,-0.0593796140243717,-0.047385649449470095,0.0007594038327949825,-0.0011918402598079729,-0.00038900814362809936,-0.0031177383460263396,医药生物,False,rolling_48m_replay,-0.00229629377538525
2022-08-31,801160.SI,0.05169313557817003,0.02623,-0.053165734442852344,-0.0594264784093315,0.0002895982976056344,0.00016421931424074818,0.00015941817243866866,-0.0011895469899905848,公用事业,False,rolling_48m_replay,-0.001802782774275636
2022-08-31,801170.SI,0.05114592611512002,0.037970000000000004,0.05017651347016353,0.015528270731862259,0.0011374511784018478,0.0013155937767732996,0.00045652268633860125,0.0019767158109704986,交通运输,False,rolling_48m_replay,-0.0009328518305432502
2022-08-31,801180.SI,0.048226966535787896,0.02284,-0.07006330800786094,-0.03383887607804496,0.0009383236130844327,-0.0008273660252769968,-0.0009196284411801648,-0.0026060608810591626,房地产,False,rolling_48m_replay,-0.0017973900276864337
2022-08-31,801200.SI,0.016957282363881804,0.01712,-0.0860655737704914,-0.033666509451260644,-6.042227635011976e-06,-0.0008970719811452305,8.526251880830539e-06,-0.00088306759443014,商贸零售,False,rolling_48m_replay,1.1520362469272043e-05
2022-08-31,801210.SI,0.0206429156258584,0.01095,-0.06565656565656541,-0.04779640620529801,0.00022296914357134277,-0.0001955687459913781,-0.00017311701862551246,-0.000831972297184099,社会服务,False,rolling_48m_replay,-0.0006862556761385512
2022-08-31,801710.SI,0.017005621552468205,0.012639999999999998,-0.04597701149425282,-0.05252429128505391,7.978358919422324e-05,8.275761655572582e-05,2.858294576476079e-05,-0.0001179606157416628,建筑材料,False,rolling_48m_replay,-0.00030908476725637264
2022-08-31,801720.SI,0.015786562191286293,0.01292,-0.10139164318464229,-0.09025147144487672,-5.575966593883558e-05,-0.0001439310188777712,-3.193399511364804e-05,-0.0004345764697432574,建筑装饰,False,rolling_48m_replay,-0.00020295178981300259
2022-08-31,801730.SI,0.039040417562004825,0.06874,-0.05102762916079329,-0.10597748412890635,0.0010447650165141466,0.0037772530305080917,-0.0016319877475813524,0.0052927523093845175,电力设备,False,rolling_48m_replay,0.0021027220099436314
2022-08-31,801740.SI,0.03715715855543643,0.04745,-0.10590818193175915,-0.05847784631924832,-0.00012682705370226758,-0.0022505694248136387,0.0004881929241220109,-0.0011604733005080494,国防军工,False,rolling_48m_replay,0.0007287302538858459
2022-08-31,801750.SI,0.016362044163569584,0.0398,-0.0163789287295264,-0.07594536299255364,0.00012060344063616327,0.002370744083668484,-0.0013961154555904682,0.0027546326918791654,计算机,False,rolling_48m_replay,0.001659400623164986
2022-08-31,801760.SI,0.03308978970904734,0.029679999999999998,-0.06885200030789211,-0.13171563068069395,-0.0002077104580752409,0.0018657925494647584,0.0002143517599185358,0.0016310217073675832,传媒,False,rolling_48m_replay,-0.0002414121439404701
2022-08-31,801770.SI,0.0,0.022,0.0,-0.006822551793607713,-0.0014074976184777408,0.00015009613945936968,-0.00015009613945936968,0.00015009613945936968,通信,False,rolling_48m_replay,0.0015575937579371101
2022-08-31,801780.SI,0.0,0.02237,0.0,-0.021336114178716965,-0.0011065007787790637,0.0004772888741778985,-0.0004772888741778985,0.0004772888741778985,银行,True,rolling_48m_replay,0.001583789652956962
2022-08-31,801790.SI,0.03917971927116107,0.0696,-0.10558931409892651,-0.10678957322107321,0.0010948215518463973,8.353803490141063e-05,-3.651221944305253e-05,0.003295594611756305,非银金融,True,rolling_48m_replay,0.0021537472444515494
2022-08-31,801880.SI,0.01607969692744337,0.024229999999999998,-0.022318214542836667,-0.11149012346998076,0.00033163915082665396,0.002160635353304701,-0.0007267780833146424,0.002342535565867161,汽车,False,rolling_48m_replay,0.0005770391450504483
2022-08-31,801890.SI,0.03474850401675116,0.03343,-0.06784292435788036,-0.09803001673334726,-3.590326053843752e-05,0.0010091544981118584,3.980180255109145e-05,0.000919703329837848,机械设备,False,rolling_48m_replay,-9.334971028666429e-05
2022-08-31,801950.SI,0.016506478750484766,0.02478,0.06774668630338754,0.03174888843902975,-0.0008484380601672091,0.0008920254310787859,-0.0002978285455665182,0.0003315217823634664,煤炭,False,rolling_48m_replay,0.0005857629570184078
2022-08-31,801960.SI,0.0,0.01572,0.0,-0.043361322045490036,-0.00043133155720723214,0.0006816399825551034,-0.0006816399825551034,0.0006816399825551034,石油石化,False,rolling_48m_replay,0.0011129715397623354
2022-08-31,801970.SI,0.0,0.013159999999999998,0.0,-0.07665411781814872,7.704392437536552e-05,0.001008768190486837,-0.001008768190486837,0.001008768190486837,环保,False,rolling_48m_replay,0.0009317242661114715
2022-08-31,801980.SI,0.016604154211905447,0.0084,-0.019299499642602136,-0.03951409825665381,0.00025667203479518165,0.00016980262835803402,0.00016584368436145004,1.146655707751201e-05,美容护理,False,rolling_48m_replay,-0.0005808517904371537
2022-08-31,999999.SI,0.06612632694959508,0.03773,-0.12501284547936298,-0.08173798066756235,-0.00031060653209802563,-0.0016327606493492374,-0.001228847209895418,-0.005182666282480437,未分类,False,rolling_48m_replay,-0.0020104518911377564
2022-09-30,801010.SI,0.03327538882294691,0.02127,-0.01637103543920387,0.025291622412126933,0.00013823801501434448,-0.0008861647324978062,-0.0005001764069026281,-0.001082705378379692,农林牧渔,False,rolling_48m_replay,0.00016539774600639779
2022-09-30,801030.SI,0.08195857704829221,0.05112,-0.019237751904761152,-0.05914892847388919,-0.0022489305904661336,0.002040259346213825,0.0012308038937150496,0.001446994451862918,基础化工,False,rolling_48m_replay,0.000424861802400177
2022-09-30,801040.SI,0.018377262792645534,0.03268,-0.03411513859275028,-0.0046793865070667556,0.00026397625532302034,-0.0009619603781601376,0.0004210118265823676,-0.00047402051607555395,钢铁,False,rolling_48m_replay,-0.00019704821982080431
2022-09-30,801050.SI,0.08989307393732734,0.07238,-0.06698780012097523,-0.028945375146288407,-0.0007481993914474289,-0.002753510719667832,-0.0006662398013369187,-0.003926673016085376,有色金属,False,rolling_48m_replay,0.00024127689636680317
2022-09-30,801080.SI,0.05375180041133301,0.05326,0.15585225433852637,0.07497532431521123,3.0097381381845464e-05,0.004307505293041764,3.977530745281744e-05,0.0043841534958326284,电子,False,rolling_48m_replay,6.775513956201913e-06
2022-09-30,801110.SI,0.015787234071715214,0.01488,-0.09661016949152545,-0.0819191011292353,-8.681872600712971e-05,-0.00021860309723087756,-1.3328237768167053e-05,-0.0003062511346677711,家用电器,False,rolling_48m_replay,1.249892633840323e-05
2022-09-30,801120.SI,0.015534797879435657,0.03293,-0.05499541704857913,-0.09136931512844651,0.0018290406854920799,0.0011977924637700328,-0.0006327313090121003,0.002154448859034797,食品饮料,False,rolling_48m_replay,-0.00023965298121521534
2022-09-30,801130.SI,0.015608695138738733,0.0071,-0.045689655172413635,-0.03337030520600857,-0.00040116169521267175,-8.746738476147598e-05,-0.00010482159317157197,-0.0004762267316176408,纺织服饰,False,rolling_48m_replay,0.00011722394152807882
2022-09-30,801140.SI,0.03532443489056071,0.01215,-0.0054876084082116005,-0.053930136887229696,-0.001569073678344598,0.0005885767210200698,0.0011226282221711377,0.0004614044972590766,轻工制造,False,rolling_48m_replay,0.0003192732324124671
2022-09-30,801150.SI,0.13095159825391905,0.10195,0.028238844458992014,0.10195466113108909,0.0025572943008233084,-0.007515327509720297,-0.002137876500083708,-0.006696355887565701,医药生物,False,rolling_48m_replay,0.00039955382141499546
2022-09-30,801160.SI,0.03528630348621826,0.026609999999999998,0.01953015791979759,-0.02097968531012799,-0.0003015591916053175,0.0010779669283483197,0.0003514756940419585,0.0012474165055942528,公用事业,False,rolling_48m_replay,0.00011953307480929202
2022-09-30,801170.SI,0.03621793248308133,0.04143,-0.055982081087095265,-0.04706718362828989,0.0003171237778306621,-0.00036934420171830663,4.646504746170027e-05,-7.756181535475038e-05,交通运输,False,rolling_48m_replay,-7.180643892880614e-05
2022-09-30,801180.SI,0.048592913090910864,0.0238,-0.07548394190491893,-0.07198112546682994,-0.002126192727622658,-8.336703122651792e-05,-8.684502352295421e-05,-0.0019548338426345372,房地产,False,rolling_48m_replay,0.0003415709397375931
2022-09-30,801200.SI,0.002515793844935791,0.01786,-0.058426966292135056,0.03234994619258959,-0.00028498774898227534,-0.001621275656977182,0.001392899659285837,-0.0007247602411756744,商贸零售,False,rolling_48m_replay,-0.0002113964945020542
2022-09-30,801210.SI,0.02089581059877269,0.01115,-0.07779419005416055,-0.046051649232389275,-0.0005830782813096478,-0.00035392933016274974,-0.0003093567907727932,-0.0011120967721155246,社会服务,False,rolling_48m_replay,0.0001342676301296661
2022-09-30,801710.SI,0.017213960593651104,0.01287,-0.0717131474103585,-0.1284063966548363,-0.0006176388927400065,0.0007296421177764293,0.0002462732406440518,0.00041812303137913915,建筑材料,False,rolling_48m_replay,5.9846565698664516e-05
2022-09-30,801720.SI,0.016134924855944626,0.012669999999999999,-0.030837034318040097,0.03654393873966504,7.888587502983888e-05,-0.0008537169286411241,-0.00023347000836537778,-0.0009605649353333187,建筑装饰,False,rolling_48m_replay,4.7736126643344295e-05
2022-09-30,801730.SI,0.03509009483801538,0.06555,-0.015776426955699602,0.00614381314286658,0.0002325048897965154,-0.0014368717384610132,0.0006676884345302583,-0.0009563232695954257,电力设备,False,rolling_48m_replay,-0.0004196448554611862
2022-09-30,801740.SI,0.033867653111143314,0.04826,-0.0032992548280811698,0.09651859994498334,-0.0011908464029328897,-0.004817209671348093,0.0014366131915954632,-0.004769725651387613,国防军工,False,rolling_48m_replay,-0.00019828276870209344
2022-09-30,801750.SI,0.03273980105018953,0.03969,0.17878309739726883,0.23424975612597054,-0.001532329805122948,-0.002201471684942171,0.00038550431324571843,-0.0034440497807165316,计算机,False,rolling_48m_replay,-9.575260389713125e-05
2022-09-30,801760.SI,0.05851971501440496,0.02776,-0.0696163148243781,-0.011975336680978778,-0.0007921332669246718,-0.0016001135532607653,-0.0017730200608425087,-0.003741491557611731,传媒,False,rolling_48m_replay,0.00042377532341621475
2022-09-30,801770.SI,0.0,0.023479999999999997,0.0,0.04183081323652933,-0.0006587045044879482,-0.0009821874947937086,0.0009821874947937086,-0.0009821874947937086,通信,False,rolling_48m_replay,-0.0003234829903057605
2022-09-30,801780.SI,0.0,0.0236,0.0,-0.049485163342351667,0.0014929860802294116,0.0011678498548794993,-0.0011678498548794993,0.0011678498548794993,银行,True,rolling_48m_replay,-0.0003251362253499121
2022-09-30,801790.SI,0.037076701682116915,0.06676,0.011905047411629682,0.014268240551801845,-1.4582865727573304e-05,-0.00015776677403789362,7.014736696250523e-05,-0.0005111478478458393,非银金融,True,rolling_48m_replay,-0.00040894557504287765
2022-09-30,801880.SI,0.0,0.02253,0.0,-0.01152697401308497,0.0005700976040543607,0.0002597027245148044,-0.0002597027245148044,0.0002597027245148044,汽车,False,rolling_48m_replay,-0.0003103948795395563
2022-09-30,801890.SI,0.018332955084995228,0.03245,-0.06710605152786098,-0.008246303537179228,0.00031090338219508067,-0.0019099988222976228,0.0008309257060703161,-0.0009626596788101848,机械设备,False,rolling_48m_replay,-0.00019448994477795872
2022-09-30,801950.SI,0.016202393113000448,0.02741,-0.17166212534059933,-0.12486654635599491,0.0015538619021175312,-0.0012826668199680071,0.000524466453308984,0.0006412547982362743,煤炭,False,rolling_48m_replay,-0.00015440673722223372
2022-09-30,801960.SI,0.0,0.01629,0.0,-0.11722250014278766,0.0021339811845696582,0.001909554527326011,-0.001909554527326011,0.001909554527326011,石油石化,False,rolling_48m_replay,-0.00022442665724364732
2022-09-30,801970.SI,0.016688586543662925,0.01292,-0.03406813627254479,-0.027577008371377228,-0.00015584600383704856,-8.386537248308491e-05,-2.4462377261535055e-05,-0.00021225409240747207,环保,False,rolling_48m_replay,5.1919661174196436e-05
2022-09-30,801980.SI,0.01678057439151356,0.0087,-0.030267411107845477,-0.0033311184255164555,-0.00013824308991872914,-0.00023434574633626247,-0.000217660716851142,-0.00047892381343173177,美容护理,False,rolling_48m_replay,0.00011132573967440187
2022-09-30,999999.SI,0.06738101980809255,0.038489999999999996,0.059718335635240774,0.1569766309527567,0.004137184567530138,-0.003743471786771188,-0.0028098913365196686,-0.0020181481690271274,未分类,False,rolling_48m_replay,0.0003980303867335915
2022-10-31,801010.SI,0.016809165771045017,0.02182174573965917,0.048414358342905264,0.06350488886603436,-2.3559989397469717e-05,-0.00032930172015228914,7.56424910159974e-05,-0.0005719825629752435,农林牧渔,False,rolling_48m_replay,-0.0002947633444414821
2022-10-31,801030.SI,0.071644651725982,0.04732378590287222,0.057769162439942824,0.09454185664335861,0.0008691581881276959,-0.0017402231075542391,-0.000894343761675522,-0.0003352270591389563,基础化工,False,rolling_48m_replay,0.001430181621963109
2022-10-31,801040.SI,0.017377253269595466,0.03210256820545643,0.0697674418604648,0.08795084019945293,-0.0004291858493016304,-0.0005837337853843497,0.00026775626714581135,-0.001611081339049063,钢铁,False,rolling_48m_replay,-0.0008659179715088943
2022-10-31,801050.SI,0.09581479219330186,0.06944555564445154,0.010939402266629957,0.06095404837034427,5.6676238125151485e-05,-0.0034732948890330443,-0.0013188480340158776,-0.0031848312029612493,有色金属,False,rolling_48m_replay,0.001550635481962521
2022-10-31,801080.SI,0.05576631742625339,0.05644451556124489,0.007057191259304194,0.015000724781690034,2.9707785549905698e-05,-0.0004483689015155779,5.387289620124552e-06,-0.0004531550754659164,电子,False,rolling_48m_replay,-3.988124912036878e-05
2022-10-31,801110.SI,0.04203773273362511,0.01344107528602288,0.005140613192808272,0.08702636109287436,0.000807044700442923,-0.0011006325023770781,-0.002341658682538904,-0.0009536281478317152,家用电器,False,rolling_48m_replay,0.0016816183366413437
2022-10-31,801120.SI,0.04767735391001489,0.02942235378830306,0.12368648978595859,0.1319977521833361,0.0013361388736560108,-0.00024453690268306085,-0.0001517220960757053,0.0020133599834137217,食品饮料,False,rolling_48m_replay,0.0010734801085164772
2022-10-31,801130.SI,0.0,0.006780542443395471,0.0,0.10241401026722792,-0.0002956946667016739,-0.0006944225434152785,0.0006944225434152785,-0.0006944225434152785,纺织服饰,False,rolling_48m_replay,-0.00039872787671360447
2022-10-31,801140.SI,0.01772948385918938,0.011310904872389789,0.01955914312325424,0.078923310013974,0.00012913278099199063,-0.0006714624445296027,-0.00038103359417363783,-0.0005459205394788772,轻工制造,False,rolling_48m_replay,0.00037744271823237274
2022-10-31,801150.SI,0.14043912603355313,0.11106888551084085,0.010519880309008753,0.08187128816330515,0.0006774707551281755,-0.007924921350006156,-0.0020956080103148272,-0.007615949935060425,医药生物,False,rolling_48m_replay,0.0017271086701323816
2022-10-31,801160.SI,0.033589467504507725,0.025652052164173128,0.02944384729975472,0.08079220854954706,0.00017452385597136716,-0.0013171908413244795,-0.00040757327028514436,-0.0010834827960889367,公用事业,False,rolling_48m_replay,0.00046675745954932
2022-10-31,801170.SI,0.05056518548939605,0.03875310024801983,0.08893403325021162,0.06673695677645666,9.369629723180344e-05,0.0008602055298003886,0.00026219375941734024,0.0019107019114112753,交通运输,False,rolling_48m_replay,0.000694606324961743
2022-10-31,801180.SI,0.015731290294653633,0.02184174733978718,0.10627177700348556,0.22264725823994036,-0.0010011528129145197,-0.0025418438577127895,0.000711107379202102,-0.003191212986202599,房地产,False,rolling_48m_replay,-0.00035932369477739137
2022-10-31,801200.SI,0.0,0.01829146331706536,0.0,-0.000888661244188927,0.0010918792309346046,1.625491454937942e-05,-1.625491454937942e-05,1.625491454937942e-05,商贸零售,False,rolling_48m_replay,-0.0010756243163852252
2022-10-31,801210.SI,0.020938901331898463,0.01041083286662933,0.11228813559322082,0.14794172479041018,0.0009384405251181007,-0.0003711835582273994,-0.00037536342810058957,0.0008109936211354533,社会服务,False,rolling_48m_replay,0.0006191000823453415
2022-10-31,801710.SI,0.0,0.011080886470917671,0.0,0.16727702728230504,-0.0012019693600142007,-0.00185357774850782,0.00185357774850782,-0.00185357774850782,建筑材料,False,rolling_48m_replay,-0.0006516083884936194
2022-10-31,801720.SI,0.015971821740996348,0.012851028082246578,0.176871216991259,0.0715443398784952,3.975773557209272e-05,0.0013535586555914617,0.00032870345018942953,0.0019055372279931375,建筑装饰,False,rolling_48m_replay,0.00018351738664015372
2022-10-31,801730.SI,0.03716433356069182,0.06499519961596927,0.179914546641373,0.04324359324069308,0.00043307953961762386,0.008882955897982025,-0.003803670997741388,0.0038757782490100056,电力设备,False,rolling_48m_replay,-0.0016365861908482558
2022-10-31,801740.SI,0.0218680388171781,0.05214417153372269,-0.021319219611816688,-0.04192659128434355,0.0030497544459293295,0.0010745543233514185,-0.0006239115196965846,0.0017200178457319408,国防军工,False,rolling_48m_replay,-0.0017803794038522222
2022-10-31,801750.SI,0.07692812918162668,0.04837386990959276,0.0026702846718332693,-0.003990362364136915,-0.0017930669654780274,0.0003222012732317363,0.00019018984238459687,0.0003984492740814015,计算机,False,rolling_48m_replay,0.0016791251239430959
2022-10-31,801760.SI,0.03324106602419915,0.026942155372429787,0.1263997021891536,0.14423744771631505,0.0005381331400982582,-0.00048058731148664804,-0.0001123583653045885,0.000315593119013087,传媒,False,rolling_48m_replay,0.0003704056557060654
2022-10-31,801770.SI,0.0,0.02411192895431634,0.0,-0.1521196176472809,0.005085792561877411,0.003667897413269003,-0.003667897413269003,0.003667897413269003,通信,False,rolling_48m_replay,-0.0014178951486084074
2022-10-31,801780.SI,0.0,0.022091767341387306,0.0,0.08836269624311534,-0.0006529880095674371,-0.0019520881270605822,0.0019520881270605822,-0.0019520881270605822,银行,True,rolling_48m_replay,-0.001299100117493145
2022-10-31,801790.SI,0.03696054453992667,0.06669533562685014,0.10949514522060078,0.09653943585778531,-0.0011220339941369715,0.0008640853842369024,-0.00038523531128621625,-0.0023917298839300077,非银金融,True,rolling_48m_replay,-0.0017485459627437224
2022-10-31,801880.SI,0.0,0.022631810544843582,0.0,0.07550962839750745,-0.0003780623991849222,-0.0017089196042039297,0.0017089196042039297,-0.0017089196042039297,汽车,False,rolling_48m_replay,-0.0013308572050190074
2022-10-31,801890.SI,0.016999501716738655,0.031812545003600284,-0.025762231151027826,0.053950388592851284,7.190737075752717e-05,-0.002535861302957031,0.0011807864867752222,-0.0021542442577507205,机械设备,False,rolling_48m_replay,-0.0008710768123264389
2022-10-31,801950.SI,0.01712682784801949,0.024081926554124326,0.1045349730976175,0.08386137404370514,-0.00017427152583222486,0.0004978600940257317,-0.00014378692203039607,-0.00022919096210821189,煤炭,False,rolling_48m_replay,-0.00040899260827132264
2022-10-31,801960.SI,0.015817722331927266,0.01453116249299944,0.15217391304347916,0.0639231550658975,6.585177380492645e-06,0.0012823861043026056,0.00011353988096889602,0.0014781669493568411,石油石化,False,rolling_48m_replay,7.565578670484688e-05
2022-10-31,801970.SI,0.016969643377081994,0.012360988879110326,0.047101449275362306,0.06532002417434278,3.0026801602029207e-05,-0.0002251996017195362,-8.396311715482009e-05,-8.125295655653383e-06,环保,False,rolling_48m_replay,0.0002710106216166737
2022-10-31,801980.SI,0.016587349769633514,0.008470677654212335,0.019842471978189336,0.04753119169880743,-9.150350513076103e-05,-0.00023454221941118808,-0.0002247402592680534,-7.348738040479258e-05,美容护理,False,rolling_48m_replay,0.0004772986034052099
2022-10-31,999999.SI,0.06824429636820663,0.04271341707336586,-0.06984887947249628,-0.026570285180843225,-0.0021796988650205195,-0.0018485766483283678,-0.0011049405669105788,-0.0036318799590205515,未分类,False,rolling_48m_replay,0.0015013361212389146
2022-11-30,801010.SI,0.01669081462286698,0.0218708748349934,-0.05946688448038322,-0.037939667641392436,-7.838258944828236e-05,-0.00047081906503132964,0.00011151227942547405,-0.00016277702279537845,农林牧渔,False,rolling_48m_replay,0.00027491235225875953
2022-11-30,801030.SI,0.03576770634369272,0.04887195487819512,-0.09659934923575275,-0.054714796381641895,2.1537233516946154e-05,-0.0020469799771794845,0.0005488655903567705,-0.0007811180965229861,基础化工,False,rolling_48m_replay,0.0006954590567827819
2022-11-30,801040.SI,0.031845065937776626,0.032981319252770105,-0.02051337721549288,-0.05950346112075357,7.308603281995939e-06,0.0012859444049716962,-4.430261208922637e-05,0.0013092527978345117,钢铁,False,rolling_48m_replay,6.030240167004589e-05
2022-11-30,801050.SI,0.06631733635550696,0.06946277851114044,-0.0920750571488857,-0.06152921244615128,2.6603982003166045e-05,-0.002121799245021733,9.608018760741435e-05,-0.0018321824787832664,有色金属,False,rolling_48m_replay,0.00016693259662788626
2022-11-30,801080.SI,0.051354423981348304,0.05381215248609944,-0.07286912668781474,-0.04687039458865913,-1.5240057873939592e-05,-0.0013990477361650099,6.389782496748308e-05,-0.001219955206388046,电子,False,rolling_48m_replay,0.00013043476268342034
2022-11-30,801110.SI,0.04420913798070511,0.013850554022160885,-0.09094162902520148,-0.032706003869547806,0.0006182605134559228,-0.0008065956722326926,-0.001767951115666222,-0.003567454752321054,家用电器,False,rolling_48m_replay,-0.0016111684778780618
2022-11-30,801120.SI,0.03173312275623618,0.03152126085043402,0.06543976880025149,0.05708583453236378,2.3338093209187397e-05,0.0002633265411854679,1.7698804349406876e-06,0.00027719073531874195,食品饮料,False,rolling_48m_replay,-1.124377951085406e-05
2022-11-30,801130.SI,0.0,0.007060282411296451,0.0,-0.00164463938103268,-0.00036308650581594624,1.1611618494830514e-05,-1.1611618494830514e-05,1.1611618494830514e-05,纺织服饰,False,rolling_48m_replay,0.00037469812431077676
2022-11-30,801140.SI,0.017002563964275436,0.011480459218368735,0.011624349954114876,0.006469603570082743,0.00032879091719708063,5.917885564291461e-05,2.846504947120925e-05,0.0001233697336926127,轻工制造,False,rolling_48m_replay,-0.00029306508861859175
2022-11-30,801150.SI,0.14247260917084056,0.11337453498139925,-0.019874433785184505,-0.07331784144715071,-0.000589136360931423,0.006059121491496768,0.001555100241084449,0.005480813742742331,医药生物,False,rolling_48m_replay,-0.0015442716289074633
2022-11-30,801160.SI,0.017436895511969634,0.026621064842593703,-0.07096774193548361,-0.04020084644109663,-0.00011820411053731458,-0.0008190475199613798,0.00028256837799806473,-0.00016726776101386761,公用事业,False,rolling_48m_replay,0.00048741549148676204
2022-11-30,801170.SI,0.05292232354631155,0.039041561662466494,0.02179024113834693,-0.03969790148198377,0.00018563248536539818,0.002400593111622175,0.0008535022663927152,0.002703058260255134,交通运输,False,rolling_48m_replay,-0.0007366696031251545
2022-11-30,801180.SI,0.03176092991228238,0.025221008840353613,-0.06650367051343203,-0.13265169241087377,-0.0005204497090557817,0.0016683198450472823,0.0004326028422734848,0.0012333910888958806,房地产,False,rolling_48m_replay,-0.0003470818893691048
2022-11-30,801200.SI,0.03320489690024721,0.0172206888275531,0.04627381681772453,-0.019556861101618715,0.0005357012177641842,0.0011336496197558808,0.001052251253429292,0.0018732999360881217,商贸零售,False,rolling_48m_replay,-0.0008483021548612354
2022-11-30,801210.SI,0.0,0.011320452818112723,0.0,0.021262132592603792,-0.0008414877290533726,-0.00024069696882702798,0.00024069696882702798,-0.00024069696882702798,社会服务,False,rolling_48m_replay,0.0006007907602263445
2022-11-30,801710.SI,0.03383251500159325,0.012240489619584783,-0.05055917570950659,-0.016329124236558204,0.0007933372527311307,-0.0004189925897324775,-0.0007390961402313577,-0.0015106675949455694,建筑材料,False,rolling_48m_replay,-0.001145916117712865
2022-11-30,801720.SI,0.01806855623761459,0.01299051962078483,-0.05281104464207615,-0.06849624179451472,-7.8328593030528e-05,0.00020375886136463154,7.965000548227693e-05,-6.441755710086228e-05,建筑装饰,False,rolling_48m_replay,-0.0002694978309172427
2022-11-30,801730.SI,0.03398882310274301,0.0641425657026281,-0.10531504591526811,-0.06457235961457884,0.00034680102319468943,-0.0026133404329435265,0.0012285444755388484,0.0005623023534805471,电力设备,False,rolling_48m_replay,0.0016002972876905358
2022-11-30,801740.SI,0.03254365269778689,0.046981879275171,0.06159908130655949,-0.03369074456560828,-0.00027982035643824954,0.004476895095278253,-0.001375816096461837,0.00358751360241544,国防军工,False,rolling_48m_replay,0.0007662549600372737
2022-11-30,801750.SI,0.06800949998570993,0.04559182367294691,-0.032593804785994794,-0.051297418680076604,3.976553004774855e-05,0.0008527318667058578,0.0004192915621564231,0.00012205450121204053,计算机,False,rolling_48m_replay,-0.001189734457697989
2022-11-30,801760.SI,0.050345903481932616,0.02914116564662586,-0.049777606772414246,-0.008160012305030523,0.0009523313557286768,-0.0012127852141881291,-0.0008824901800169847,-0.0022683063158661634,传媒,False,rolling_48m_replay,-0.0011253622773897264
2022-11-30,801770.SI,0.0,0.019190767630705225,0.0,-0.05994058252336467,0.00013182746146069525,0.001150305790855002,-0.001150305790855002,0.001150305790855002,通信,False,rolling_48m_replay,0.0010184783293943067
2022-11-30,801780.SI,0.0,0.022630905236209448,0.0,-0.03319907582817929,-0.00044972564756830637,0.0007513251389972572,-0.0007513251389972572,0.0007513251389972572,银行,True,rolling_48m_replay,0.0012010507865655635
2022-11-30,801790.SI,0.038666772571390645,0.06922276891075642,-0.07335576158133775,-0.07156059163379967,0.0005649597731969137,-0.0001242666344339629,5.4853206345512866e-05,0.002117191747916782,非银金融,True,rolling_48m_replay,0.0016216454028083183
2022-11-30,801880.SI,0.03308039029774408,0.023030921236849473,-0.07608109895810167,-0.05398980565627412,-9.230838097700682e-06,-0.0005087828360545306,-0.0002220057685518642,-0.0012733574861528345,汽车,False,rolling_48m_replay,-0.000533338043448739
2022-11-30,801890.SI,0.016274651567168872,0.031811272450898036,-0.04587155963302747,-0.08393066997404298,0.00047945086370681166,0.0012107087282968354,-0.0005913099685403742,0.0019233977596605574,机械设备,False,rolling_48m_replay,0.0008245481361972844
2022-11-30,801950.SI,0.015700883675357404,0.024600984039361572,-0.08620689655172398,-0.1007817613934971,0.0004246281994029726,0.00035855601734831257,-0.00012971775988357648,0.0011258060487279809,煤炭,False,rolling_48m_replay,0.00047233959186027217
2022-11-30,801960.SI,0.0,0.014560582423296931,0.0,-0.11989717062841332,0.0009730240956000217,0.001745772635255108,-0.001745772635255108,0.001745772635255108,石油石化,False,rolling_48m_replay,0.0007727485396550864
2022-11-30,801970.SI,0.01689825414865213,0.012410496419856793,-0.027491408934707695,-0.050906345007912544,9.715639913818978e-06,0.00029059098030768444,0.0001050805603317738,0.0001672161973854768,环保,False,rolling_48m_replay,-0.00023817098316780038
2022-11-30,801980.SI,0.0,0.008410336413456537,0.0,0.046352677650968975,-0.00083618881178191,-0.0003898416127091574,0.0003898416127091574,-0.0003898416127091574,美容护理,False,rolling_48m_replay,0.00044634719907275263
2022-11-30,999999.SI,0.06987226699660531,0.03933157326293051,-0.019977059094238143,-0.08179610500700092,-0.0008772765174717077,0.0024314403333622944,0.0018879965481296691,0.0018213270898656442,未分类,False,rolling_48m_replay,-0.0016208332741546117
